ticker,date,target_name,horizon,spike_percentile,embedding_variant,alignment_mode,evaluation_filter,actual_target,threshold,ts_only_prediction,embedding_prediction,abs_error_improvement,underprediction_reduction,has_target_text,has_sector_text,event_keyword_count,target_event_keyword_count,text_preview
BAC,2023-04-14,log_abs_return,1,80.0,target_sector_weighted,same_day_text,target_event_keyword,-3.5618096806632007,-3.7591263504342325,-6.0448754492892025,-4.653528364976029,1.3913470843131739,1.3913470843131739,1,1,3,1,"Article 17 reports analysts expect Bank of America's investment banking (IB) revenues to be materially weaker in Q1: Zacks consensus IB income ~ $1.13 billion (a ~22.4% decline YoY | Several large U.S. banks (JPMorgan Chase, Citigroup, Wells Fargo and others) reported Q1 results that beat expectations, driven largely by higher net interest income from rising"
BAC,2023-04-14,log_abs_return,1,85.0,target_sector_weighted,same_day_text,target_event_keyword,-3.5618096806632007,-3.5627330956552896,-6.0448754492892025,-4.653528364976029,1.3913470843131739,1.3913470843131739,1,1,3,1,"Article 17 reports analysts expect Bank of America's investment banking (IB) revenues to be materially weaker in Q1: Zacks consensus IB income ~ $1.13 billion (a ~22.4% decline YoY | Several large U.S. banks (JPMorgan Chase, Citigroup, Wells Fargo and others) reported Q1 results that beat expectations, driven largely by higher net interest income from rising"
BAC,2023-03-21,log_abs_return,1,85.0,target_sector_event_weighted,same_day_text,target_event_keyword,-3.3875012172686447,-3.5627330956552896,-5.383272297425473,-4.0128711753527515,1.370401122072722,1.370401122072722,1,1,6,2,Multiple articles report that Bank of America received material deposit inflows in the wake of recent regional bank failures: InvestorPlace and Motley Fool pieces note BAC gained r | Articles note that large banks—including Bank of America—are sitting on substantial unrealized losses on long-duration securities. The Motley Fool article specifically cites BAC
BAC,2023-03-21,log_abs_return,1,80.0,target_sector_event_weighted,same_day_text,target_event_keyword,-3.3875012172686447,-3.7591263504342325,-5.383272297425473,-4.0128711753527515,1.370401122072722,1.370401122072722,1,1,6,2,Multiple articles report that Bank of America received material deposit inflows in the wake of recent regional bank failures: InvestorPlace and Motley Fool pieces note BAC gained r | Articles note that large banks—including Bank of America—are sitting on substantial unrealized losses on long-duration securities. The Motley Fool article specifically cites BAC
ABT,2023-07-19,log_abs_return,1,80.0,target_sector_weighted,same_day_text,target_event_keyword,-3.1811566665718884,-4.013893356841336,-6.839569674811144,-5.552280645180131,1.2872890296310127,1.2872890296310127,1,1,6,1,"Article 2 (Earnings Calendar) lists Abbott Laboratories (ABT) as reporting results for the quarter ending June 30, 2023; the Zacks consensus EPS from 9 analysts is $1.04, which rep | Multiple articles highlight investor-facing products and strategies: Validea model lists of top Health Care stocks based on Peter Lynch and Martin Zweig (showing model-driven in"
ABT,2023-07-19,log_abs_return,1,90.0,target_sector_weighted,same_day_text,target_event_keyword,-3.1811566665718884,-3.650441061846967,-6.839569674811144,-5.552280645180131,1.2872890296310127,1.2872890296310127,1,1,6,1,"Article 2 (Earnings Calendar) lists Abbott Laboratories (ABT) as reporting results for the quarter ending June 30, 2023; the Zacks consensus EPS from 9 analysts is $1.04, which rep | Multiple articles highlight investor-facing products and strategies: Validea model lists of top Health Care stocks based on Peter Lynch and Martin Zweig (showing model-driven in"
ABT,2023-07-19,log_abs_return,1,95.0,target_sector_weighted,same_day_text,target_event_keyword,-3.1811566665718884,-3.418063142070021,-6.839569674811144,-5.552280645180131,1.2872890296310127,1.2872890296310127,1,1,6,1,"Article 2 (Earnings Calendar) lists Abbott Laboratories (ABT) as reporting results for the quarter ending June 30, 2023; the Zacks consensus EPS from 9 analysts is $1.04, which rep | Multiple articles highlight investor-facing products and strategies: Validea model lists of top Health Care stocks based on Peter Lynch and Martin Zweig (showing model-driven in"
ABT,2023-07-19,log_abs_return,1,85.0,target_sector_weighted,same_day_text,target_event_keyword,-3.1811566665718884,-3.8578272817240364,-6.839569674811144,-5.552280645180131,1.2872890296310127,1.2872890296310127,1,1,6,1,"Article 2 (Earnings Calendar) lists Abbott Laboratories (ABT) as reporting results for the quarter ending June 30, 2023; the Zacks consensus EPS from 9 analysts is $1.04, which rep | Multiple articles highlight investor-facing products and strategies: Validea model lists of top Health Care stocks based on Peter Lynch and Martin Zweig (showing model-driven in"
ABT,2023-11-10,log_abs_return,1,80.0,target_sector_weighted,same_day_text,target_event_keyword,-3.9537435205721567,-4.013893356841336,-5.30410449327118,-4.017763414007549,1.2863410792636314,1.2863410792636314,1,1,6,1,"Article 1 reports Abbott (ABT) delivered adjusted Q3 2023 EPS of $1.14 and total revenues of $10.14 billion, both beating consensus estimates. The article notes Abbott has outperfo | FDA approved Eli Lilly's tirzepatide for chronic weight management (to be marketed as Zepbound); Lilly already markets tirzepatide as Mounjaro for type 2 diabetes. Clinical tria"
BX,2023-03-20,log_abs_return,1,80.0,target_sector_event_weighted,shifted_1_day_text,target_event_keyword,-2.971144351449395,-3.603469438988649,-4.78340672504045,-3.550464721046564,1.232942003993886,1.232942003993886,1,1,6,1,"Article: Motley Fool (Article 8) reports Blackstone announced on March 14 that it will acquire conference and meeting-technology company Cvent for $4.6 billion, with the transactio | Article: Motley Fool (Article 8) notes that earlier investor sentiment was weak after mass redemption requests in Blackstone’s private REIT (BREIT) forced redemption limits, but"
BX,2023-03-20,log_abs_return,1,90.0,target_sector_event_weighted,shifted_1_day_text,target_event_keyword,-2.971144351449395,-3.2064744590502876,-4.78340672504045,-3.550464721046564,1.232942003993886,1.232942003993886,1,1,6,1,"Article: Motley Fool (Article 8) reports Blackstone announced on March 14 that it will acquire conference and meeting-technology company Cvent for $4.6 billion, with the transactio | Article: Motley Fool (Article 8) notes that earlier investor sentiment was weak after mass redemption requests in Blackstone’s private REIT (BREIT) forced redemption limits, but"
BX,2023-03-20,log_abs_return,1,85.0,target_sector_event_weighted,shifted_1_day_text,target_event_keyword,-2.971144351449395,-3.4268472672158237,-4.78340672504045,-3.550464721046564,1.232942003993886,1.232942003993886,1,1,6,1,"Article: Motley Fool (Article 8) reports Blackstone announced on March 14 that it will acquire conference and meeting-technology company Cvent for $4.6 billion, with the transactio | Article: Motley Fool (Article 8) notes that earlier investor sentiment was weak after mass redemption requests in Blackstone’s private REIT (BREIT) forced redemption limits, but"
ABT,2023-02-23,log_abs_return,1,80.0,target_sector_event_weighted,same_day_text,target_event_keyword,-3.8829096244897623,-4.013893356841336,-5.44377890334086,-4.226788589752545,1.2169903135883153,1.2169903135883153,1,1,5,1,Article: 'Is Abbott Stock A Better Pick Over This Pharmaceuticals Bellwether?' Key points: The piece compares Abbott (ABT) and Johnson & Johnson (JNJ). It notes ABT trading at ~4.1 | Medical sector Q4 reporting: 87.5% of companies (≈97.1% of sector market cap) reported; 73.5% beat earnings estimates and 71.4% beat sales. Revenues rose ~5.5% while earnings de
AXP,2023-01-04,log_abs_return,1,80.0,target_sector_weighted,shifted_1_day_text,target_event_keyword,-3.7205341660718596,-3.7262468742768147,-5.644289336612132,-4.513135370713577,1.1311539658985543,1.1311539658985543,1,1,6,2,"Articles note American Express is pursuing multiple growth initiatives: expanding digitized services and new product features, acquiring fintech Kabbage (small-business banking exp | Coverage cites management expectations that American Express revenues will increase ~23–25% for the year and a long-term target of more than 10% annual growth; analysts referenc"
C,2023-03-08,log_abs_return,1,80.0,target_sector_event_weighted,same_day_text,target_event_keyword,-3.1722829378047965,-3.7434251735950372,-5.566254805250982,-4.445822289348013,1.1204325159029693,1.1204325159029693,1,1,4,1,"Reuters (Articles 11 and 12) report Citigroup CFO Mark Mason said the bank will adjust its investment banking headcount as necessary following a recent drought in dealmaking. The c | Articles report persistent inflation (CPI +0.5% in Jan), Fed Chair Jerome Powell warning rate hikes may continue and markets pricing higher terminal rates (CME FedWatch moved to"
C,2023-03-08,log_abs_return,1,85.0,target_sector_event_weighted,same_day_text,target_event_keyword,-3.1722829378047965,-3.570739842936126,-5.566254805250982,-4.445822289348013,1.1204325159029693,1.1204325159029693,1,1,4,1,"Reuters (Articles 11 and 12) report Citigroup CFO Mark Mason said the bank will adjust its investment banking headcount as necessary following a recent drought in dealmaking. The c | Articles report persistent inflation (CPI +0.5% in Jan), Fed Chair Jerome Powell warning rate hikes may continue and markets pricing higher terminal rates (CME FedWatch moved to"
C,2023-03-08,log_abs_return,1,90.0,target_sector_event_weighted,same_day_text,target_event_keyword,-3.1722829378047965,-3.37895328487301,-5.566254805250982,-4.445822289348013,1.1204325159029693,1.1204325159029693,1,1,4,1,"Reuters (Articles 11 and 12) report Citigroup CFO Mark Mason said the bank will adjust its investment banking headcount as necessary following a recent drought in dealmaking. The c | Articles report persistent inflation (CPI +0.5% in Jan), Fed Chair Jerome Powell warning rate hikes may continue and markets pricing higher terminal rates (CME FedWatch moved to"
AXP,2023-10-19,log_abs_return,1,80.0,target_sector_weighted,shifted_1_day_text,target_event_keyword,-2.8949003326475866,-3.7262468742768147,-4.375581631019354,-3.2699899361957447,1.1055916948236089,1.1055916948236089,1,1,5,1,Analysts and previews expected American Express to modestly beat Q3 2023 consensus revenue and EPS (Articles 1 and 20). Trefis forecasted Q3 revenue marginally above consensus (~$1 | Articles report rising U.S. Treasury yields (10-year yield ~4.95–4.97% on Oct. 19) and Federal Reserve Chair Powell saying the FOMC might raise the policy rate if growth/labor-m
AXP,2023-10-19,log_abs_return,1,95.0,target_sector_weighted,shifted_1_day_text,target_event_keyword,-2.8949003326475866,-3.14656152475054,-4.375581631019354,-3.2699899361957447,1.1055916948236089,1.1055916948236089,1,1,5,1,Analysts and previews expected American Express to modestly beat Q3 2023 consensus revenue and EPS (Articles 1 and 20). Trefis forecasted Q3 revenue marginally above consensus (~$1 | Articles report rising U.S. Treasury yields (10-year yield ~4.95–4.97% on Oct. 19) and Federal Reserve Chair Powell saying the FOMC might raise the policy rate if growth/labor-m
AXP,2023-10-19,log_abs_return,1,85.0,target_sector_weighted,shifted_1_day_text,target_event_keyword,-2.8949003326475866,-3.5352569217700602,-4.375581631019354,-3.2699899361957447,1.1055916948236089,1.1055916948236089,1,1,5,1,Analysts and previews expected American Express to modestly beat Q3 2023 consensus revenue and EPS (Articles 1 and 20). Trefis forecasted Q3 revenue marginally above consensus (~$1 | Articles report rising U.S. Treasury yields (10-year yield ~4.95–4.97% on Oct. 19) and Federal Reserve Chair Powell saying the FOMC might raise the policy rate if growth/labor-m
AXP,2023-10-19,log_abs_return,1,90.0,target_sector_weighted,shifted_1_day_text,target_event_keyword,-2.8949003326475866,-3.370311825991873,-4.375581631019354,-3.2699899361957447,1.1055916948236089,1.1055916948236089,1,1,5,1,Analysts and previews expected American Express to modestly beat Q3 2023 consensus revenue and EPS (Articles 1 and 20). Trefis forecasted Q3 revenue marginally above consensus (~$1 | Articles report rising U.S. Treasury yields (10-year yield ~4.95–4.97% on Oct. 19) and Federal Reserve Chair Powell saying the FOMC might raise the policy rate if growth/labor-m
ABT,2023-07-19,log_abs_return,1,95.0,target_sector_event_weighted,same_day_text,target_event_keyword,-3.1811566665718884,-3.418063142070021,-6.839569674811144,-5.7385825810687825,1.1009870937423614,1.1009870937423614,1,1,6,1,"Article 2 (Earnings Calendar) lists Abbott Laboratories (ABT) as reporting results for the quarter ending June 30, 2023; the Zacks consensus EPS from 9 analysts is $1.04, which rep | Multiple articles highlight investor-facing products and strategies: Validea model lists of top Health Care stocks based on Peter Lynch and Martin Zweig (showing model-driven in"
ABT,2023-07-19,log_abs_return,1,90.0,target_sector_event_weighted,same_day_text,target_event_keyword,-3.1811566665718884,-3.650441061846967,-6.839569674811144,-5.7385825810687825,1.1009870937423614,1.1009870937423614,1,1,6,1,"Article 2 (Earnings Calendar) lists Abbott Laboratories (ABT) as reporting results for the quarter ending June 30, 2023; the Zacks consensus EPS from 9 analysts is $1.04, which rep | Multiple articles highlight investor-facing products and strategies: Validea model lists of top Health Care stocks based on Peter Lynch and Martin Zweig (showing model-driven in"
ABT,2023-07-19,log_abs_return,1,85.0,target_sector_event_weighted,same_day_text,target_event_keyword,-3.1811566665718884,-3.8578272817240364,-6.839569674811144,-5.7385825810687825,1.1009870937423614,1.1009870937423614,1,1,6,1,"Article 2 (Earnings Calendar) lists Abbott Laboratories (ABT) as reporting results for the quarter ending June 30, 2023; the Zacks consensus EPS from 9 analysts is $1.04, which rep | Multiple articles highlight investor-facing products and strategies: Validea model lists of top Health Care stocks based on Peter Lynch and Martin Zweig (showing model-driven in"
ABT,2023-07-19,log_abs_return,1,80.0,target_sector_event_weighted,same_day_text,target_event_keyword,-3.1811566665718884,-4.013893356841336,-6.839569674811144,-5.7385825810687825,1.1009870937423614,1.1009870937423614,1,1,6,1,"Article 2 (Earnings Calendar) lists Abbott Laboratories (ABT) as reporting results for the quarter ending June 30, 2023; the Zacks consensus EPS from 9 analysts is $1.04, which rep | Multiple articles highlight investor-facing products and strategies: Validea model lists of top Health Care stocks based on Peter Lynch and Martin Zweig (showing model-driven in"
C,2023-04-13,log_abs_return,1,80.0,target_sector_weighted,same_day_text,target_event_keyword,-3.064576604392959,-3.7434251735950372,-5.230599546394596,-4.148071034121875,1.082528512272721,1.082528512272721,1,1,5,2,Multiple earnings-preview articles note Citigroup (C) is scheduled to report Q1 results on April 14. Pre-release consensus and model commentary (Zacks / earnings calendars) show an | Several articles and models reference Citigroup’s inclusion in pre-earnings coverage: Zacks mentions Citi’s Earnings ESP (reported between +0.58% and +1.56% in different preview
C,2023-04-13,log_abs_return,1,90.0,target_sector_weighted,same_day_text,target_event_keyword,-3.064576604392959,-3.37895328487301,-5.230599546394596,-4.148071034121875,1.082528512272721,1.082528512272721,1,1,5,2,Multiple earnings-preview articles note Citigroup (C) is scheduled to report Q1 results on April 14. Pre-release consensus and model commentary (Zacks / earnings calendars) show an | Several articles and models reference Citigroup’s inclusion in pre-earnings coverage: Zacks mentions Citi’s Earnings ESP (reported between +0.58% and +1.56% in different preview
C,2023-04-13,log_abs_return,1,85.0,target_sector_weighted,same_day_text,target_event_keyword,-3.064576604392959,-3.570739842936126,-5.230599546394596,-4.148071034121875,1.082528512272721,1.082528512272721,1,1,5,2,Multiple earnings-preview articles note Citigroup (C) is scheduled to report Q1 results on April 14. Pre-release consensus and model commentary (Zacks / earnings calendars) show an | Several articles and models reference Citigroup’s inclusion in pre-earnings coverage: Zacks mentions Citi’s Earnings ESP (reported between +0.58% and +1.56% in different preview
BAC,2023-05-16,log_abs_return,1,85.0,target_sector_event_weighted,same_day_text,target_event_keyword,-3.1401840445842115,-3.5627330956552896,-4.672616063334711,-3.5985924588497995,1.0740236044849119,1.0740236044849119,1,1,4,1,"BofA Securities (Bank of America's brokerage/research arm) published or reiterated analyst coverage and buy/equal-weight recommendations for regional banks (articles noting BofA Se | A large investor (Berkshire Hathaway) disclosed purchases that increased its Bank of America holdings (article reporting Buffett added 22.75 million shares, raising Berkshire's "
BAC,2023-05-16,log_abs_return,1,90.0,target_sector_event_weighted,same_day_text,target_event_keyword,-3.1401840445842115,-3.371941668411282,-4.672616063334711,-3.5985924588497995,1.0740236044849119,1.0740236044849119,1,1,4,1,"BofA Securities (Bank of America's brokerage/research arm) published or reiterated analyst coverage and buy/equal-weight recommendations for regional banks (articles noting BofA Se | A large investor (Berkshire Hathaway) disclosed purchases that increased its Bank of America holdings (article reporting Buffett added 22.75 million shares, raising Berkshire's "
BAC,2023-05-16,log_abs_return,1,80.0,target_sector_event_weighted,same_day_text,target_event_keyword,-3.1401840445842115,-3.7591263504342325,-4.672616063334711,-3.5985924588497995,1.0740236044849119,1.0740236044849119,1,1,4,1,"BofA Securities (Bank of America's brokerage/research arm) published or reiterated analyst coverage and buy/equal-weight recommendations for regional banks (articles noting BofA Se | A large investor (Berkshire Hathaway) disclosed purchases that increased its Bank of America holdings (article reporting Buffett added 22.75 million shares, raising Berkshire's "
BAC,2023-03-21,log_abs_return,1,80.0,target_sector_weighted,same_day_text,target_event_keyword,-3.3875012172686447,-3.7591263504342325,-5.383272297425473,-4.339956282053199,1.043316015372274,1.043316015372274,1,1,6,2,Multiple articles report that Bank of America received material deposit inflows in the wake of recent regional bank failures: InvestorPlace and Motley Fool pieces note BAC gained r | Articles note that large banks—including Bank of America—are sitting on substantial unrealized losses on long-duration securities. The Motley Fool article specifically cites BAC
BAC,2023-03-21,log_abs_return,1,85.0,target_sector_weighted,same_day_text,target_event_keyword,-3.3875012172686447,-3.5627330956552896,-5.383272297425473,-4.339956282053199,1.043316015372274,1.043316015372274,1,1,6,2,Multiple articles report that Bank of America received material deposit inflows in the wake of recent regional bank failures: InvestorPlace and Motley Fool pieces note BAC gained r | Articles note that large banks—including Bank of America—are sitting on substantial unrealized losses on long-duration securities. The Motley Fool article specifically cites BAC
BAC,2023-04-14,log_abs_return,1,80.0,target_sector_event_weighted,same_day_text,target_event_keyword,-3.5618096806632007,-3.7591263504342325,-6.0448754492892025,-5.010086633111307,1.0347888161778958,1.0347888161778958,1,1,3,1,"Article 17 reports analysts expect Bank of America's investment banking (IB) revenues to be materially weaker in Q1: Zacks consensus IB income ~ $1.13 billion (a ~22.4% decline YoY | Several large U.S. banks (JPMorgan Chase, Citigroup, Wells Fargo and others) reported Q1 results that beat expectations, driven largely by higher net interest income from rising"
BAC,2023-04-14,log_abs_return,1,85.0,target_sector_event_weighted,same_day_text,target_event_keyword,-3.5618096806632007,-3.5627330956552896,-6.0448754492892025,-5.010086633111307,1.0347888161778958,1.0347888161778958,1,1,3,1,"Article 17 reports analysts expect Bank of America's investment banking (IB) revenues to be materially weaker in Q1: Zacks consensus IB income ~ $1.13 billion (a ~22.4% decline YoY | Several large U.S. banks (JPMorgan Chase, Citigroup, Wells Fargo and others) reported Q1 results that beat expectations, driven largely by higher net interest income from rising"
AMD,2023-05-25,log_abs_return,1,80.0,target_sector_weighted,same_day_text,target_event_keyword,-2.918417260325214,-3.2882544033767758,-5.772505619180798,-4.755354908425464,1.0171507107553337,1.0171507107553337,1,1,5,2,"AMD announced a new lineup: Ryzen and Athlon 7020 C‑Series processors for Chromebooks (6nm, Zen 2, RDNA2 integrated graphics) and the Radeon RX 7600 discrete graphics card (RDNA3)  | Articles report AMD’s recent Q1 top line weakness (first‑quarter revenues cited around $5.35B, year‑over‑year declines) and company guidance for a second quarter revenue target "
AMD,2023-05-25,log_abs_return,1,85.0,target_sector_weighted,same_day_text,target_event_keyword,-2.918417260325214,-3.1334976403546837,-5.772505619180798,-4.755354908425464,1.0171507107553337,1.0171507107553337,1,1,5,2,"AMD announced a new lineup: Ryzen and Athlon 7020 C‑Series processors for Chromebooks (6nm, Zen 2, RDNA2 integrated graphics) and the Radeon RX 7600 discrete graphics card (RDNA3)  | Articles report AMD’s recent Q1 top line weakness (first‑quarter revenues cited around $5.35B, year‑over‑year declines) and company guidance for a second quarter revenue target "
AMD,2023-05-25,log_abs_return,1,90.0,target_sector_weighted,same_day_text,target_event_keyword,-2.918417260325214,-2.930472296673667,-5.772505619180798,-4.755354908425464,1.0171507107553337,1.0171507107553337,1,1,5,2,"AMD announced a new lineup: Ryzen and Athlon 7020 C‑Series processors for Chromebooks (6nm, Zen 2, RDNA2 integrated graphics) and the Radeon RX 7600 discrete graphics card (RDNA3)  | Articles report AMD’s recent Q1 top line weakness (first‑quarter revenues cited around $5.35B, year‑over‑year declines) and company guidance for a second quarter revenue target "
ABT,2023-11-10,log_abs_return,1,80.0,target_sector_event_weighted,same_day_text,target_event_keyword,-3.9537435205721567,-4.013893356841336,-5.30410449327118,-4.287639692257946,1.0164648010132344,1.0164648010132344,1,1,6,1,"Article 1 reports Abbott (ABT) delivered adjusted Q3 2023 EPS of $1.14 and total revenues of $10.14 billion, both beating consensus estimates. The article notes Abbott has outperfo | FDA approved Eli Lilly's tirzepatide for chronic weight management (to be marketed as Zepbound); Lilly already markets tirzepatide as Mounjaro for type 2 diabetes. Clinical tria"
BAC,2023-11-13,log_abs_return,1,80.0,target_sector_weighted,same_day_text,target_event_keyword,-2.929553561161085,-3.7591263504342325,-7.261954603167962,-6.257794253892818,1.0041603492751436,1.0041603492751436,1,1,6,1,"Article 8 (InvestorPlace) highlights Bank of America’s Q3 results: an EPS beat (beat of eight cents), net interest income rose (noted $300 million quarter-over-quarter increase), a | Reuters coverage reports U.S. bank stocks remain depressed after 2023 regional bank failures; the S&P 500 bank index is down while the broader S&P 500 is up. Articles note the F"
BAC,2023-11-13,log_abs_return,1,85.0,target_sector_weighted,same_day_text,target_event_keyword,-2.929553561161085,-3.5627330956552896,-7.261954603167962,-6.257794253892818,1.0041603492751436,1.0041603492751436,1,1,6,1,"Article 8 (InvestorPlace) highlights Bank of America’s Q3 results: an EPS beat (beat of eight cents), net interest income rose (noted $300 million quarter-over-quarter increase), a | Reuters coverage reports U.S. bank stocks remain depressed after 2023 regional bank failures; the S&P 500 bank index is down while the broader S&P 500 is up. Articles note the F"
BAC,2023-11-13,log_abs_return,1,95.0,target_sector_weighted,same_day_text,target_event_keyword,-2.929553561161085,-3.129099964488391,-7.261954603167962,-6.257794253892818,1.0041603492751436,1.0041603492751436,1,1,6,1,"Article 8 (InvestorPlace) highlights Bank of America’s Q3 results: an EPS beat (beat of eight cents), net interest income rose (noted $300 million quarter-over-quarter increase), a | Reuters coverage reports U.S. bank stocks remain depressed after 2023 regional bank failures; the S&P 500 bank index is down while the broader S&P 500 is up. Articles note the F"
BAC,2023-11-13,log_abs_return,1,90.0,target_sector_weighted,same_day_text,target_event_keyword,-2.929553561161085,-3.371941668411282,-7.261954603167962,-6.257794253892818,1.0041603492751436,1.0041603492751436,1,1,6,1,"Article 8 (InvestorPlace) highlights Bank of America’s Q3 results: an EPS beat (beat of eight cents), net interest income rose (noted $300 million quarter-over-quarter increase), a | Reuters coverage reports U.S. bank stocks remain depressed after 2023 regional bank failures; the S&P 500 bank index is down while the broader S&P 500 is up. Articles note the F"
AMD,2023-01-31,log_abs_return,1,80.0,target_sector_weighted,same_day_text,target_event_keyword,-2.1292973485148927,-3.2882544033767758,-5.89132214300672,-4.9217654989212685,0.9695566440854515,0.9695566440854515,1,1,4,2,"AMD forecast Q1 revenue below Wall Street expectations, citing fears of fewer orders amid worsening PC demand and a slowing data‑center market. The company had already reduced ship | Multiple articles report AMD's data‑center business strength: Genoa chips launched in November with cloud customers (Microsoft Azure, Oracle, Google) signed on, with benchmarks "
AMD,2023-01-31,log_abs_return,1,95.0,target_sector_weighted,same_day_text,target_event_keyword,-2.1292973485148927,-2.6862575909914783,-5.89132214300672,-4.9217654989212685,0.9695566440854515,0.9695566440854515,1,1,4,2,"AMD forecast Q1 revenue below Wall Street expectations, citing fears of fewer orders amid worsening PC demand and a slowing data‑center market. The company had already reduced ship | Multiple articles report AMD's data‑center business strength: Genoa chips launched in November with cloud customers (Microsoft Azure, Oracle, Google) signed on, with benchmarks "
AMD,2023-01-31,log_abs_return,1,90.0,target_sector_weighted,same_day_text,target_event_keyword,-2.1292973485148927,-2.930472296673667,-5.89132214300672,-4.9217654989212685,0.9695566440854515,0.9695566440854515,1,1,4,2,"AMD forecast Q1 revenue below Wall Street expectations, citing fears of fewer orders amid worsening PC demand and a slowing data‑center market. The company had already reduced ship | Multiple articles report AMD's data‑center business strength: Genoa chips launched in November with cloud customers (Microsoft Azure, Oracle, Google) signed on, with benchmarks "
AMD,2023-01-31,log_abs_return,1,85.0,target_sector_weighted,same_day_text,target_event_keyword,-2.1292973485148927,-3.1334976403546837,-5.89132214300672,-4.9217654989212685,0.9695566440854515,0.9695566440854515,1,1,4,2,"AMD forecast Q1 revenue below Wall Street expectations, citing fears of fewer orders amid worsening PC demand and a slowing data‑center market. The company had already reduced ship | Multiple articles report AMD's data‑center business strength: Genoa chips launched in November with cloud customers (Microsoft Azure, Oracle, Google) signed on, with benchmarks "
C,2023-09-11,log_abs_return,1,80.0,target_sector_event_weighted,same_day_text,target_event_keyword,-3.6306106244256413,-3.7434251735950372,-5.065397410028471,-4.125771416463877,0.9396259935645936,0.9396259935645936,1,1,6,1,"Articles (3 and 4) reference Citigroup when comparing bank dividend yields, noting Citigroup's dividend yield of ~5.22% and that Citigroup shares had declined about 16.2% over the  | Articles describe renewed pressure and volatility in the regional banking space after earlier high‑profile failures; regulators revealed a plan to make some regional banks issue"
BAC,2023-08-21,log_abs_return,1,80.0,target_sector_weighted,shifted_1_day_text,target_event_keyword,-3.7026369458288366,-3.7591263504342325,-5.9313224048838755,-4.998032595025656,0.9332898098582199,0.9332898098582199,1,1,6,3,"InvestorPlace article cites Michael Gapen, Bank of America’s chief U.S. economist, stating he expects a mild recession in the year (article notes this view in context of consumer b | Fintel/KBWD report lists Bank of America as holding 375K shares of the Invesco KBW High Dividend Yield Financial ETF and notes the firm decreased its portfolio allocation in KBW"
ABT,2023-10-10,log_abs_return,1,80.0,target_sector_event_weighted,same_day_text,target_event_keyword,-2.9614011519220353,-4.013893356841336,-5.273091714205049,-4.360827040787646,0.9122646734174031,0.9122646734174031,1,1,6,2,"Article 3 reports Abbott announced a definitive agreement to acquire Bigfoot Biomedical (after working together since 2017) to combine Abbott’s FreeStyle Libre continuous glucose m | Article 3 projects a further decline in demand for rapid COVID-19 diagnostic tests in Q3, and notes Diagnostics will see organic growth in core lab areas but a drop in rapid-tes"
ABT,2023-10-10,log_abs_return,1,85.0,target_sector_event_weighted,same_day_text,target_event_keyword,-2.9614011519220353,-3.8578272817240364,-5.273091714205049,-4.360827040787646,0.9122646734174031,0.9122646734174031,1,1,6,2,"Article 3 reports Abbott announced a definitive agreement to acquire Bigfoot Biomedical (after working together since 2017) to combine Abbott’s FreeStyle Libre continuous glucose m | Article 3 projects a further decline in demand for rapid COVID-19 diagnostic tests in Q3, and notes Diagnostics will see organic growth in core lab areas but a drop in rapid-tes"
ABT,2023-10-10,log_abs_return,1,95.0,target_sector_event_weighted,same_day_text,target_event_keyword,-2.9614011519220353,-3.418063142070021,-5.273091714205049,-4.360827040787646,0.9122646734174031,0.9122646734174031,1,1,6,2,"Article 3 reports Abbott announced a definitive agreement to acquire Bigfoot Biomedical (after working together since 2017) to combine Abbott’s FreeStyle Libre continuous glucose m | Article 3 projects a further decline in demand for rapid COVID-19 diagnostic tests in Q3, and notes Diagnostics will see organic growth in core lab areas but a drop in rapid-tes"
ABT,2023-10-10,log_abs_return,1,90.0,target_sector_event_weighted,same_day_text,target_event_keyword,-2.9614011519220353,-3.650441061846967,-5.273091714205049,-4.360827040787646,0.9122646734174031,0.9122646734174031,1,1,6,2,"Article 3 reports Abbott announced a definitive agreement to acquire Bigfoot Biomedical (after working together since 2017) to combine Abbott’s FreeStyle Libre continuous glucose m | Article 3 projects a further decline in demand for rapid COVID-19 diagnostic tests in Q3, and notes Diagnostics will see organic growth in core lab areas but a drop in rapid-tes"
C,2023-03-08,log_abs_return,1,85.0,target_sector_weighted,same_day_text,target_event_keyword,-3.1722829378047965,-3.570739842936126,-5.566254805250982,-4.678860561706752,0.8873942435442306,0.8873942435442306,1,1,4,1,"Reuters (Articles 11 and 12) report Citigroup CFO Mark Mason said the bank will adjust its investment banking headcount as necessary following a recent drought in dealmaking. The c | Articles report persistent inflation (CPI +0.5% in Jan), Fed Chair Jerome Powell warning rate hikes may continue and markets pricing higher terminal rates (CME FedWatch moved to"
C,2023-03-08,log_abs_return,1,90.0,target_sector_weighted,same_day_text,target_event_keyword,-3.1722829378047965,-3.37895328487301,-5.566254805250982,-4.678860561706752,0.8873942435442306,0.8873942435442306,1,1,4,1,"Reuters (Articles 11 and 12) report Citigroup CFO Mark Mason said the bank will adjust its investment banking headcount as necessary following a recent drought in dealmaking. The c | Articles report persistent inflation (CPI +0.5% in Jan), Fed Chair Jerome Powell warning rate hikes may continue and markets pricing higher terminal rates (CME FedWatch moved to"
C,2023-03-08,log_abs_return,1,80.0,target_sector_weighted,same_day_text,target_event_keyword,-3.1722829378047965,-3.7434251735950372,-5.566254805250982,-4.678860561706752,0.8873942435442306,0.8873942435442306,1,1,4,1,"Reuters (Articles 11 and 12) report Citigroup CFO Mark Mason said the bank will adjust its investment banking headcount as necessary following a recent drought in dealmaking. The c | Articles report persistent inflation (CPI +0.5% in Jan), Fed Chair Jerome Powell warning rate hikes may continue and markets pricing higher terminal rates (CME FedWatch moved to"
AMGN,2023-12-12,log_abs_return,1,85.0,target_sector_weighted,same_day_text,target_event_keyword,-3.5947659095966964,-3.9850435594172993,-6.311307038587852,-5.468615464971702,0.8426915736161504,0.8426915736161504,1,1,6,1,Article reports Amgen (AMGN) closed at $273.99 (+0.68%) and outperformed the S&P 500 on the latest session. Consensus quarter EPS forecast $4.67 (+14% YoY) and revenue $8.07 billio | Public Citizen filed a petition with the U.S. FDA asking that makers of Botox and six similar botulinum-toxin injections add stronger warnings about risk of systemic iatrogenic 
AMGN,2023-12-12,log_abs_return,1,80.0,target_sector_weighted,same_day_text,target_event_keyword,-3.5947659095966964,-4.166675797552926,-6.311307038587852,-5.468615464971702,0.8426915736161504,0.8426915736161504,1,1,6,1,Article reports Amgen (AMGN) closed at $273.99 (+0.68%) and outperformed the S&P 500 on the latest session. Consensus quarter EPS forecast $4.67 (+14% YoY) and revenue $8.07 billio | Public Citizen filed a petition with the U.S. FDA asking that makers of Botox and six similar botulinum-toxin injections add stronger warnings about risk of systemic iatrogenic 
AMGN,2023-12-12,log_abs_return,1,90.0,target_sector_weighted,same_day_text,target_event_keyword,-3.5947659095966964,-3.7808209189212634,-6.311307038587852,-5.468615464971702,0.8426915736161504,0.8426915736161504,1,1,6,1,Article reports Amgen (AMGN) closed at $273.99 (+0.68%) and outperformed the S&P 500 on the latest session. Consensus quarter EPS forecast $4.67 (+14% YoY) and revenue $8.07 billio | Public Citizen filed a petition with the U.S. FDA asking that makers of Botox and six similar botulinum-toxin injections add stronger warnings about risk of systemic iatrogenic 
BAC,2023-11-13,log_abs_return,1,95.0,target_sector_event_weighted,same_day_text,target_event_keyword,-2.929553561161085,-3.129099964488391,-7.261954603167962,-6.42026303142984,0.8416915717381217,0.8416915717381217,1,1,6,1,"Article 8 (InvestorPlace) highlights Bank of America’s Q3 results: an EPS beat (beat of eight cents), net interest income rose (noted $300 million quarter-over-quarter increase), a | Reuters coverage reports U.S. bank stocks remain depressed after 2023 regional bank failures; the S&P 500 bank index is down while the broader S&P 500 is up. Articles note the F"
BAC,2023-11-13,log_abs_return,1,85.0,target_sector_event_weighted,same_day_text,target_event_keyword,-2.929553561161085,-3.5627330956552896,-7.261954603167962,-6.42026303142984,0.8416915717381217,0.8416915717381217,1,1,6,1,"Article 8 (InvestorPlace) highlights Bank of America’s Q3 results: an EPS beat (beat of eight cents), net interest income rose (noted $300 million quarter-over-quarter increase), a | Reuters coverage reports U.S. bank stocks remain depressed after 2023 regional bank failures; the S&P 500 bank index is down while the broader S&P 500 is up. Articles note the F"
BAC,2023-11-13,log_abs_return,1,90.0,target_sector_event_weighted,same_day_text,target_event_keyword,-2.929553561161085,-3.371941668411282,-7.261954603167962,-6.42026303142984,0.8416915717381217,0.8416915717381217,1,1,6,1,"Article 8 (InvestorPlace) highlights Bank of America’s Q3 results: an EPS beat (beat of eight cents), net interest income rose (noted $300 million quarter-over-quarter increase), a | Reuters coverage reports U.S. bank stocks remain depressed after 2023 regional bank failures; the S&P 500 bank index is down while the broader S&P 500 is up. Articles note the F"
BAC,2023-11-13,log_abs_return,1,80.0,target_sector_event_weighted,same_day_text,target_event_keyword,-2.929553561161085,-3.7591263504342325,-7.261954603167962,-6.42026303142984,0.8416915717381217,0.8416915717381217,1,1,6,1,"Article 8 (InvestorPlace) highlights Bank of America’s Q3 results: an EPS beat (beat of eight cents), net interest income rose (noted $300 million quarter-over-quarter increase), a | Reuters coverage reports U.S. bank stocks remain depressed after 2023 regional bank failures; the S&P 500 bank index is down while the broader S&P 500 is up. Articles note the F"
BX,2023-03-20,log_abs_return,1,80.0,target_sector_weighted,shifted_1_day_text,target_event_keyword,-2.971144351449395,-3.603469438988649,-4.78340672504045,-3.9509695249756724,0.8324372000647777,0.8324372000647777,1,1,6,1,"Article: Motley Fool (Article 8) reports Blackstone announced on March 14 that it will acquire conference and meeting-technology company Cvent for $4.6 billion, with the transactio | Article: Motley Fool (Article 8) notes that earlier investor sentiment was weak after mass redemption requests in Blackstone’s private REIT (BREIT) forced redemption limits, but"
BX,2023-03-20,log_abs_return,1,85.0,target_sector_weighted,shifted_1_day_text,target_event_keyword,-2.971144351449395,-3.4268472672158237,-4.78340672504045,-3.9509695249756724,0.8324372000647777,0.8324372000647777,1,1,6,1,"Article: Motley Fool (Article 8) reports Blackstone announced on March 14 that it will acquire conference and meeting-technology company Cvent for $4.6 billion, with the transactio | Article: Motley Fool (Article 8) notes that earlier investor sentiment was weak after mass redemption requests in Blackstone’s private REIT (BREIT) forced redemption limits, but"
BX,2023-03-20,log_abs_return,1,90.0,target_sector_weighted,shifted_1_day_text,target_event_keyword,-2.971144351449395,-3.2064744590502876,-4.78340672504045,-3.9509695249756724,0.8324372000647777,0.8324372000647777,1,1,6,1,"Article: Motley Fool (Article 8) reports Blackstone announced on March 14 that it will acquire conference and meeting-technology company Cvent for $4.6 billion, with the transactio | Article: Motley Fool (Article 8) notes that earlier investor sentiment was weak after mass redemption requests in Blackstone’s private REIT (BREIT) forced redemption limits, but"
C,2023-12-12,log_abs_return,1,80.0,target_sector_event_weighted,same_day_text,target_event_keyword,-3.638766403499264,-3.7434251735950372,-6.015411105241381,-5.2153276536896165,0.8000834515517647,0.8000834515517647,1,1,6,1,"Article 11/12 report that Citigroup 'has commenced the elimination of various job positions' as part of a major organizational overhaul and simplification of its operating model; t | Goldman Sachs is shifting focus to expand its private credit business, appointing new global heads and targeting to double a $110 billion private credit business; Goldman has di"
ABT,2023-10-17,log_abs_return,1,90.0,target_sector_weighted,same_day_text,target_event_keyword,-3.3119439417949845,-3.650441061846967,-4.378914321175857,-3.5903508726420994,0.788563448533758,0.788563448533758,1,1,4,1,"Articles report Abbott's recent revenue weakness driven by a sharp falloff in COVID‑19 testing demand (Article 1 compares Abbott's recent revenue trends and notes COVID testing dro | Article 1 presents a direct comparison between Abbott and Amgen, noting ABT trades at a lower revenue multiple (3.9x trailing revenues) versus historical averages and versus Amg"
ABT,2023-10-17,log_abs_return,1,80.0,target_sector_weighted,same_day_text,target_event_keyword,-3.3119439417949845,-4.013893356841336,-4.378914321175857,-3.5903508726420994,0.788563448533758,0.788563448533758,1,1,4,1,"Articles report Abbott's recent revenue weakness driven by a sharp falloff in COVID‑19 testing demand (Article 1 compares Abbott's recent revenue trends and notes COVID testing dro | Article 1 presents a direct comparison between Abbott and Amgen, noting ABT trades at a lower revenue multiple (3.9x trailing revenues) versus historical averages and versus Amg"
ABT,2023-10-17,log_abs_return,1,85.0,target_sector_weighted,same_day_text,target_event_keyword,-3.3119439417949845,-3.8578272817240364,-4.378914321175857,-3.5903508726420994,0.788563448533758,0.788563448533758,1,1,4,1,"Articles report Abbott's recent revenue weakness driven by a sharp falloff in COVID‑19 testing demand (Article 1 compares Abbott's recent revenue trends and notes COVID testing dro | Article 1 presents a direct comparison between Abbott and Amgen, noting ABT trades at a lower revenue multiple (3.9x trailing revenues) versus historical averages and versus Amg"
ABT,2023-10-17,log_abs_return,1,95.0,target_sector_weighted,same_day_text,target_event_keyword,-3.3119439417949845,-3.418063142070021,-4.378914321175857,-3.5903508726420994,0.788563448533758,0.788563448533758,1,1,4,1,"Articles report Abbott's recent revenue weakness driven by a sharp falloff in COVID‑19 testing demand (Article 1 compares Abbott's recent revenue trends and notes COVID testing dro | Article 1 presents a direct comparison between Abbott and Amgen, noting ABT trades at a lower revenue multiple (3.9x trailing revenues) versus historical averages and versus Amg"
BAC,2023-07-17,log_abs_return,1,90.0,target_sector_weighted,same_day_text,target_event_keyword,-3.1403422682683755,-3.371941668411282,-5.537018894191267,-4.765083541080048,0.7719353531112185,0.7719353531112185,1,1,5,2,"Zacks reports (Article 7) that Bank of America's markets/trading business was a weak spot in Q2 2023: market volatility and client activity were muted (partly due to Congressional  | Earnings calendars (Articles 9 and 11) show BAC scheduled to report Q2 2023 results on July 18, with a consensus EPS estimate around $0.84 (11 analysts cited), implying roughly "
BAC,2023-07-17,log_abs_return,1,85.0,target_sector_weighted,same_day_text,target_event_keyword,-3.1403422682683755,-3.5627330956552896,-5.537018894191267,-4.765083541080048,0.7719353531112185,0.7719353531112185,1,1,5,2,"Zacks reports (Article 7) that Bank of America's markets/trading business was a weak spot in Q2 2023: market volatility and client activity were muted (partly due to Congressional  | Earnings calendars (Articles 9 and 11) show BAC scheduled to report Q2 2023 results on July 18, with a consensus EPS estimate around $0.84 (11 analysts cited), implying roughly "
BAC,2023-07-17,log_abs_return,1,80.0,target_sector_weighted,same_day_text,target_event_keyword,-3.1403422682683755,-3.7591263504342325,-5.537018894191267,-4.765083541080048,0.7719353531112185,0.7719353531112185,1,1,5,2,"Zacks reports (Article 7) that Bank of America's markets/trading business was a weak spot in Q2 2023: market volatility and client activity were muted (partly due to Congressional  | Earnings calendars (Articles 9 and 11) show BAC scheduled to report Q2 2023 results on July 18, with a consensus EPS estimate around $0.84 (11 analysts cited), implying roughly "
AMD,2023-10-31,log_abs_return,1,85.0,target_sector_weighted,same_day_text,target_event_keyword,-2.3811415224952293,-3.1334976403546837,-4.359229626949047,-3.6001666990308583,0.7590629279181891,0.7590629279181891,1,1,4,2,"AMD reported Q3 results and on Oct. 31 forecast fourth-quarter revenue of about $6.1 billion +/- $300 million, below consensus estimates; shares fell after the announcement. Articl | Articles report AMD plans to launch and ramp its most advanced AI chips in Q4 and that demand for programmable chips (Xilinx-derived products) has slowed in some industries (e.g"
AMD,2023-10-31,log_abs_return,1,80.0,target_sector_weighted,same_day_text,target_event_keyword,-2.3811415224952293,-3.2882544033767758,-4.359229626949047,-3.6001666990308583,0.7590629279181891,0.7590629279181891,1,1,4,2,"AMD reported Q3 results and on Oct. 31 forecast fourth-quarter revenue of about $6.1 billion +/- $300 million, below consensus estimates; shares fell after the announcement. Articl | Articles report AMD plans to launch and ramp its most advanced AI chips in Q4 and that demand for programmable chips (Xilinx-derived products) has slowed in some industries (e.g"
AMD,2023-10-31,log_abs_return,1,95.0,target_sector_weighted,same_day_text,target_event_keyword,-2.3811415224952293,-2.6862575909914783,-4.359229626949047,-3.6001666990308583,0.7590629279181891,0.7590629279181891,1,1,4,2,"AMD reported Q3 results and on Oct. 31 forecast fourth-quarter revenue of about $6.1 billion +/- $300 million, below consensus estimates; shares fell after the announcement. Articl | Articles report AMD plans to launch and ramp its most advanced AI chips in Q4 and that demand for programmable chips (Xilinx-derived products) has slowed in some industries (e.g"
AMD,2023-10-31,log_abs_return,1,90.0,target_sector_weighted,same_day_text,target_event_keyword,-2.3811415224952293,-2.930472296673667,-4.359229626949047,-3.6001666990308583,0.7590629279181891,0.7590629279181891,1,1,4,2,"AMD reported Q3 results and on Oct. 31 forecast fourth-quarter revenue of about $6.1 billion +/- $300 million, below consensus estimates; shares fell after the announcement. Articl | Articles report AMD plans to launch and ramp its most advanced AI chips in Q4 and that demand for programmable chips (Xilinx-derived products) has slowed in some industries (e.g"
BX,2023-11-13,log_abs_return,1,85.0,target_sector_weighted,same_day_text,target_event_keyword,-3.0255373989329177,-3.4268472672158237,-6.03874855159415,-5.300051093588665,0.7386974580054853,0.7386974580054853,1,1,6,1,Validea published a guru-fundamental report for Blackstone Inc. (BX) showing BX scored highest under the Multi-Factor Investor model (Pim van Vliet) with an overall strategy rating | Reuters coverage reports U.S. bank stocks remain depressed after 2023 regional bank failures; the S&P 500 bank index is down while the broader S&P 500 is up. Articles note the F
BX,2023-11-13,log_abs_return,1,90.0,target_sector_weighted,same_day_text,target_event_keyword,-3.0255373989329177,-3.2064744590502876,-6.03874855159415,-5.300051093588665,0.7386974580054853,0.7386974580054853,1,1,6,1,Validea published a guru-fundamental report for Blackstone Inc. (BX) showing BX scored highest under the Multi-Factor Investor model (Pim van Vliet) with an overall strategy rating | Reuters coverage reports U.S. bank stocks remain depressed after 2023 regional bank failures; the S&P 500 bank index is down while the broader S&P 500 is up. Articles note the F
BX,2023-11-13,log_abs_return,1,80.0,target_sector_weighted,same_day_text,target_event_keyword,-3.0255373989329177,-3.603469438988649,-6.03874855159415,-5.300051093588665,0.7386974580054853,0.7386974580054853,1,1,6,1,Validea published a guru-fundamental report for Blackstone Inc. (BX) showing BX scored highest under the Multi-Factor Investor model (Pim van Vliet) with an overall strategy rating | Reuters coverage reports U.S. bank stocks remain depressed after 2023 regional bank failures; the S&P 500 bank index is down while the broader S&P 500 is up. Articles note the F
AMD,2023-05-24,log_abs_return,1,95.0,target_sector_weighted,same_day_text,target_event_keyword,-2.246430917135289,-2.6862575909914783,-5.443726034963236,-4.714874094967254,0.7288519399959821,0.7288519399959821,1,1,5,1,"Bloomberg/press coverage reported that Microsoft will work with AMD on a homegrown Microsoft processor for AI workloads, code-named 'Athena,' and will provide financial and enginee | Coverage notes AMD's recent quarterly results were only moderately above consensus and that AMD's current‑quarter revenue guidance ($5.0–$5.6B in the cited piece) was softer tha"
AMD,2023-05-24,log_abs_return,1,80.0,target_sector_weighted,same_day_text,target_event_keyword,-2.246430917135289,-3.2882544033767758,-5.443726034963236,-4.714874094967254,0.7288519399959821,0.7288519399959821,1,1,5,1,"Bloomberg/press coverage reported that Microsoft will work with AMD on a homegrown Microsoft processor for AI workloads, code-named 'Athena,' and will provide financial and enginee | Coverage notes AMD's recent quarterly results were only moderately above consensus and that AMD's current‑quarter revenue guidance ($5.0–$5.6B in the cited piece) was softer tha"
AMD,2023-05-24,log_abs_return,1,90.0,target_sector_weighted,same_day_text,target_event_keyword,-2.246430917135289,-2.930472296673667,-5.443726034963236,-4.714874094967254,0.7288519399959821,0.7288519399959821,1,1,5,1,"Bloomberg/press coverage reported that Microsoft will work with AMD on a homegrown Microsoft processor for AI workloads, code-named 'Athena,' and will provide financial and enginee | Coverage notes AMD's recent quarterly results were only moderately above consensus and that AMD's current‑quarter revenue guidance ($5.0–$5.6B in the cited piece) was softer tha"
AMD,2023-05-24,log_abs_return,1,85.0,target_sector_weighted,same_day_text,target_event_keyword,-2.246430917135289,-3.1334976403546837,-5.443726034963236,-4.714874094967254,0.7288519399959821,0.7288519399959821,1,1,5,1,"Bloomberg/press coverage reported that Microsoft will work with AMD on a homegrown Microsoft processor for AI workloads, code-named 'Athena,' and will provide financial and enginee | Coverage notes AMD's recent quarterly results were only moderately above consensus and that AMD's current‑quarter revenue guidance ($5.0–$5.6B in the cited piece) was softer tha"
BAC,2023-06-05,log_abs_return,1,80.0,target_sector_weighted,same_day_text,target_event_keyword,-3.7343398708490634,-3.7591263504342325,-5.867268047587801,-5.149452632908163,0.717815414679638,0.717815414679638,1,1,5,1,"Article 17 reports B of A Securities (Bank of America’s research arm) reiterated coverage of Aflac with a Buy recommendation and published a price target/analysis. | Articles 10 and 15 note that Bank of America is a disclosed institutional holder in several closed-end funds (e.g., holdings in BlackRock Credit Allocation Income Trust (BTZ) and R | Multiple Re"
AMD,2023-05-05,log_abs_return,1,90.0,target_sector_event_weighted,same_day_text,target_event_keyword,-2.8776364764873534,-2.930472296673667,-5.039950660023541,-4.333309107699224,0.7066415523243172,0.7066415523243172,1,1,6,2,"Article 12 reports AMD’s Q1 2023 results: consolidated revenue of $5.35 billion (down ~9% year‑over‑year), operating loss after Q1 charges, and management guidance for Q2 revenue a | Article 12 documents an ~8% pullback in AMD share price following the Q1 release and tepid guidance; chart commentary describes a potential technical bottom and mentions a flurr"
AMD,2023-05-05,log_abs_return,1,80.0,target_sector_event_weighted,same_day_text,target_event_keyword,-2.8776364764873534,-3.2882544033767758,-5.039950660023541,-4.333309107699224,0.7066415523243172,0.7066415523243172,1,1,6,2,"Article 12 reports AMD’s Q1 2023 results: consolidated revenue of $5.35 billion (down ~9% year‑over‑year), operating loss after Q1 charges, and management guidance for Q2 revenue a | Article 12 documents an ~8% pullback in AMD share price following the Q1 release and tepid guidance; chart commentary describes a potential technical bottom and mentions a flurr"
AMD,2023-05-05,log_abs_return,1,85.0,target_sector_event_weighted,same_day_text,target_event_keyword,-2.8776364764873534,-3.1334976403546837,-5.039950660023541,-4.333309107699224,0.7066415523243172,0.7066415523243172,1,1,6,2,"Article 12 reports AMD’s Q1 2023 results: consolidated revenue of $5.35 billion (down ~9% year‑over‑year), operating loss after Q1 charges, and management guidance for Q2 revenue a | Article 12 documents an ~8% pullback in AMD share price following the Q1 release and tepid guidance; chart commentary describes a potential technical bottom and mentions a flurr"
AXP,2023-07-26,log_abs_return,1,80.0,target_sector_weighted,same_day_text,target_event_keyword,-3.686863977235102,-3.7262468742768147,-5.31118297224703,-4.619958736556245,0.6912242356907852,0.6912242356907852,1,1,5,1,"American Express reported Q2 2023 total revenues (net of interest expense) of $15,054 million (≈12% y/y growth) and net income of $2,174 million (diluted EPS $2.89). Management att | Federal Reserve raised the federal funds rate by 25 basis points (articles 20, 21). Coverage notes movements in 10-year Treasury yields and commentary that insurers and asset ma"
BX,2023-10-18,log_abs_return,1,95.0,target_sector_weighted,same_day_text,target_event_keyword,-2.497661401604466,-2.9448115295407438,-4.927640096159671,-4.238440132787176,0.689199963372495,0.689199963372495,1,1,6,1,"Validea published a factor-based report rating BLACKSTONE INC (BX) using 22 guru strategies; BX scored highest on the 'Twin Momentum Investor' model (88% rating) where it passed fu | Multiple articles report U.S. banks' Q3 results showing higher net interest income as banks charged more for loans amid higher policy rates, allowing several regional and large "
BX,2023-10-18,log_abs_return,1,80.0,target_sector_weighted,same_day_text,target_event_keyword,-2.497661401604466,-3.603469438988649,-4.927640096159671,-4.238440132787176,0.689199963372495,0.689199963372495,1,1,6,1,"Validea published a factor-based report rating BLACKSTONE INC (BX) using 22 guru strategies; BX scored highest on the 'Twin Momentum Investor' model (88% rating) where it passed fu | Multiple articles report U.S. banks' Q3 results showing higher net interest income as banks charged more for loans amid higher policy rates, allowing several regional and large "
BX,2023-10-18,log_abs_return,1,90.0,target_sector_weighted,same_day_text,target_event_keyword,-2.497661401604466,-3.2064744590502876,-4.927640096159671,-4.238440132787176,0.689199963372495,0.689199963372495,1,1,6,1,"Validea published a factor-based report rating BLACKSTONE INC (BX) using 22 guru strategies; BX scored highest on the 'Twin Momentum Investor' model (88% rating) where it passed fu | Multiple articles report U.S. banks' Q3 results showing higher net interest income as banks charged more for loans amid higher policy rates, allowing several regional and large "
BX,2023-10-18,log_abs_return,1,85.0,target_sector_weighted,same_day_text,target_event_keyword,-2.497661401604466,-3.4268472672158237,-4.927640096159671,-4.238440132787176,0.689199963372495,0.689199963372495,1,1,6,1,"Validea published a factor-based report rating BLACKSTONE INC (BX) using 22 guru strategies; BX scored highest on the 'Twin Momentum Investor' model (88% rating) where it passed fu | Multiple articles report U.S. banks' Q3 results showing higher net interest income as banks charged more for loans amid higher policy rates, allowing several regional and large "
C,2023-04-13,log_abs_return,1,80.0,target_sector_event_weighted,same_day_text,target_event_keyword,-3.064576604392959,-3.7434251735950372,-5.230599546394596,-4.549429615982572,0.6811699304120244,0.6811699304120244,1,1,5,2,Multiple earnings-preview articles note Citigroup (C) is scheduled to report Q1 results on April 14. Pre-release consensus and model commentary (Zacks / earnings calendars) show an | Several articles and models reference Citigroup’s inclusion in pre-earnings coverage: Zacks mentions Citi’s Earnings ESP (reported between +0.58% and +1.56% in different preview
C,2023-04-13,log_abs_return,1,85.0,target_sector_event_weighted,same_day_text,target_event_keyword,-3.064576604392959,-3.570739842936126,-5.230599546394596,-4.549429615982572,0.6811699304120244,0.6811699304120244,1,1,5,2,Multiple earnings-preview articles note Citigroup (C) is scheduled to report Q1 results on April 14. Pre-release consensus and model commentary (Zacks / earnings calendars) show an | Several articles and models reference Citigroup’s inclusion in pre-earnings coverage: Zacks mentions Citi’s Earnings ESP (reported between +0.58% and +1.56% in different preview
C,2023-04-13,log_abs_return,1,90.0,target_sector_event_weighted,same_day_text,target_event_keyword,-3.064576604392959,-3.37895328487301,-5.230599546394596,-4.549429615982572,0.6811699304120244,0.6811699304120244,1,1,5,2,Multiple earnings-preview articles note Citigroup (C) is scheduled to report Q1 results on April 14. Pre-release consensus and model commentary (Zacks / earnings calendars) show an | Several articles and models reference Citigroup’s inclusion in pre-earnings coverage: Zacks mentions Citi’s Earnings ESP (reported between +0.58% and +1.56% in different preview
AMD,2023-12-08,log_abs_return,1,80.0,target_sector_event_weighted,same_day_text,target_event_keyword,-3.1771866563961346,-3.2882544033767758,-5.617788034675921,-4.945567199325109,0.6722208353508119,0.6722208353508119,1,1,6,3,"AMD launched the MI300X/MI300A AI data-center accelerators and announced adoption by major customers (Microsoft, Meta, Dell and others) at its Advancing AI event (Article 1). Cover | AMD management left 2024 guidance unchanged even after highlighting an accelerating AI opportunity (Article 1). At the Barclays Global Technology Conference, CFO Jean Hu reitera"
AMD,2023-01-31,log_abs_return,1,95.0,target_sector_event_weighted,same_day_text,target_event_keyword,-2.1292973485148927,-2.6862575909914783,-5.89132214300672,-5.220907110293704,0.6704150327130156,0.6704150327130156,1,1,4,2,"AMD forecast Q1 revenue below Wall Street expectations, citing fears of fewer orders amid worsening PC demand and a slowing data‑center market. The company had already reduced ship | Multiple articles report AMD's data‑center business strength: Genoa chips launched in November with cloud customers (Microsoft Azure, Oracle, Google) signed on, with benchmarks "
AMD,2023-01-31,log_abs_return,1,80.0,target_sector_event_weighted,same_day_text,target_event_keyword,-2.1292973485148927,-3.2882544033767758,-5.89132214300672,-5.220907110293704,0.6704150327130156,0.6704150327130156,1,1,4,2,"AMD forecast Q1 revenue below Wall Street expectations, citing fears of fewer orders amid worsening PC demand and a slowing data‑center market. The company had already reduced ship | Multiple articles report AMD's data‑center business strength: Genoa chips launched in November with cloud customers (Microsoft Azure, Oracle, Google) signed on, with benchmarks "
AMD,2023-01-31,log_abs_return,1,85.0,target_sector_event_weighted,same_day_text,target_event_keyword,-2.1292973485148927,-3.1334976403546837,-5.89132214300672,-5.220907110293704,0.6704150327130156,0.6704150327130156,1,1,4,2,"AMD forecast Q1 revenue below Wall Street expectations, citing fears of fewer orders amid worsening PC demand and a slowing data‑center market. The company had already reduced ship | Multiple articles report AMD's data‑center business strength: Genoa chips launched in November with cloud customers (Microsoft Azure, Oracle, Google) signed on, with benchmarks "
AMD,2023-01-31,log_abs_return,1,90.0,target_sector_event_weighted,same_day_text,target_event_keyword,-2.1292973485148927,-2.930472296673667,-5.89132214300672,-5.220907110293704,0.6704150327130156,0.6704150327130156,1,1,4,2,"AMD forecast Q1 revenue below Wall Street expectations, citing fears of fewer orders amid worsening PC demand and a slowing data‑center market. The company had already reduced ship | Multiple articles report AMD's data‑center business strength: Genoa chips launched in November with cloud customers (Microsoft Azure, Oracle, Google) signed on, with benchmarks "
ABT,2023-02-23,log_abs_return,1,80.0,target_sector_weighted,same_day_text,target_event_keyword,-3.8829096244897623,-4.013893356841336,-5.44377890334086,-4.786345841757569,0.6574330615832906,0.6574330615832906,1,1,5,1,Article: 'Is Abbott Stock A Better Pick Over This Pharmaceuticals Bellwether?' Key points: The piece compares Abbott (ABT) and Johnson & Johnson (JNJ). It notes ABT trading at ~4.1 | Medical sector Q4 reporting: 87.5% of companies (≈97.1% of sector market cap) reported; 73.5% beat earnings estimates and 71.4% beat sales. Revenues rose ~5.5% while earnings de
BAC,2023-11-01,log_abs_return,1,95.0,target_sector_event_weighted,same_day_text,target_event_keyword,-3.0971885862879835,-3.129099964488391,-5.450011150785214,-4.8028370908119715,0.6471740599732421,0.6471740599732421,1,1,6,1,"Article 1 reports Bank of America posted Q3 profit of $7.8 billion (90 cents/share) and revenue of $25.32 billion (up 3% YoY), beating analyst expectations. The article attributes  | Article 17 shows Bank of America reduced its reported holding in Woori Financial Group to 135,000 ADR shares, a decline of 19.09% from the prior filing. | U.S. Federal Reserve l"
BAC,2023-11-01,log_abs_return,1,85.0,target_sector_event_weighted,same_day_text,target_event_keyword,-3.0971885862879835,-3.5627330956552896,-5.450011150785214,-4.8028370908119715,0.6471740599732421,0.6471740599732421,1,1,6,1,"Article 1 reports Bank of America posted Q3 profit of $7.8 billion (90 cents/share) and revenue of $25.32 billion (up 3% YoY), beating analyst expectations. The article attributes  | Article 17 shows Bank of America reduced its reported holding in Woori Financial Group to 135,000 ADR shares, a decline of 19.09% from the prior filing. | U.S. Federal Reserve l"
BAC,2023-11-01,log_abs_return,1,90.0,target_sector_event_weighted,same_day_text,target_event_keyword,-3.0971885862879835,-3.371941668411282,-5.450011150785214,-4.8028370908119715,0.6471740599732421,0.6471740599732421,1,1,6,1,"Article 1 reports Bank of America posted Q3 profit of $7.8 billion (90 cents/share) and revenue of $25.32 billion (up 3% YoY), beating analyst expectations. The article attributes  | Article 17 shows Bank of America reduced its reported holding in Woori Financial Group to 135,000 ADR shares, a decline of 19.09% from the prior filing. | U.S. Federal Reserve l"
BAC,2023-11-01,log_abs_return,1,80.0,target_sector_event_weighted,same_day_text,target_event_keyword,-3.0971885862879835,-3.7591263504342325,-5.450011150785214,-4.8028370908119715,0.6471740599732421,0.6471740599732421,1,1,6,1,"Article 1 reports Bank of America posted Q3 profit of $7.8 billion (90 cents/share) and revenue of $25.32 billion (up 3% YoY), beating analyst expectations. The article attributes  | Article 17 shows Bank of America reduced its reported holding in Woori Financial Group to 135,000 ADR shares, a decline of 19.09% from the prior filing. | U.S. Federal Reserve l"
BX,2023-11-13,log_abs_return,1,80.0,target_sector_event_weighted,same_day_text,target_event_keyword,-3.0255373989329177,-3.603469438988649,-6.03874855159415,-5.399433444512805,0.6393151070813445,0.6393151070813445,1,1,6,1,Validea published a guru-fundamental report for Blackstone Inc. (BX) showing BX scored highest under the Multi-Factor Investor model (Pim van Vliet) with an overall strategy rating | Reuters coverage reports U.S. bank stocks remain depressed after 2023 regional bank failures; the S&P 500 bank index is down while the broader S&P 500 is up. Articles note the F
BX,2023-11-13,log_abs_return,1,85.0,target_sector_event_weighted,same_day_text,target_event_keyword,-3.0255373989329177,-3.4268472672158237,-6.03874855159415,-5.399433444512805,0.6393151070813445,0.6393151070813445,1,1,6,1,Validea published a guru-fundamental report for Blackstone Inc. (BX) showing BX scored highest under the Multi-Factor Investor model (Pim van Vliet) with an overall strategy rating | Reuters coverage reports U.S. bank stocks remain depressed after 2023 regional bank failures; the S&P 500 bank index is down while the broader S&P 500 is up. Articles note the F
BX,2023-11-13,log_abs_return,1,90.0,target_sector_event_weighted,same_day_text,target_event_keyword,-3.0255373989329177,-3.2064744590502876,-6.03874855159415,-5.399433444512805,0.6393151070813445,0.6393151070813445,1,1,6,1,Validea published a guru-fundamental report for Blackstone Inc. (BX) showing BX scored highest under the Multi-Factor Investor model (Pim van Vliet) with an overall strategy rating | Reuters coverage reports U.S. bank stocks remain depressed after 2023 regional bank failures; the S&P 500 bank index is down while the broader S&P 500 is up. Articles note the F
AXP,2023-10-19,log_abs_return,1,80.0,target_sector_weighted,same_day_text,target_event_keyword,-2.8949003326475866,-3.7262468742768147,-4.375581631019354,-3.7373920569139805,0.6381895741053731,0.6381895741053731,1,1,5,1,Analysts and previews expected American Express to modestly beat Q3 2023 consensus revenue and EPS (Articles 1 and 20). Trefis forecasted Q3 revenue marginally above consensus (~$1 | Articles report rising U.S. Treasury yields (10-year yield ~4.95–4.97% on Oct. 19) and Federal Reserve Chair Powell saying the FOMC might raise the policy rate if growth/labor-m
AXP,2023-10-19,log_abs_return,1,95.0,target_sector_weighted,same_day_text,target_event_keyword,-2.8949003326475866,-3.14656152475054,-4.375581631019354,-3.7373920569139805,0.6381895741053731,0.6381895741053731,1,1,5,1,Analysts and previews expected American Express to modestly beat Q3 2023 consensus revenue and EPS (Articles 1 and 20). Trefis forecasted Q3 revenue marginally above consensus (~$1 | Articles report rising U.S. Treasury yields (10-year yield ~4.95–4.97% on Oct. 19) and Federal Reserve Chair Powell saying the FOMC might raise the policy rate if growth/labor-m
AXP,2023-10-19,log_abs_return,1,90.0,target_sector_weighted,same_day_text,target_event_keyword,-2.8949003326475866,-3.370311825991873,-4.375581631019354,-3.7373920569139805,0.6381895741053731,0.6381895741053731,1,1,5,1,Analysts and previews expected American Express to modestly beat Q3 2023 consensus revenue and EPS (Articles 1 and 20). Trefis forecasted Q3 revenue marginally above consensus (~$1 | Articles report rising U.S. Treasury yields (10-year yield ~4.95–4.97% on Oct. 19) and Federal Reserve Chair Powell saying the FOMC might raise the policy rate if growth/labor-m
AXP,2023-10-19,log_abs_return,1,85.0,target_sector_weighted,same_day_text,target_event_keyword,-2.8949003326475866,-3.5352569217700602,-4.375581631019354,-3.7373920569139805,0.6381895741053731,0.6381895741053731,1,1,5,1,Analysts and previews expected American Express to modestly beat Q3 2023 consensus revenue and EPS (Articles 1 and 20). Trefis forecasted Q3 revenue marginally above consensus (~$1 | Articles report rising U.S. Treasury yields (10-year yield ~4.95–4.97% on Oct. 19) and Federal Reserve Chair Powell saying the FOMC might raise the policy rate if growth/labor-m
AMD,2023-11-02,log_abs_return,1,80.0,target_sector_weighted,same_day_text,target_event_keyword,-3.214570188726079,-3.2882544033767758,-5.252804432630181,-4.616357443190795,0.6364469894393858,0.6364469894393858,1,1,6,3,"AMD reported Q3 revenue of $5.8 billion and non‑GAAP EPS of $0.70, beating consensus. Management guided Q4 revenue roughly $6.1 billion (±$300M) and disclosed expectations for Data | AMD stated production of MI300A/MI300X GPUs is underway with launches expected in Q4. Management indicated ambition for rapid MI300 sales ramp (management stated MI300 could be "
AMD,2023-03-07,log_abs_return,1,80.0,target_sector_weighted,same_day_text,target_event_keyword,-3.2458626134964184,-3.2882544033767758,-4.71211168693757,-4.078288660184439,0.6338230267531308,0.6338230267531308,1,1,5,1,"Articles note AMD's recent revenue mix shift: analysts and commentators cite AMD’s data center business becoming its highest‑earning segment and the embedded/Xilinx-derived busines | Coverage highlights AMD’s role as a supplier for major consoles (PlayStation 5, Xbox Series X|S) and notes partnerships with VR headset makers and platform vendors (Microsoft Wi"
BAC,2023-10-20,log_abs_return,1,85.0,target_sector_event_weighted,same_day_text,target_event_keyword,-3.5568229509670113,-3.5627330956552896,-4.977806251767593,-4.344243272716737,0.6335629790508559,0.6335629790508559,1,1,6,1,"Article 22 (Motley Fool) summarizes Bank of America management comments from its Q3 call: CEO Brian Moynihan indicated expectations for only ~1% year‑over‑year expense growth in Q4 | Big U.S. banks (JPMorgan, Bank of America, Wells Fargo, Citigroup, Goldman Sachs, Morgan Stanley) reported upbeat Q3 results and beat consensus estimates. At the same time, mid-"
BAC,2023-10-20,log_abs_return,1,80.0,target_sector_event_weighted,same_day_text,target_event_keyword,-3.5568229509670113,-3.7591263504342325,-4.977806251767593,-4.344243272716737,0.6335629790508559,0.6335629790508559,1,1,6,1,"Article 22 (Motley Fool) summarizes Bank of America management comments from its Q3 call: CEO Brian Moynihan indicated expectations for only ~1% year‑over‑year expense growth in Q4 | Big U.S. banks (JPMorgan, Bank of America, Wells Fargo, Citigroup, Goldman Sachs, Morgan Stanley) reported upbeat Q3 results and beat consensus estimates. At the same time, mid-"
BAC,2023-08-14,log_abs_return,1,80.0,target_sector_weighted,shifted_1_day_text,target_event_keyword,-3.4255584454418977,-3.7591263504342325,-5.82119833875076,-5.189520671744815,0.6316776670059445,0.6316776670059445,1,1,6,2,"After‑hours trading list flagged Bank of America (BAC) as one of the most active names (3,499,172 shares traded) with a last sale around $30.93. Over the prior four weeks BAC had t | Moody's cut the credit ratings of multiple small- to mid-sized U.S. banks and placed several large lenders (e.g., BNY Mellon, U.S. Bancorp, Truist) on review for potential downg"
BAC,2023-08-14,log_abs_return,1,85.0,target_sector_weighted,shifted_1_day_text,target_event_keyword,-3.4255584454418977,-3.5627330956552896,-5.82119833875076,-5.189520671744815,0.6316776670059445,0.6316776670059445,1,1,6,2,"After‑hours trading list flagged Bank of America (BAC) as one of the most active names (3,499,172 shares traded) with a last sale around $30.93. Over the prior four weeks BAC had t | Moody's cut the credit ratings of multiple small- to mid-sized U.S. banks and placed several large lenders (e.g., BNY Mellon, U.S. Bancorp, Truist) on review for potential downg"
BAC,2023-07-18,log_abs_return,1,80.0,target_sector_weighted,same_day_text,target_event_keyword,-3.623956536252743,-3.7591263504342325,-5.476839020465767,-4.857518489059656,0.6193205314061112,0.6193205314061112,1,1,4,3,"Article 12 reports Bank of America’s Q2 results: EPS $0.88 and revenue ~$25.3B, both beating consensus. Management reaffirmed NII guidance ($57B) and the Global Banking division ge | Article 11 describes Bank of America agreeing to pay $250M to settle regulatory claims (CFPB and OCC) over alleged double-charging and other account actions; the bank did not ad"
ABT,2023-02-08,log_abs_return,1,80.0,target_sector_event_weighted,same_day_text,target_event_keyword,-3.936425781719119,-4.013893356841336,-5.967832082098828,-5.353761365614134,0.6140707164846937,0.6140707164846937,1,1,5,3,"Abbott announced agreement to acquire Cardiovascular Systems Inc. for about $890 million, offering $20 per share to CSI stockholders. The deal is subject to CSI shareholder approva | A Motley Fool article highlighted Abbott as a Dividend King with a longstanding dividend record, reporting an annual dividend of $2.04 (yield ~1.84%) and noting Abbott’s diversi"
AMD,2023-05-25,log_abs_return,1,85.0,target_sector_event_weighted,same_day_text,target_event_keyword,-2.918417260325214,-3.1334976403546837,-5.772505619180798,-5.163453511686616,0.6090521074941817,0.6090521074941817,1,1,5,2,"AMD announced a new lineup: Ryzen and Athlon 7020 C‑Series processors for Chromebooks (6nm, Zen 2, RDNA2 integrated graphics) and the Radeon RX 7600 discrete graphics card (RDNA3)  | Articles report AMD’s recent Q1 top line weakness (first‑quarter revenues cited around $5.35B, year‑over‑year declines) and company guidance for a second quarter revenue target "
AMD,2023-05-25,log_abs_return,1,80.0,target_sector_event_weighted,same_day_text,target_event_keyword,-2.918417260325214,-3.2882544033767758,-5.772505619180798,-5.163453511686616,0.6090521074941817,0.6090521074941817,1,1,5,2,"AMD announced a new lineup: Ryzen and Athlon 7020 C‑Series processors for Chromebooks (6nm, Zen 2, RDNA2 integrated graphics) and the Radeon RX 7600 discrete graphics card (RDNA3)  | Articles report AMD’s recent Q1 top line weakness (first‑quarter revenues cited around $5.35B, year‑over‑year declines) and company guidance for a second quarter revenue target "
AMD,2023-05-25,log_abs_return,1,90.0,target_sector_event_weighted,same_day_text,target_event_keyword,-2.918417260325214,-2.930472296673667,-5.772505619180798,-5.163453511686616,0.6090521074941817,0.6090521074941817,1,1,5,2,"AMD announced a new lineup: Ryzen and Athlon 7020 C‑Series processors for Chromebooks (6nm, Zen 2, RDNA2 integrated graphics) and the Radeon RX 7600 discrete graphics card (RDNA3)  | Articles report AMD’s recent Q1 top line weakness (first‑quarter revenues cited around $5.35B, year‑over‑year declines) and company guidance for a second quarter revenue target "
AMD,2023-03-13,log_abs_return,1,85.0,target_sector_weighted,same_day_text,target_event_keyword,-2.745347952573422,-3.1334976403546837,-4.089855286326551,-3.481797639557394,0.608057646769157,0.608057646769157,1,1,6,1,"Articles (notably Article 14) report AMD’s Q4 results: revenue of $5.6 billion (up ~16% year‑over‑year) and non‑GAAP EPS of $0.69, beating estimates; reported net income fell sharp | Multiple articles describe a surge in generative AI interest and corporate investment: ChatGPT’s release sparked an AI race (Articles 4, 9). C3.ai reported stronger-than-expecte"
AMD,2023-03-13,log_abs_return,1,90.0,target_sector_weighted,same_day_text,target_event_keyword,-2.745347952573422,-2.930472296673667,-4.089855286326551,-3.481797639557394,0.608057646769157,0.608057646769157,1,1,6,1,"Articles (notably Article 14) report AMD’s Q4 results: revenue of $5.6 billion (up ~16% year‑over‑year) and non‑GAAP EPS of $0.69, beating estimates; reported net income fell sharp | Multiple articles describe a surge in generative AI interest and corporate investment: ChatGPT’s release sparked an AI race (Articles 4, 9). C3.ai reported stronger-than-expecte"
AMD,2023-03-13,log_abs_return,1,80.0,target_sector_weighted,same_day_text,target_event_keyword,-2.745347952573422,-3.2882544033767758,-4.089855286326551,-3.481797639557394,0.608057646769157,0.608057646769157,1,1,6,1,"Articles (notably Article 14) report AMD’s Q4 results: revenue of $5.6 billion (up ~16% year‑over‑year) and non‑GAAP EPS of $0.69, beating estimates; reported net income fell sharp | Multiple articles describe a surge in generative AI interest and corporate investment: ChatGPT’s release sparked an AI race (Articles 4, 9). C3.ai reported stronger-than-expecte"
BX,2023-06-02,log_abs_return,1,85.0,target_sector_weighted,same_day_text,target_event_keyword,-3.2217249807143045,-3.4268472672158237,-4.91015504996265,-4.303065860965207,0.6070891889974428,0.6070891889974428,1,1,6,2,Articles show strong yield and investor demand for Blackstone-affiliated credit vehicles: InvestorPlace (Article 12) describes Blackstone Secured Lending Fund (BXSL) as a Blackston | FDIC data showed Q1 2023 earnings for FDIC-insured banks rose 33.6% YoY driven by higher net interest income and a 77 bps increase in NIM; net charge-offs and provisions rose sh
BX,2023-06-02,log_abs_return,1,80.0,target_sector_weighted,same_day_text,target_event_keyword,-3.2217249807143045,-3.603469438988649,-4.91015504996265,-4.303065860965207,0.6070891889974428,0.6070891889974428,1,1,6,2,Articles show strong yield and investor demand for Blackstone-affiliated credit vehicles: InvestorPlace (Article 12) describes Blackstone Secured Lending Fund (BXSL) as a Blackston | FDIC data showed Q1 2023 earnings for FDIC-insured banks rose 33.6% YoY driven by higher net interest income and a 77 bps increase in NIM; net charge-offs and provisions rose sh
ABT,2023-10-17,log_abs_return,1,90.0,target_sector_weighted,shifted_1_day_text,target_event_keyword,-3.3119439417949845,-3.650441061846967,-4.378914321175857,-3.771931587206083,0.6069827339697746,0.6069827339697746,1,1,4,1,"Articles report Abbott's recent revenue weakness driven by a sharp falloff in COVID‑19 testing demand (Article 1 compares Abbott's recent revenue trends and notes COVID testing dro | Article 1 presents a direct comparison between Abbott and Amgen, noting ABT trades at a lower revenue multiple (3.9x trailing revenues) versus historical averages and versus Amg"
ABT,2023-10-17,log_abs_return,1,85.0,target_sector_weighted,shifted_1_day_text,target_event_keyword,-3.3119439417949845,-3.8578272817240364,-4.378914321175857,-3.771931587206083,0.6069827339697746,0.6069827339697746,1,1,4,1,"Articles report Abbott's recent revenue weakness driven by a sharp falloff in COVID‑19 testing demand (Article 1 compares Abbott's recent revenue trends and notes COVID testing dro | Article 1 presents a direct comparison between Abbott and Amgen, noting ABT trades at a lower revenue multiple (3.9x trailing revenues) versus historical averages and versus Amg"
ABT,2023-10-17,log_abs_return,1,80.0,target_sector_weighted,shifted_1_day_text,target_event_keyword,-3.3119439417949845,-4.013893356841336,-4.378914321175857,-3.771931587206083,0.6069827339697746,0.6069827339697746,1,1,4,1,"Articles report Abbott's recent revenue weakness driven by a sharp falloff in COVID‑19 testing demand (Article 1 compares Abbott's recent revenue trends and notes COVID testing dro | Article 1 presents a direct comparison between Abbott and Amgen, noting ABT trades at a lower revenue multiple (3.9x trailing revenues) versus historical averages and versus Amg"
ABT,2023-10-17,log_abs_return,1,95.0,target_sector_weighted,shifted_1_day_text,target_event_keyword,-3.3119439417949845,-3.418063142070021,-4.378914321175857,-3.771931587206083,0.6069827339697746,0.6069827339697746,1,1,4,1,"Articles report Abbott's recent revenue weakness driven by a sharp falloff in COVID‑19 testing demand (Article 1 compares Abbott's recent revenue trends and notes COVID testing dro | Article 1 presents a direct comparison between Abbott and Amgen, noting ABT trades at a lower revenue multiple (3.9x trailing revenues) versus historical averages and versus Amg"
BX,2023-01-25,log_abs_return,1,85.0,target_sector_weighted,shifted_1_day_text,target_event_keyword,-2.9149055119146703,-3.4268472672158237,-5.312108894744391,-4.708511600804761,0.6035972939396297,0.6035972939396297,1,1,6,2,"Article 18 profiles Blackstone (BX) as one of five high‑yield dividend stocks, describing BX's ‘innovative dividend’ (share repurchases + dividends), reporting a recent 12‑month to | Australian CPI came in hotter-than-expected, prompting markets to price a higher chance of further RBA hikes (Article 2). Canada’s futures priced a BoC hike to a 15-year high an"
BX,2023-01-25,log_abs_return,1,80.0,target_sector_weighted,shifted_1_day_text,target_event_keyword,-2.9149055119146703,-3.603469438988649,-5.312108894744391,-4.708511600804761,0.6035972939396297,0.6035972939396297,1,1,6,2,"Article 18 profiles Blackstone (BX) as one of five high‑yield dividend stocks, describing BX's ‘innovative dividend’ (share repurchases + dividends), reporting a recent 12‑month to | Australian CPI came in hotter-than-expected, prompting markets to price a higher chance of further RBA hikes (Article 2). Canada’s futures priced a BoC hike to a 15-year high an"
BX,2023-01-25,log_abs_return,1,95.0,target_sector_weighted,shifted_1_day_text,target_event_keyword,-2.9149055119146703,-2.9448115295407438,-5.312108894744391,-4.708511600804761,0.6035972939396297,0.6035972939396297,1,1,6,2,"Article 18 profiles Blackstone (BX) as one of five high‑yield dividend stocks, describing BX's ‘innovative dividend’ (share repurchases + dividends), reporting a recent 12‑month to | Australian CPI came in hotter-than-expected, prompting markets to price a higher chance of further RBA hikes (Article 2). Canada’s futures priced a BoC hike to a 15-year high an"
BX,2023-01-25,log_abs_return,1,90.0,target_sector_weighted,shifted_1_day_text,target_event_keyword,-2.9149055119146703,-3.2064744590502876,-5.312108894744391,-4.708511600804761,0.6035972939396297,0.6035972939396297,1,1,6,2,"Article 18 profiles Blackstone (BX) as one of five high‑yield dividend stocks, describing BX's ‘innovative dividend’ (share repurchases + dividends), reporting a recent 12‑month to | Australian CPI came in hotter-than-expected, prompting markets to price a higher chance of further RBA hikes (Article 2). Canada’s futures priced a BoC hike to a 15-year high an"
AMD,2023-05-02,log_abs_return,1,95.0,target_sector_weighted,same_day_text,target_event_keyword,-2.335781578459635,-2.6862575909914783,-5.385872075201188,-4.783784061253197,0.6020880139479914,0.6020880139479914,1,1,3,2,"On May 2 Reuters reported AMD forecasted second‑quarter revenue of about $5.3 billion ± $300 million, below the Refinitiv analyst consensus of $5.48 billion. The company cited weak | Reuters noted that order cuts by networking equipment makers have weighed on demand for products by Xilinx, which AMD acquired last year — amplifying the impact of networking cu"
AMD,2023-05-02,log_abs_return,1,80.0,target_sector_weighted,same_day_text,target_event_keyword,-2.335781578459635,-3.2882544033767758,-5.385872075201188,-4.783784061253197,0.6020880139479914,0.6020880139479914,1,1,3,2,"On May 2 Reuters reported AMD forecasted second‑quarter revenue of about $5.3 billion ± $300 million, below the Refinitiv analyst consensus of $5.48 billion. The company cited weak | Reuters noted that order cuts by networking equipment makers have weighed on demand for products by Xilinx, which AMD acquired last year — amplifying the impact of networking cu"
AMD,2023-05-02,log_abs_return,1,90.0,target_sector_weighted,same_day_text,target_event_keyword,-2.335781578459635,-2.930472296673667,-5.385872075201188,-4.783784061253197,0.6020880139479914,0.6020880139479914,1,1,3,2,"On May 2 Reuters reported AMD forecasted second‑quarter revenue of about $5.3 billion ± $300 million, below the Refinitiv analyst consensus of $5.48 billion. The company cited weak | Reuters noted that order cuts by networking equipment makers have weighed on demand for products by Xilinx, which AMD acquired last year — amplifying the impact of networking cu"
AMD,2023-05-02,log_abs_return,1,85.0,target_sector_weighted,same_day_text,target_event_keyword,-2.335781578459635,-3.1334976403546837,-5.385872075201188,-4.783784061253197,0.6020880139479914,0.6020880139479914,1,1,3,2,"On May 2 Reuters reported AMD forecasted second‑quarter revenue of about $5.3 billion ± $300 million, below the Refinitiv analyst consensus of $5.48 billion. The company cited weak | Reuters noted that order cuts by networking equipment makers have weighed on demand for products by Xilinx, which AMD acquired last year — amplifying the impact of networking cu"
AMD,2023-05-05,log_abs_return,1,80.0,target_sector_weighted,same_day_text,target_event_keyword,-2.8776364764873534,-3.2882544033767758,-5.039950660023541,-4.466594440413671,0.5733562196098703,0.5733562196098703,1,1,6,2,"Article 12 reports AMD’s Q1 2023 results: consolidated revenue of $5.35 billion (down ~9% year‑over‑year), operating loss after Q1 charges, and management guidance for Q2 revenue a | Article 12 documents an ~8% pullback in AMD share price following the Q1 release and tepid guidance; chart commentary describes a potential technical bottom and mentions a flurr"
AMD,2023-05-05,log_abs_return,1,85.0,target_sector_weighted,same_day_text,target_event_keyword,-2.8776364764873534,-3.1334976403546837,-5.039950660023541,-4.466594440413671,0.5733562196098703,0.5733562196098703,1,1,6,2,"Article 12 reports AMD’s Q1 2023 results: consolidated revenue of $5.35 billion (down ~9% year‑over‑year), operating loss after Q1 charges, and management guidance for Q2 revenue a | Article 12 documents an ~8% pullback in AMD share price following the Q1 release and tepid guidance; chart commentary describes a potential technical bottom and mentions a flurr"
AMD,2023-05-05,log_abs_return,1,90.0,target_sector_weighted,same_day_text,target_event_keyword,-2.8776364764873534,-2.930472296673667,-5.039950660023541,-4.466594440413671,0.5733562196098703,0.5733562196098703,1,1,6,2,"Article 12 reports AMD’s Q1 2023 results: consolidated revenue of $5.35 billion (down ~9% year‑over‑year), operating loss after Q1 charges, and management guidance for Q2 revenue a | Article 12 documents an ~8% pullback in AMD share price following the Q1 release and tepid guidance; chart commentary describes a potential technical bottom and mentions a flurr"
ABT,2023-10-17,log_abs_return,1,95.0,target_sector_event_weighted,same_day_text,target_event_keyword,-3.3119439417949845,-3.418063142070021,-4.378914321175857,-3.8075154214888967,0.5713988996869608,0.5713988996869608,1,1,4,1,"Articles report Abbott's recent revenue weakness driven by a sharp falloff in COVID‑19 testing demand (Article 1 compares Abbott's recent revenue trends and notes COVID testing dro | Article 1 presents a direct comparison between Abbott and Amgen, noting ABT trades at a lower revenue multiple (3.9x trailing revenues) versus historical averages and versus Amg"
ABT,2023-10-17,log_abs_return,1,90.0,target_sector_event_weighted,same_day_text,target_event_keyword,-3.3119439417949845,-3.650441061846967,-4.378914321175857,-3.8075154214888967,0.5713988996869608,0.5713988996869608,1,1,4,1,"Articles report Abbott's recent revenue weakness driven by a sharp falloff in COVID‑19 testing demand (Article 1 compares Abbott's recent revenue trends and notes COVID testing dro | Article 1 presents a direct comparison between Abbott and Amgen, noting ABT trades at a lower revenue multiple (3.9x trailing revenues) versus historical averages and versus Amg"
ABT,2023-10-17,log_abs_return,1,85.0,target_sector_event_weighted,same_day_text,target_event_keyword,-3.3119439417949845,-3.8578272817240364,-4.378914321175857,-3.8075154214888967,0.5713988996869608,0.5713988996869608,1,1,4,1,"Articles report Abbott's recent revenue weakness driven by a sharp falloff in COVID‑19 testing demand (Article 1 compares Abbott's recent revenue trends and notes COVID testing dro | Article 1 presents a direct comparison between Abbott and Amgen, noting ABT trades at a lower revenue multiple (3.9x trailing revenues) versus historical averages and versus Amg"
ABT,2023-10-17,log_abs_return,1,80.0,target_sector_event_weighted,same_day_text,target_event_keyword,-3.3119439417949845,-4.013893356841336,-4.378914321175857,-3.8075154214888967,0.5713988996869608,0.5713988996869608,1,1,4,1,"Articles report Abbott's recent revenue weakness driven by a sharp falloff in COVID‑19 testing demand (Article 1 compares Abbott's recent revenue trends and notes COVID testing dro | Article 1 presents a direct comparison between Abbott and Amgen, noting ABT trades at a lower revenue multiple (3.9x trailing revenues) versus historical averages and versus Amg"
ABT,2023-09-04,log_abs_return,1,80.0,target_sector_event_weighted,same_day_text,target_event_keyword,-3.9455874519962157,-4.013893356841336,-7.490016374886161,-6.928656059053925,0.5613603158322364,0.5613603158322364,1,1,6,2,"Abbott announced late-breaking results from the ILUMIEN IV OPTIMAL PCI randomized global imaging trial (presented at ESC and published in The New England Journal of Medicine) showi | Articles note Abbott received FDA approval for the AVEIR dual-chamber leadless pacemaker system and reported double-digit organic growth across Diabetes Care, Electrophysiology,"
AXP,2023-03-13,log_abs_return,1,85.0,target_sector_weighted,shifted_1_day_text,target_event_keyword,-3.242470754313654,-3.5352569217700602,-5.124997960616767,-4.564829134988063,0.5601688256287041,0.5601688256287041,1,1,6,1,Article 12 reports that Berkshire Hathaway has held American Express (AXP) for nearly three decades and that AXP represents about 8% of Berkshire's portfolio. The piece highlights  | Silicon Valley Bank (SVB) was closed by regulators after steep losses on its securities portfolio and a failed capital raise; the FDIC took over SVB (article 1). Signature Bank 
AXP,2023-03-13,log_abs_return,1,80.0,target_sector_weighted,shifted_1_day_text,target_event_keyword,-3.242470754313654,-3.7262468742768147,-5.124997960616767,-4.564829134988063,0.5601688256287041,0.5601688256287041,1,1,6,1,Article 12 reports that Berkshire Hathaway has held American Express (AXP) for nearly three decades and that AXP represents about 8% of Berkshire's portfolio. The piece highlights  | Silicon Valley Bank (SVB) was closed by regulators after steep losses on its securities portfolio and a failed capital raise; the FDIC took over SVB (article 1). Signature Bank 
AXP,2023-03-13,log_abs_return,1,90.0,target_sector_weighted,shifted_1_day_text,target_event_keyword,-3.242470754313654,-3.370311825991873,-5.124997960616767,-4.564829134988063,0.5601688256287041,0.5601688256287041,1,1,6,1,Article 12 reports that Berkshire Hathaway has held American Express (AXP) for nearly three decades and that AXP represents about 8% of Berkshire's portfolio. The piece highlights  | Silicon Valley Bank (SVB) was closed by regulators after steep losses on its securities portfolio and a failed capital raise; the FDIC took over SVB (article 1). Signature Bank 
AMD,2023-05-02,log_abs_return,1,90.0,target_sector_event_weighted,shifted_1_day_text,target_event_keyword,-2.335781578459635,-2.930472296673667,-5.385872075201188,-4.82732528557538,0.5585467896258081,0.5585467896258081,1,1,3,2,"On May 2 Reuters reported AMD forecasted second‑quarter revenue of about $5.3 billion ± $300 million, below the Refinitiv analyst consensus of $5.48 billion. The company cited weak | Reuters noted that order cuts by networking equipment makers have weighed on demand for products by Xilinx, which AMD acquired last year — amplifying the impact of networking cu"
AMD,2023-05-02,log_abs_return,1,95.0,target_sector_event_weighted,shifted_1_day_text,target_event_keyword,-2.335781578459635,-2.6862575909914783,-5.385872075201188,-4.82732528557538,0.5585467896258081,0.5585467896258081,1,1,3,2,"On May 2 Reuters reported AMD forecasted second‑quarter revenue of about $5.3 billion ± $300 million, below the Refinitiv analyst consensus of $5.48 billion. The company cited weak | Reuters noted that order cuts by networking equipment makers have weighed on demand for products by Xilinx, which AMD acquired last year — amplifying the impact of networking cu"
AMD,2023-05-02,log_abs_return,1,80.0,target_sector_event_weighted,shifted_1_day_text,target_event_keyword,-2.335781578459635,-3.2882544033767758,-5.385872075201188,-4.82732528557538,0.5585467896258081,0.5585467896258081,1,1,3,2,"On May 2 Reuters reported AMD forecasted second‑quarter revenue of about $5.3 billion ± $300 million, below the Refinitiv analyst consensus of $5.48 billion. The company cited weak | Reuters noted that order cuts by networking equipment makers have weighed on demand for products by Xilinx, which AMD acquired last year — amplifying the impact of networking cu"
AMD,2023-05-02,log_abs_return,1,85.0,target_sector_event_weighted,shifted_1_day_text,target_event_keyword,-2.335781578459635,-3.1334976403546837,-5.385872075201188,-4.82732528557538,0.5585467896258081,0.5585467896258081,1,1,3,2,"On May 2 Reuters reported AMD forecasted second‑quarter revenue of about $5.3 billion ± $300 million, below the Refinitiv analyst consensus of $5.48 billion. The company cited weak | Reuters noted that order cuts by networking equipment makers have weighed on demand for products by Xilinx, which AMD acquired last year — amplifying the impact of networking cu"
AMD,2023-08-15,log_abs_return,1,80.0,target_sector_weighted,same_day_text,target_event_keyword,-3.268186966044655,-3.2882544033767758,-4.907692413728157,-4.352917880032396,0.5547745336957606,0.5547745336957606,1,1,6,2,"Articles report AMD is intensifying its AI hardware and software effort: launching/positioning new Instinct GPUs (MI300 family including MI300X and MI300A) and renewing its ROCm op | Coverage notes AMD pulled back after reporting Q2 results: revenue down ~18% y/y to ~$5.36B, with declines across Client, Data Center and Gaming segments; EPS and revenue slowed"
AMD,2023-11-09,log_abs_return,1,80.0,target_sector_event_weighted,same_day_text,target_event_keyword,-3.124533690575478,-3.2882544033767758,-5.115799661563943,-4.570654831600734,0.5451448299632089,0.5451448299632089,1,1,5,1,Investor coverage and analysis in the articles highlight AMD's technical competitiveness vs. Nvidia: an InvestorPlace piece (Article 13) cites a MosaicML test indicating AMD’s chip | Article 21 (Pre‑Market Most Active) lists AMD among most active pre‑market names and reports three upward revisions to AMD’s earnings forecasts over the prior four weeks for the
AMD,2023-11-09,log_abs_return,1,85.0,target_sector_event_weighted,same_day_text,target_event_keyword,-3.124533690575478,-3.1334976403546837,-5.115799661563943,-4.570654831600734,0.5451448299632089,0.5451448299632089,1,1,5,1,Investor coverage and analysis in the articles highlight AMD's technical competitiveness vs. Nvidia: an InvestorPlace piece (Article 13) cites a MosaicML test indicating AMD’s chip | Article 21 (Pre‑Market Most Active) lists AMD among most active pre‑market names and reports three upward revisions to AMD’s earnings forecasts over the prior four weeks for the
AMD,2023-01-20,log_abs_return,1,85.0,target_sector_event_weighted,same_day_text,target_event_keyword,-2.4282836216643213,-3.1334976403546837,-5.844190044821357,-5.299714679450089,0.5444753653712677,0.5444753653712677,1,1,5,3,"Multiple articles note AMD’s recent data‑center product activity: the company launched a new generation of Genoa server chips (with large cloud customers such as Google, Oracle and | Coverage of AMD as a growth stock cites AMD’s 2022 acquisition of Xilinx and notes that the deal expanded AMD’s product portfolio into embedded and custom chips for markets such"
AMD,2023-01-20,log_abs_return,1,80.0,target_sector_event_weighted,same_day_text,target_event_keyword,-2.4282836216643213,-3.2882544033767758,-5.844190044821357,-5.299714679450089,0.5444753653712677,0.5444753653712677,1,1,5,3,"Multiple articles note AMD’s recent data‑center product activity: the company launched a new generation of Genoa server chips (with large cloud customers such as Google, Oracle and | Coverage of AMD as a growth stock cites AMD’s 2022 acquisition of Xilinx and notes that the deal expanded AMD’s product portfolio into embedded and custom chips for markets such"
AMD,2023-01-20,log_abs_return,1,90.0,target_sector_event_weighted,same_day_text,target_event_keyword,-2.4282836216643213,-2.930472296673667,-5.844190044821357,-5.299714679450089,0.5444753653712677,0.5444753653712677,1,1,5,3,"Multiple articles note AMD’s recent data‑center product activity: the company launched a new generation of Genoa server chips (with large cloud customers such as Google, Oracle and | Coverage of AMD as a growth stock cites AMD’s 2022 acquisition of Xilinx and notes that the deal expanded AMD’s product portfolio into embedded and custom chips for markets such"
AMD,2023-01-20,log_abs_return,1,95.0,target_sector_event_weighted,same_day_text,target_event_keyword,-2.4282836216643213,-2.6862575909914783,-5.844190044821357,-5.299714679450089,0.5444753653712677,0.5444753653712677,1,1,5,3,"Multiple articles note AMD’s recent data‑center product activity: the company launched a new generation of Genoa server chips (with large cloud customers such as Google, Oracle and | Coverage of AMD as a growth stock cites AMD’s 2022 acquisition of Xilinx and notes that the deal expanded AMD’s product portfolio into embedded and custom chips for markets such"
AMD,2023-06-06,log_abs_return,1,85.0,target_sector_event_weighted,same_day_text,target_event_keyword,-2.9395071509628536,-3.1334976403546837,-5.353608989598627,-4.810157621358366,0.5434513682402615,0.5434513682402615,1,1,5,1,Multiple sell‑side analysts raised AMD price targets and expressed stronger buy/overweight views. Piper Sandler raised its AMD target from $110 to $150 and reiterated an overweight | Press reports (Bloomberg cited in coverage) stated AMD is a hardware and engineering partner of Microsoft in AI initiatives. The report received market attention and was linked 
AMD,2023-06-06,log_abs_return,1,80.0,target_sector_event_weighted,same_day_text,target_event_keyword,-2.9395071509628536,-3.2882544033767758,-5.353608989598627,-4.810157621358366,0.5434513682402615,0.5434513682402615,1,1,5,1,Multiple sell‑side analysts raised AMD price targets and expressed stronger buy/overweight views. Piper Sandler raised its AMD target from $110 to $150 and reiterated an overweight | Press reports (Bloomberg cited in coverage) stated AMD is a hardware and engineering partner of Microsoft in AI initiatives. The report received market attention and was linked 
BAC,2023-05-16,log_abs_return,1,85.0,target_sector_event_weighted,shifted_1_day_text,target_event_keyword,-3.1401840445842115,-3.5627330956552896,-4.672616063334711,-4.134560558049921,0.53805550528479,0.53805550528479,1,1,4,1,"BofA Securities (Bank of America's brokerage/research arm) published or reiterated analyst coverage and buy/equal-weight recommendations for regional banks (articles noting BofA Se | A large investor (Berkshire Hathaway) disclosed purchases that increased its Bank of America holdings (article reporting Buffett added 22.75 million shares, raising Berkshire's "
BAC,2023-05-16,log_abs_return,1,80.0,target_sector_event_weighted,shifted_1_day_text,target_event_keyword,-3.1401840445842115,-3.7591263504342325,-4.672616063334711,-4.134560558049921,0.53805550528479,0.53805550528479,1,1,4,1,"BofA Securities (Bank of America's brokerage/research arm) published or reiterated analyst coverage and buy/equal-weight recommendations for regional banks (articles noting BofA Se | A large investor (Berkshire Hathaway) disclosed purchases that increased its Bank of America holdings (article reporting Buffett added 22.75 million shares, raising Berkshire's "
BAC,2023-05-16,log_abs_return,1,90.0,target_sector_event_weighted,shifted_1_day_text,target_event_keyword,-3.1401840445842115,-3.371941668411282,-4.672616063334711,-4.134560558049921,0.53805550528479,0.53805550528479,1,1,4,1,"BofA Securities (Bank of America's brokerage/research arm) published or reiterated analyst coverage and buy/equal-weight recommendations for regional banks (articles noting BofA Se | A large investor (Berkshire Hathaway) disclosed purchases that increased its Bank of America holdings (article reporting Buffett added 22.75 million shares, raising Berkshire's "
C,2023-07-13,log_abs_return,1,90.0,target_sector_weighted,same_day_text,target_event_keyword,-3.186401277379546,-3.37895328487301,-5.2054680830254325,-4.668374384002307,0.5370936990231252,0.5370936990231252,1,1,5,1,"Article 16 reports Citigroup is scheduled to report Q2 results (quarter ended June 30, 2023). Zacks consensus from nine analysts pegs EPS at $1.31, representing a 43.04% decrease v | Article 12 (NICE Actimize piece) notes NICE Actimize expanded relationships with ING and states that other banks, including Citigroup, have been adopting NICE Actimize products "
C,2023-07-13,log_abs_return,1,80.0,target_sector_weighted,same_day_text,target_event_keyword,-3.186401277379546,-3.7434251735950372,-5.2054680830254325,-4.668374384002307,0.5370936990231252,0.5370936990231252,1,1,5,1,"Article 16 reports Citigroup is scheduled to report Q2 results (quarter ended June 30, 2023). Zacks consensus from nine analysts pegs EPS at $1.31, representing a 43.04% decrease v | Article 12 (NICE Actimize piece) notes NICE Actimize expanded relationships with ING and states that other banks, including Citigroup, have been adopting NICE Actimize products "
C,2023-07-13,log_abs_return,1,85.0,target_sector_weighted,same_day_text,target_event_keyword,-3.186401277379546,-3.570739842936126,-5.2054680830254325,-4.668374384002307,0.5370936990231252,0.5370936990231252,1,1,5,1,"Article 16 reports Citigroup is scheduled to report Q2 results (quarter ended June 30, 2023). Zacks consensus from nine analysts pegs EPS at $1.31, representing a 43.04% decrease v | Article 12 (NICE Actimize piece) notes NICE Actimize expanded relationships with ING and states that other banks, including Citigroup, have been adopting NICE Actimize products "
BX,2023-10-18,log_abs_return,1,85.0,target_sector_event_weighted,same_day_text,target_event_keyword,-2.497661401604466,-3.4268472672158237,-4.927640096159671,-4.392820964232237,0.534819131927434,0.534819131927434,1,1,6,1,"Validea published a factor-based report rating BLACKSTONE INC (BX) using 22 guru strategies; BX scored highest on the 'Twin Momentum Investor' model (88% rating) where it passed fu | Multiple articles report U.S. banks' Q3 results showing higher net interest income as banks charged more for loans amid higher policy rates, allowing several regional and large "
BX,2023-10-18,log_abs_return,1,90.0,target_sector_event_weighted,same_day_text,target_event_keyword,-2.497661401604466,-3.2064744590502876,-4.927640096159671,-4.392820964232237,0.534819131927434,0.534819131927434,1,1,6,1,"Validea published a factor-based report rating BLACKSTONE INC (BX) using 22 guru strategies; BX scored highest on the 'Twin Momentum Investor' model (88% rating) where it passed fu | Multiple articles report U.S. banks' Q3 results showing higher net interest income as banks charged more for loans amid higher policy rates, allowing several regional and large "
BX,2023-10-18,log_abs_return,1,95.0,target_sector_event_weighted,same_day_text,target_event_keyword,-2.497661401604466,-2.9448115295407438,-4.927640096159671,-4.392820964232237,0.534819131927434,0.534819131927434,1,1,6,1,"Validea published a factor-based report rating BLACKSTONE INC (BX) using 22 guru strategies; BX scored highest on the 'Twin Momentum Investor' model (88% rating) where it passed fu | Multiple articles report U.S. banks' Q3 results showing higher net interest income as banks charged more for loans amid higher policy rates, allowing several regional and large "
BX,2023-10-18,log_abs_return,1,80.0,target_sector_event_weighted,same_day_text,target_event_keyword,-2.497661401604466,-3.603469438988649,-4.927640096159671,-4.392820964232237,0.534819131927434,0.534819131927434,1,1,6,1,"Validea published a factor-based report rating BLACKSTONE INC (BX) using 22 guru strategies; BX scored highest on the 'Twin Momentum Investor' model (88% rating) where it passed fu | Multiple articles report U.S. banks' Q3 results showing higher net interest income as banks charged more for loans amid higher policy rates, allowing several regional and large "
AMD,2023-01-20,log_abs_return,1,95.0,target_sector_weighted,same_day_text,target_event_keyword,-2.4282836216643213,-2.6862575909914783,-5.844190044821357,-5.310097128828183,0.534092915993174,0.534092915993174,1,1,5,3,"Multiple articles note AMD’s recent data‑center product activity: the company launched a new generation of Genoa server chips (with large cloud customers such as Google, Oracle and | Coverage of AMD as a growth stock cites AMD’s 2022 acquisition of Xilinx and notes that the deal expanded AMD’s product portfolio into embedded and custom chips for markets such"
AMD,2023-01-20,log_abs_return,1,80.0,target_sector_weighted,same_day_text,target_event_keyword,-2.4282836216643213,-3.2882544033767758,-5.844190044821357,-5.310097128828183,0.534092915993174,0.534092915993174,1,1,5,3,"Multiple articles note AMD’s recent data‑center product activity: the company launched a new generation of Genoa server chips (with large cloud customers such as Google, Oracle and | Coverage of AMD as a growth stock cites AMD’s 2022 acquisition of Xilinx and notes that the deal expanded AMD’s product portfolio into embedded and custom chips for markets such"
AMD,2023-01-20,log_abs_return,1,90.0,target_sector_weighted,same_day_text,target_event_keyword,-2.4282836216643213,-2.930472296673667,-5.844190044821357,-5.310097128828183,0.534092915993174,0.534092915993174,1,1,5,3,"Multiple articles note AMD’s recent data‑center product activity: the company launched a new generation of Genoa server chips (with large cloud customers such as Google, Oracle and | Coverage of AMD as a growth stock cites AMD’s 2022 acquisition of Xilinx and notes that the deal expanded AMD’s product portfolio into embedded and custom chips for markets such"
AMD,2023-01-20,log_abs_return,1,85.0,target_sector_weighted,same_day_text,target_event_keyword,-2.4282836216643213,-3.1334976403546837,-5.844190044821357,-5.310097128828183,0.534092915993174,0.534092915993174,1,1,5,3,"Multiple articles note AMD’s recent data‑center product activity: the company launched a new generation of Genoa server chips (with large cloud customers such as Google, Oracle and | Coverage of AMD as a growth stock cites AMD’s 2022 acquisition of Xilinx and notes that the deal expanded AMD’s product portfolio into embedded and custom chips for markets such"
ABT,2023-02-27,log_abs_return,1,80.0,target_sector_event_weighted,same_day_text,target_event_keyword,-3.9447207769099664,-4.013893356841336,-6.082997724238016,-5.560977064234647,0.5220206600033688,0.5220206600033688,1,1,4,2,"Article 7 reports investor/shareholder unease tied to an investigation into Abbott's infant‑formula business; the article cites the investigation as a material reason the stock und | Article 7 highlights FreeStyle Libre as a key growth driver (noting Libre sales represent a meaningful share of revenue) and flags potential competitive threats (e.g., rumored A"
ABT,2023-08-07,log_abs_return,1,85.0,target_sector_event_weighted,same_day_text,target_event_keyword,-3.6185973912814693,-3.8578272817240364,-7.116934812409173,-6.601520699911714,0.5154141124974592,0.5154141124974592,1,1,5,2,"Articles referencing Abbott note Q2 2023 results with reported revenue of $9.98 billion and adjusted diluted EPS of $1.08, both described as beating consensus/estimates (Articles 1 | Motley Fool published a feature naming Abbott as one of two top healthcare stocks to buy and hold, highlighting product breadth, FreeStyle Libre innovation and dividend history "
ABT,2023-08-07,log_abs_return,1,80.0,target_sector_event_weighted,same_day_text,target_event_keyword,-3.6185973912814693,-4.013893356841336,-7.116934812409173,-6.601520699911714,0.5154141124974592,0.5154141124974592,1,1,5,2,"Articles referencing Abbott note Q2 2023 results with reported revenue of $9.98 billion and adjusted diluted EPS of $1.08, both described as beating consensus/estimates (Articles 1 | Motley Fool published a feature naming Abbott as one of two top healthcare stocks to buy and hold, highlighting product breadth, FreeStyle Libre innovation and dividend history "
ABT,2023-08-07,log_abs_return,1,90.0,target_sector_event_weighted,same_day_text,target_event_keyword,-3.6185973912814693,-3.650441061846967,-7.116934812409173,-6.601520699911714,0.5154141124974592,0.5154141124974592,1,1,5,2,"Articles referencing Abbott note Q2 2023 results with reported revenue of $9.98 billion and adjusted diluted EPS of $1.08, both described as beating consensus/estimates (Articles 1 | Motley Fool published a feature naming Abbott as one of two top healthcare stocks to buy and hold, highlighting product breadth, FreeStyle Libre innovation and dividend history "
AMD,2023-10-03,log_abs_return,1,80.0,target_sector_weighted,same_day_text,target_event_keyword,-3.2417897996632843,-3.2882544033767758,-5.23031620465869,-4.716548109663869,0.5137680949948216,0.5137680949948216,1,1,5,1,A recent comparison piece reported AMD’s revenue declined year-over-year across recent quarters and that revenue fell ~14% in the first half of 2023. Management expects modest stab | U.S. 10-year Treasury yields hit multi-year highs amid resilient economic/labor data and Fed officials signaling possible further rate hikes; rising yields coincided with large 
AMD,2023-03-07,log_abs_return,1,80.0,target_sector_weighted,shifted_1_day_text,target_event_keyword,-3.2458626134964184,-3.2882544033767758,-4.71211168693757,-4.198507714912152,0.5136039720254182,0.5136039720254182,1,1,5,1,"Articles note AMD's recent revenue mix shift: analysts and commentators cite AMD’s data center business becoming its highest‑earning segment and the embedded/Xilinx-derived busines | Coverage highlights AMD’s role as a supplier for major consoles (PlayStation 5, Xbox Series X|S) and notes partnerships with VR headset makers and platform vendors (Microsoft Wi"
BAC,2023-10-20,log_abs_return,1,85.0,target_sector_weighted,same_day_text,target_event_keyword,-3.5568229509670113,-3.5627330956552896,-4.977806251767593,-4.468542582240687,0.5092636695269057,0.5092636695269057,1,1,6,1,"Article 22 (Motley Fool) summarizes Bank of America management comments from its Q3 call: CEO Brian Moynihan indicated expectations for only ~1% year‑over‑year expense growth in Q4 | Big U.S. banks (JPMorgan, Bank of America, Wells Fargo, Citigroup, Goldman Sachs, Morgan Stanley) reported upbeat Q3 results and beat consensus estimates. At the same time, mid-"
BAC,2023-10-20,log_abs_return,1,80.0,target_sector_weighted,same_day_text,target_event_keyword,-3.5568229509670113,-3.7591263504342325,-4.977806251767593,-4.468542582240687,0.5092636695269057,0.5092636695269057,1,1,6,1,"Article 22 (Motley Fool) summarizes Bank of America management comments from its Q3 call: CEO Brian Moynihan indicated expectations for only ~1% year‑over‑year expense growth in Q4 | Big U.S. banks (JPMorgan, Bank of America, Wells Fargo, Citigroup, Goldman Sachs, Morgan Stanley) reported upbeat Q3 results and beat consensus estimates. At the same time, mid-"
AMD,2023-05-02,log_abs_return,1,85.0,target_sector_weighted,shifted_1_day_text,target_event_keyword,-2.335781578459635,-3.1334976403546837,-5.385872075201188,-4.8798771266464644,0.5059949485547239,0.5059949485547239,1,1,3,2,"On May 2 Reuters reported AMD forecasted second‑quarter revenue of about $5.3 billion ± $300 million, below the Refinitiv analyst consensus of $5.48 billion. The company cited weak | Reuters noted that order cuts by networking equipment makers have weighed on demand for products by Xilinx, which AMD acquired last year — amplifying the impact of networking cu"
AMD,2023-05-02,log_abs_return,1,95.0,target_sector_weighted,shifted_1_day_text,target_event_keyword,-2.335781578459635,-2.6862575909914783,-5.385872075201188,-4.8798771266464644,0.5059949485547239,0.5059949485547239,1,1,3,2,"On May 2 Reuters reported AMD forecasted second‑quarter revenue of about $5.3 billion ± $300 million, below the Refinitiv analyst consensus of $5.48 billion. The company cited weak | Reuters noted that order cuts by networking equipment makers have weighed on demand for products by Xilinx, which AMD acquired last year — amplifying the impact of networking cu"
AMD,2023-05-02,log_abs_return,1,80.0,target_sector_weighted,shifted_1_day_text,target_event_keyword,-2.335781578459635,-3.2882544033767758,-5.385872075201188,-4.8798771266464644,0.5059949485547239,0.5059949485547239,1,1,3,2,"On May 2 Reuters reported AMD forecasted second‑quarter revenue of about $5.3 billion ± $300 million, below the Refinitiv analyst consensus of $5.48 billion. The company cited weak | Reuters noted that order cuts by networking equipment makers have weighed on demand for products by Xilinx, which AMD acquired last year — amplifying the impact of networking cu"
AMD,2023-05-02,log_abs_return,1,90.0,target_sector_weighted,shifted_1_day_text,target_event_keyword,-2.335781578459635,-2.930472296673667,-5.385872075201188,-4.8798771266464644,0.5059949485547239,0.5059949485547239,1,1,3,2,"On May 2 Reuters reported AMD forecasted second‑quarter revenue of about $5.3 billion ± $300 million, below the Refinitiv analyst consensus of $5.48 billion. The company cited weak | Reuters noted that order cuts by networking equipment makers have weighed on demand for products by Xilinx, which AMD acquired last year — amplifying the impact of networking cu"
AMD,2023-12-08,log_abs_return,1,80.0,target_sector_weighted,same_day_text,target_event_keyword,-3.1771866563961346,-3.2882544033767758,-5.617788034675921,-5.1148674152693285,0.5029206194065923,0.5029206194065923,1,1,6,3,"AMD launched the MI300X/MI300A AI data-center accelerators and announced adoption by major customers (Microsoft, Meta, Dell and others) at its Advancing AI event (Article 1). Cover | AMD management left 2024 guidance unchanged even after highlighting an accelerating AI opportunity (Article 1). At the Barclays Global Technology Conference, CFO Jean Hu reitera"
BAC,2023-06-05,log_abs_return,1,80.0,target_sector_event_weighted,shifted_1_day_text,target_event_keyword,-3.7343398708490634,-3.7591263504342325,-5.867268047587801,-5.36761554186682,0.49965250572098174,0.49965250572098174,1,1,5,1,"Article 17 reports B of A Securities (Bank of America’s research arm) reiterated coverage of Aflac with a Buy recommendation and published a price target/analysis. | Articles 10 and 15 note that Bank of America is a disclosed institutional holder in several closed-end funds (e.g., holdings in BlackRock Credit Allocation Income Trust (BTZ) and R | Multiple Re"
AMD,2023-10-24,log_abs_return,1,80.0,target_sector_event_weighted,same_day_text,target_event_keyword,-2.868936015616637,-3.2882544033767758,-5.655697472481476,-5.158903079633556,0.49679439284791993,0.49679439284791993,1,1,5,1,Articles report AMD rolling out and positioning new AI-capable products and making software acquisitions: Article 13 notes AMD unveiled the MI300X GPU and has acquired AI software  | Article 14 highlights AMD’s client/workstation product activity: new Threadripper 7000 and PRO 7000 WX-series processors announced for high-end desktops/workstations and integra
AMD,2023-10-24,log_abs_return,1,85.0,target_sector_event_weighted,same_day_text,target_event_keyword,-2.868936015616637,-3.1334976403546837,-5.655697472481476,-5.158903079633556,0.49679439284791993,0.49679439284791993,1,1,5,1,Articles report AMD rolling out and positioning new AI-capable products and making software acquisitions: Article 13 notes AMD unveiled the MI300X GPU and has acquired AI software  | Article 14 highlights AMD’s client/workstation product activity: new Threadripper 7000 and PRO 7000 WX-series processors announced for high-end desktops/workstations and integra
AMD,2023-10-24,log_abs_return,1,90.0,target_sector_event_weighted,same_day_text,target_event_keyword,-2.868936015616637,-2.930472296673667,-5.655697472481476,-5.158903079633556,0.49679439284791993,0.49679439284791993,1,1,5,1,Articles report AMD rolling out and positioning new AI-capable products and making software acquisitions: Article 13 notes AMD unveiled the MI300X GPU and has acquired AI software  | Article 14 highlights AMD’s client/workstation product activity: new Threadripper 7000 and PRO 7000 WX-series processors announced for high-end desktops/workstations and integra
BX,2023-01-25,log_abs_return,1,80.0,target_sector_event_weighted,shifted_1_day_text,target_event_keyword,-2.9149055119146703,-3.603469438988649,-5.312108894744391,-4.816010157142743,0.49609873760164813,0.49609873760164813,1,1,6,2,"Article 18 profiles Blackstone (BX) as one of five high‑yield dividend stocks, describing BX's ‘innovative dividend’ (share repurchases + dividends), reporting a recent 12‑month to | Australian CPI came in hotter-than-expected, prompting markets to price a higher chance of further RBA hikes (Article 2). Canada’s futures priced a BoC hike to a 15-year high an"
BX,2023-01-25,log_abs_return,1,85.0,target_sector_event_weighted,shifted_1_day_text,target_event_keyword,-2.9149055119146703,-3.4268472672158237,-5.312108894744391,-4.816010157142743,0.49609873760164813,0.49609873760164813,1,1,6,2,"Article 18 profiles Blackstone (BX) as one of five high‑yield dividend stocks, describing BX's ‘innovative dividend’ (share repurchases + dividends), reporting a recent 12‑month to | Australian CPI came in hotter-than-expected, prompting markets to price a higher chance of further RBA hikes (Article 2). Canada’s futures priced a BoC hike to a 15-year high an"
BX,2023-01-25,log_abs_return,1,90.0,target_sector_event_weighted,shifted_1_day_text,target_event_keyword,-2.9149055119146703,-3.2064744590502876,-5.312108894744391,-4.816010157142743,0.49609873760164813,0.49609873760164813,1,1,6,2,"Article 18 profiles Blackstone (BX) as one of five high‑yield dividend stocks, describing BX's ‘innovative dividend’ (share repurchases + dividends), reporting a recent 12‑month to | Australian CPI came in hotter-than-expected, prompting markets to price a higher chance of further RBA hikes (Article 2). Canada’s futures priced a BoC hike to a 15-year high an"
BX,2023-01-25,log_abs_return,1,95.0,target_sector_event_weighted,shifted_1_day_text,target_event_keyword,-2.9149055119146703,-2.9448115295407438,-5.312108894744391,-4.816010157142743,0.49609873760164813,0.49609873760164813,1,1,6,2,"Article 18 profiles Blackstone (BX) as one of five high‑yield dividend stocks, describing BX's ‘innovative dividend’ (share repurchases + dividends), reporting a recent 12‑month to | Australian CPI came in hotter-than-expected, prompting markets to price a higher chance of further RBA hikes (Article 2). Canada’s futures priced a BoC hike to a 15-year high an"
AMD,2023-02-01,log_abs_return,1,80.0,target_sector_weighted,same_day_text,target_event_keyword,-3.159514048646767,-3.2882544033767758,-4.521106074119464,-4.027869677608453,0.49323639651101114,0.49323639651101114,1,1,5,3,"Q4 2022 data center revenue rose ~42% year over year to about $1.66–1.7 billion and accounted for ~29.6% of AMD’s total revenue (Articles 1,2,7). AMD launched fourth‑gen EPYC proce | Q4 client segment revenue declined ~50.6% year over year to $903 million; gaming revenue fell ~6.7% to $1.64 billion (Article 1). Management guided Q1 2023 revenue of ~$5.3 bill"
AMD,2023-08-11,log_abs_return,1,80.0,target_sector_weighted,same_day_text,target_event_keyword,-3.214422797009895,-3.2882544033767758,-5.5874332744738675,-5.095830079662312,0.4916031948115558,0.4916031948115558,1,1,4,2,AMD has not yet shipped its next‑generation AI accelerators to market but reported a sevenfold increase in AI engagements around its MI250 and MI300 accelerators and management sai | AMD reported a sharp decline in Client (PC) revenue—noted as bottoming out by management—and overall Q2 earnings led to a significant stock drop despite beating some expectation
AMD,2023-11-09,log_abs_return,1,85.0,target_sector_weighted,same_day_text,target_event_keyword,-3.124533690575478,-3.1334976403546837,-5.115799661563943,-4.626445544305185,0.4893541172587579,0.4893541172587579,1,1,5,1,Investor coverage and analysis in the articles highlight AMD's technical competitiveness vs. Nvidia: an InvestorPlace piece (Article 13) cites a MosaicML test indicating AMD’s chip | Article 21 (Pre‑Market Most Active) lists AMD among most active pre‑market names and reports three upward revisions to AMD’s earnings forecasts over the prior four weeks for the
AMD,2023-11-09,log_abs_return,1,80.0,target_sector_weighted,same_day_text,target_event_keyword,-3.124533690575478,-3.2882544033767758,-5.115799661563943,-4.626445544305185,0.4893541172587579,0.4893541172587579,1,1,5,1,Investor coverage and analysis in the articles highlight AMD's technical competitiveness vs. Nvidia: an InvestorPlace piece (Article 13) cites a MosaicML test indicating AMD’s chip | Article 21 (Pre‑Market Most Active) lists AMD among most active pre‑market names and reports three upward revisions to AMD’s earnings forecasts over the prior four weeks for the
BX,2023-04-27,log_abs_return,1,85.0,target_sector_weighted,same_day_text,target_event_keyword,-3.373306737888002,-3.4268472672158237,-6.202184531185365,-5.716665975608734,0.4855185555766308,0.4855185555766308,1,1,5,1,Validea published a guru fundamental report for BLACKSTONE INC (BX) showing BX scores highest under its Multi-Factor Investor model (Pim van Vliet) with a 56% rating. The report li | Articles report renewed concerns about U.S. regional banks after sharp market moves and deposit losses: Reuters coverage notes a sharp drop in First Republic Bank's market value
BX,2023-04-27,log_abs_return,1,80.0,target_sector_weighted,same_day_text,target_event_keyword,-3.373306737888002,-3.603469438988649,-6.202184531185365,-5.716665975608734,0.4855185555766308,0.4855185555766308,1,1,5,1,Validea published a guru fundamental report for BLACKSTONE INC (BX) showing BX scores highest under its Multi-Factor Investor model (Pim van Vliet) with a 56% rating. The report li | Articles report renewed concerns about U.S. regional banks after sharp market moves and deposit losses: Reuters coverage notes a sharp drop in First Republic Bank's market value
BAC,2023-11-13,log_abs_return,1,80.0,target_sector_event_weighted,shifted_1_day_text,target_event_keyword,-2.929553561161085,-3.7591263504342325,-7.261954603167962,-6.782414788061342,0.47953981510662036,0.47953981510662036,1,1,6,1,"Article 8 (InvestorPlace) highlights Bank of America’s Q3 results: an EPS beat (beat of eight cents), net interest income rose (noted $300 million quarter-over-quarter increase), a | Reuters coverage reports U.S. bank stocks remain depressed after 2023 regional bank failures; the S&P 500 bank index is down while the broader S&P 500 is up. Articles note the F"
BAC,2023-11-13,log_abs_return,1,95.0,target_sector_event_weighted,shifted_1_day_text,target_event_keyword,-2.929553561161085,-3.129099964488391,-7.261954603167962,-6.782414788061342,0.47953981510662036,0.47953981510662036,1,1,6,1,"Article 8 (InvestorPlace) highlights Bank of America’s Q3 results: an EPS beat (beat of eight cents), net interest income rose (noted $300 million quarter-over-quarter increase), a | Reuters coverage reports U.S. bank stocks remain depressed after 2023 regional bank failures; the S&P 500 bank index is down while the broader S&P 500 is up. Articles note the F"
BAC,2023-11-13,log_abs_return,1,85.0,target_sector_event_weighted,shifted_1_day_text,target_event_keyword,-2.929553561161085,-3.5627330956552896,-7.261954603167962,-6.782414788061342,0.47953981510662036,0.47953981510662036,1,1,6,1,"Article 8 (InvestorPlace) highlights Bank of America’s Q3 results: an EPS beat (beat of eight cents), net interest income rose (noted $300 million quarter-over-quarter increase), a | Reuters coverage reports U.S. bank stocks remain depressed after 2023 regional bank failures; the S&P 500 bank index is down while the broader S&P 500 is up. Articles note the F"
BAC,2023-11-13,log_abs_return,1,90.0,target_sector_event_weighted,shifted_1_day_text,target_event_keyword,-2.929553561161085,-3.371941668411282,-7.261954603167962,-6.782414788061342,0.47953981510662036,0.47953981510662036,1,1,6,1,"Article 8 (InvestorPlace) highlights Bank of America’s Q3 results: an EPS beat (beat of eight cents), net interest income rose (noted $300 million quarter-over-quarter increase), a | Reuters coverage reports U.S. bank stocks remain depressed after 2023 regional bank failures; the S&P 500 bank index is down while the broader S&P 500 is up. Articles note the F"
AMD,2023-03-13,log_abs_return,1,90.0,target_sector_event_weighted,shifted_1_day_text,target_event_keyword,-2.745347952573422,-2.930472296673667,-4.089855286326551,-3.613762391058218,0.47609289526833276,0.47609289526833276,1,1,6,1,"Articles (notably Article 14) report AMD’s Q4 results: revenue of $5.6 billion (up ~16% year‑over‑year) and non‑GAAP EPS of $0.69, beating estimates; reported net income fell sharp | Multiple articles describe a surge in generative AI interest and corporate investment: ChatGPT’s release sparked an AI race (Articles 4, 9). C3.ai reported stronger-than-expecte"
AMD,2023-03-13,log_abs_return,1,80.0,target_sector_event_weighted,shifted_1_day_text,target_event_keyword,-2.745347952573422,-3.2882544033767758,-4.089855286326551,-3.613762391058218,0.47609289526833276,0.47609289526833276,1,1,6,1,"Articles (notably Article 14) report AMD’s Q4 results: revenue of $5.6 billion (up ~16% year‑over‑year) and non‑GAAP EPS of $0.69, beating estimates; reported net income fell sharp | Multiple articles describe a surge in generative AI interest and corporate investment: ChatGPT’s release sparked an AI race (Articles 4, 9). C3.ai reported stronger-than-expecte"
AMD,2023-03-13,log_abs_return,1,85.0,target_sector_event_weighted,shifted_1_day_text,target_event_keyword,-2.745347952573422,-3.1334976403546837,-4.089855286326551,-3.613762391058218,0.47609289526833276,0.47609289526833276,1,1,6,1,"Articles (notably Article 14) report AMD’s Q4 results: revenue of $5.6 billion (up ~16% year‑over‑year) and non‑GAAP EPS of $0.69, beating estimates; reported net income fell sharp | Multiple articles describe a surge in generative AI interest and corporate investment: ChatGPT’s release sparked an AI race (Articles 4, 9). C3.ai reported stronger-than-expecte"
AMD,2023-05-05,log_abs_return,1,85.0,target_sector_event_weighted,shifted_1_day_text,target_event_keyword,-2.8776364764873534,-3.1334976403546837,-5.039950660023541,-4.564438545787635,0.4755121142359062,0.4755121142359062,1,1,6,2,"Article 12 reports AMD’s Q1 2023 results: consolidated revenue of $5.35 billion (down ~9% year‑over‑year), operating loss after Q1 charges, and management guidance for Q2 revenue a | Article 12 documents an ~8% pullback in AMD share price following the Q1 release and tepid guidance; chart commentary describes a potential technical bottom and mentions a flurr"
AMD,2023-05-05,log_abs_return,1,80.0,target_sector_event_weighted,shifted_1_day_text,target_event_keyword,-2.8776364764873534,-3.2882544033767758,-5.039950660023541,-4.564438545787635,0.4755121142359062,0.4755121142359062,1,1,6,2,"Article 12 reports AMD’s Q1 2023 results: consolidated revenue of $5.35 billion (down ~9% year‑over‑year), operating loss after Q1 charges, and management guidance for Q2 revenue a | Article 12 documents an ~8% pullback in AMD share price following the Q1 release and tepid guidance; chart commentary describes a potential technical bottom and mentions a flurr"
AMD,2023-05-05,log_abs_return,1,90.0,target_sector_event_weighted,shifted_1_day_text,target_event_keyword,-2.8776364764873534,-2.930472296673667,-5.039950660023541,-4.564438545787635,0.4755121142359062,0.4755121142359062,1,1,6,2,"Article 12 reports AMD’s Q1 2023 results: consolidated revenue of $5.35 billion (down ~9% year‑over‑year), operating loss after Q1 charges, and management guidance for Q2 revenue a | Article 12 documents an ~8% pullback in AMD share price following the Q1 release and tepid guidance; chart commentary describes a potential technical bottom and mentions a flurr"
BAC,2023-08-21,log_abs_return,1,80.0,target_sector_event_weighted,shifted_1_day_text,target_event_keyword,-3.7026369458288366,-3.7591263504342325,-5.9313224048838755,-5.45997459438209,0.4713478105017854,0.4713478105017854,1,1,6,3,"InvestorPlace article cites Michael Gapen, Bank of America’s chief U.S. economist, stating he expects a mild recession in the year (article notes this view in context of consumer b | Fintel/KBWD report lists Bank of America as holding 375K shares of the Invesco KBW High Dividend Yield Financial ETF and notes the firm decreased its portfolio allocation in KBW"
BAC,2023-03-21,log_abs_return,1,80.0,target_sector_event_weighted,shifted_1_day_text,target_event_keyword,-3.3875012172686447,-3.7591263504342325,-5.383272297425473,-4.913549206321803,0.4697230911036705,0.4697230911036705,1,1,6,2,Multiple articles report that Bank of America received material deposit inflows in the wake of recent regional bank failures: InvestorPlace and Motley Fool pieces note BAC gained r | Articles note that large banks—including Bank of America—are sitting on substantial unrealized losses on long-duration securities. The Motley Fool article specifically cites BAC
BAC,2023-03-21,log_abs_return,1,85.0,target_sector_event_weighted,shifted_1_day_text,target_event_keyword,-3.3875012172686447,-3.5627330956552896,-5.383272297425473,-4.913549206321803,0.4697230911036705,0.4697230911036705,1,1,6,2,Multiple articles report that Bank of America received material deposit inflows in the wake of recent regional bank failures: InvestorPlace and Motley Fool pieces note BAC gained r | Articles note that large banks—including Bank of America—are sitting on substantial unrealized losses on long-duration securities. The Motley Fool article specifically cites BAC
AMD,2023-11-02,log_abs_return,1,80.0,target_sector_event_weighted,same_day_text,target_event_keyword,-3.214570188726079,-3.2882544033767758,-5.252804432630181,-4.784931203390145,0.4678732292400358,0.4678732292400358,1,1,6,3,"AMD reported Q3 revenue of $5.8 billion and non‑GAAP EPS of $0.70, beating consensus. Management guided Q4 revenue roughly $6.1 billion (±$300M) and disclosed expectations for Data | AMD stated production of MI300A/MI300X GPUs is underway with launches expected in Q4. Management indicated ambition for rapid MI300 sales ramp (management stated MI300 could be "
BAC,2023-07-18,log_abs_return,1,80.0,target_sector_event_weighted,same_day_text,target_event_keyword,-3.623956536252743,-3.7591263504342325,-5.476839020465767,-5.009169032672525,0.46766998779324176,0.46766998779324176,1,1,4,3,"Article 12 reports Bank of America’s Q2 results: EPS $0.88 and revenue ~$25.3B, both beating consensus. Management reaffirmed NII guidance ($57B) and the Global Banking division ge | Article 11 describes Bank of America agreeing to pay $250M to settle regulatory claims (CFPB and OCC) over alleged double-charging and other account actions; the bank did not ad"
BAC,2023-10-20,log_abs_return,1,80.0,target_sector_event_weighted,shifted_1_day_text,target_event_keyword,-3.5568229509670113,-3.7591263504342325,-4.977806251767593,-4.5109547127075125,0.46685153906008026,0.46685153906008026,1,1,6,1,"Article 22 (Motley Fool) summarizes Bank of America management comments from its Q3 call: CEO Brian Moynihan indicated expectations for only ~1% year‑over‑year expense growth in Q4 | Big U.S. banks (JPMorgan, Bank of America, Wells Fargo, Citigroup, Goldman Sachs, Morgan Stanley) reported upbeat Q3 results and beat consensus estimates. At the same time, mid-"
BAC,2023-10-20,log_abs_return,1,85.0,target_sector_event_weighted,shifted_1_day_text,target_event_keyword,-3.5568229509670113,-3.5627330956552896,-4.977806251767593,-4.5109547127075125,0.46685153906008026,0.46685153906008026,1,1,6,1,"Article 22 (Motley Fool) summarizes Bank of America management comments from its Q3 call: CEO Brian Moynihan indicated expectations for only ~1% year‑over‑year expense growth in Q4 | Big U.S. banks (JPMorgan, Bank of America, Wells Fargo, Citigroup, Goldman Sachs, Morgan Stanley) reported upbeat Q3 results and beat consensus estimates. At the same time, mid-"
AMD,2023-09-20,log_abs_return,1,80.0,target_sector_event_weighted,shifted_1_day_text,target_event_keyword,-3.1449051909545074,-3.2882544033767758,-5.640591314189926,-5.178306794349647,0.46228451984027963,0.46228451984027963,1,1,6,2,Article 12 reports AMD launched the Kria K24 System-on-Module (SOM) and KD240 Drives Starter Kit targeting cost‑sensitive industrial and commercial edge motor-control and real‑time | Article 12 states cloud providers deployed Genoa and will add Genoa-X and Bergamo‑based platforms; Article 14 and Article 19 report AMD plans to debut the MI300 AI GPU series la
AMGN,2023-02-15,log_abs_return,1,80.0,target_sector_event_weighted,same_day_text,target_event_keyword,-3.7021829517570444,-4.166675797552926,-5.945787383554783,-5.483866415917914,0.4619209676368685,0.4619209676368685,1,1,5,2,Zacks analyst blog (Article 16) reports Amgen beat fourth‑quarter estimates for earnings and sales. The company is described as having outperformed its industry and provided guidan | Article 16 notes Amgen completed the acquisition of ChemoCentryx (adding Tavneos) and management has pursued selective transactions to bolster the pipeline. | Article 16 highlig
AMGN,2023-02-15,log_abs_return,1,85.0,target_sector_event_weighted,same_day_text,target_event_keyword,-3.7021829517570444,-3.9850435594172993,-5.945787383554783,-5.483866415917914,0.4619209676368685,0.4619209676368685,1,1,5,2,Zacks analyst blog (Article 16) reports Amgen beat fourth‑quarter estimates for earnings and sales. The company is described as having outperformed its industry and provided guidan | Article 16 notes Amgen completed the acquisition of ChemoCentryx (adding Tavneos) and management has pursued selective transactions to bolster the pipeline. | Article 16 highlig
AMGN,2023-02-15,log_abs_return,1,90.0,target_sector_event_weighted,same_day_text,target_event_keyword,-3.7021829517570444,-3.7808209189212634,-5.945787383554783,-5.483866415917914,0.4619209676368685,0.4619209676368685,1,1,5,2,Zacks analyst blog (Article 16) reports Amgen beat fourth‑quarter estimates for earnings and sales. The company is described as having outperformed its industry and provided guidan | Article 16 notes Amgen completed the acquisition of ChemoCentryx (adding Tavneos) and management has pursued selective transactions to bolster the pipeline. | Article 16 highlig
AMD,2023-05-25,log_abs_return,1,90.0,target_sector_event_weighted,shifted_1_day_text,target_event_keyword,-2.918417260325214,-2.930472296673667,-5.772505619180798,-5.310974489874904,0.4615311293058939,0.4615311293058939,1,1,5,2,"AMD announced a new lineup: Ryzen and Athlon 7020 C‑Series processors for Chromebooks (6nm, Zen 2, RDNA2 integrated graphics) and the Radeon RX 7600 discrete graphics card (RDNA3)  | Articles report AMD’s recent Q1 top line weakness (first‑quarter revenues cited around $5.35B, year‑over‑year declines) and company guidance for a second quarter revenue target "
AMD,2023-05-25,log_abs_return,1,85.0,target_sector_event_weighted,shifted_1_day_text,target_event_keyword,-2.918417260325214,-3.1334976403546837,-5.772505619180798,-5.310974489874904,0.4615311293058939,0.4615311293058939,1,1,5,2,"AMD announced a new lineup: Ryzen and Athlon 7020 C‑Series processors for Chromebooks (6nm, Zen 2, RDNA2 integrated graphics) and the Radeon RX 7600 discrete graphics card (RDNA3)  | Articles report AMD’s recent Q1 top line weakness (first‑quarter revenues cited around $5.35B, year‑over‑year declines) and company guidance for a second quarter revenue target "
AMD,2023-05-25,log_abs_return,1,80.0,target_sector_event_weighted,shifted_1_day_text,target_event_keyword,-2.918417260325214,-3.2882544033767758,-5.772505619180798,-5.310974489874904,0.4615311293058939,0.4615311293058939,1,1,5,2,"AMD announced a new lineup: Ryzen and Athlon 7020 C‑Series processors for Chromebooks (6nm, Zen 2, RDNA2 integrated graphics) and the Radeon RX 7600 discrete graphics card (RDNA3)  | Articles report AMD’s recent Q1 top line weakness (first‑quarter revenues cited around $5.35B, year‑over‑year declines) and company guidance for a second quarter revenue target "
AMGN,2023-10-31,log_abs_return,1,85.0,target_sector_weighted,same_day_text,target_event_keyword,-3.9169199794498537,-3.9850435594172993,-5.091559708508022,-4.630431788353394,0.46112792015462833,0.46112792015462833,1,1,5,3,"Amgen completed the approximately $27.8 billion acquisition of Horizon Therapeutics; Horizon’s portfolio generated ~$945 million in sales (Tepezza ~$453M, Krystexxa ~$253M). Per re | Amgen reported Q3 adjusted EPS of $4.96 (beat estimates) while total revenues of $6.90 billion slightly missed consensus. Product sales rose ~5% with double‑digit volume growth "
AMGN,2023-10-31,log_abs_return,1,80.0,target_sector_weighted,same_day_text,target_event_keyword,-3.9169199794498537,-4.166675797552926,-5.091559708508022,-4.630431788353394,0.46112792015462833,0.46112792015462833,1,1,5,3,"Amgen completed the approximately $27.8 billion acquisition of Horizon Therapeutics; Horizon’s portfolio generated ~$945 million in sales (Tepezza ~$453M, Krystexxa ~$253M). Per re | Amgen reported Q3 adjusted EPS of $4.96 (beat estimates) while total revenues of $6.90 billion slightly missed consensus. Product sales rose ~5% with double‑digit volume growth "
AMD,2023-10-03,log_abs_return,1,80.0,target_sector_event_weighted,shifted_1_day_text,target_event_keyword,-3.2417897996632843,-3.2882544033767758,-5.23031620465869,-4.77101739352028,0.4592988111384102,0.4592988111384102,1,1,5,1,A recent comparison piece reported AMD’s revenue declined year-over-year across recent quarters and that revenue fell ~14% in the first half of 2023. Management expects modest stab | U.S. 10-year Treasury yields hit multi-year highs amid resilient economic/labor data and Fed officials signaling possible further rate hikes; rising yields coincided with large 
AXP,2023-06-01,log_abs_return,1,80.0,target_sector_weighted,same_day_text,target_event_keyword,-3.3449777515241053,-3.7262468742768147,-4.66688966200125,-4.21149144654572,0.4553982154555296,0.4553982154555296,1,1,4,2,"Article 1 (InvestorPlace) highlights American Express reporting record Q1 2023 revenues of roughly $14.3 billion (22% YoY) with particularly strong travel & entertainment spending  | Articles report a recent U.S. banking crisis (noted March bank failures and fallout), broad bank-stock sell-offs (SPDR S&P Regional Banking ETF down ~31% YTD; KBW Nasdaq Bank in"
AXP,2023-06-01,log_abs_return,1,90.0,target_sector_weighted,same_day_text,target_event_keyword,-3.3449777515241053,-3.370311825991873,-4.66688966200125,-4.21149144654572,0.4553982154555296,0.4553982154555296,1,1,4,2,"Article 1 (InvestorPlace) highlights American Express reporting record Q1 2023 revenues of roughly $14.3 billion (22% YoY) with particularly strong travel & entertainment spending  | Articles report a recent U.S. banking crisis (noted March bank failures and fallout), broad bank-stock sell-offs (SPDR S&P Regional Banking ETF down ~31% YTD; KBW Nasdaq Bank in"
AXP,2023-06-01,log_abs_return,1,85.0,target_sector_weighted,same_day_text,target_event_keyword,-3.3449777515241053,-3.5352569217700602,-4.66688966200125,-4.21149144654572,0.4553982154555296,0.4553982154555296,1,1,4,2,"Article 1 (InvestorPlace) highlights American Express reporting record Q1 2023 revenues of roughly $14.3 billion (22% YoY) with particularly strong travel & entertainment spending  | Articles report a recent U.S. banking crisis (noted March bank failures and fallout), broad bank-stock sell-offs (SPDR S&P Regional Banking ETF down ~31% YTD; KBW Nasdaq Bank in"
C,2023-07-13,log_abs_return,1,90.0,target_sector_event_weighted,same_day_text,target_event_keyword,-3.186401277379546,-3.37895328487301,-5.2054680830254325,-4.753129996463232,0.4523380865622002,0.4523380865622002,1,1,5,1,"Article 16 reports Citigroup is scheduled to report Q2 results (quarter ended June 30, 2023). Zacks consensus from nine analysts pegs EPS at $1.31, representing a 43.04% decrease v | Article 12 (NICE Actimize piece) notes NICE Actimize expanded relationships with ING and states that other banks, including Citigroup, have been adopting NICE Actimize products "
C,2023-07-13,log_abs_return,1,85.0,target_sector_event_weighted,same_day_text,target_event_keyword,-3.186401277379546,-3.570739842936126,-5.2054680830254325,-4.753129996463232,0.4523380865622002,0.4523380865622002,1,1,5,1,"Article 16 reports Citigroup is scheduled to report Q2 results (quarter ended June 30, 2023). Zacks consensus from nine analysts pegs EPS at $1.31, representing a 43.04% decrease v | Article 12 (NICE Actimize piece) notes NICE Actimize expanded relationships with ING and states that other banks, including Citigroup, have been adopting NICE Actimize products "
C,2023-07-13,log_abs_return,1,80.0,target_sector_event_weighted,same_day_text,target_event_keyword,-3.186401277379546,-3.7434251735950372,-5.2054680830254325,-4.753129996463232,0.4523380865622002,0.4523380865622002,1,1,5,1,"Article 16 reports Citigroup is scheduled to report Q2 results (quarter ended June 30, 2023). Zacks consensus from nine analysts pegs EPS at $1.31, representing a 43.04% decrease v | Article 12 (NICE Actimize piece) notes NICE Actimize expanded relationships with ING and states that other banks, including Citigroup, have been adopting NICE Actimize products "
AMD,2023-12-06,log_abs_return,1,80.0,target_sector_weighted,same_day_text,target_event_keyword,-2.361460797535047,-3.2882544033767758,-4.015201576337448,-3.5634051022916666,0.4517964740457816,0.4517964740457816,1,1,4,2,"AMD launched new MI300-series data center AI processors (including the MI300X) and accompanying software, describing the MI300X as targeted at generative AI with advanced high‑band | AMD reported Q3 results that beat muted expectations (revenue growth cited in media coverage) and provided Q4 2023 revenue guidance of approximately $6.1 billion. Management exp"
AMD,2023-12-06,log_abs_return,1,90.0,target_sector_weighted,same_day_text,target_event_keyword,-2.361460797535047,-2.930472296673667,-4.015201576337448,-3.5634051022916666,0.4517964740457816,0.4517964740457816,1,1,4,2,"AMD launched new MI300-series data center AI processors (including the MI300X) and accompanying software, describing the MI300X as targeted at generative AI with advanced high‑band | AMD reported Q3 results that beat muted expectations (revenue growth cited in media coverage) and provided Q4 2023 revenue guidance of approximately $6.1 billion. Management exp"
AMD,2023-12-06,log_abs_return,1,95.0,target_sector_weighted,same_day_text,target_event_keyword,-2.361460797535047,-2.6862575909914783,-4.015201576337448,-3.5634051022916666,0.4517964740457816,0.4517964740457816,1,1,4,2,"AMD launched new MI300-series data center AI processors (including the MI300X) and accompanying software, describing the MI300X as targeted at generative AI with advanced high‑band | AMD reported Q3 results that beat muted expectations (revenue growth cited in media coverage) and provided Q4 2023 revenue guidance of approximately $6.1 billion. Management exp"
AMD,2023-12-06,log_abs_return,1,85.0,target_sector_weighted,same_day_text,target_event_keyword,-2.361460797535047,-3.1334976403546837,-4.015201576337448,-3.5634051022916666,0.4517964740457816,0.4517964740457816,1,1,4,2,"AMD launched new MI300-series data center AI processors (including the MI300X) and accompanying software, describing the MI300X as targeted at generative AI with advanced high‑band | AMD reported Q3 results that beat muted expectations (revenue growth cited in media coverage) and provided Q4 2023 revenue guidance of approximately $6.1 billion. Management exp"
ABT,2023-08-07,log_abs_return,1,85.0,target_sector_weighted,same_day_text,target_event_keyword,-3.6185973912814693,-3.8578272817240364,-7.116934812409173,-6.675875244633255,0.4410595677759179,0.4410595677759179,1,1,5,2,"Articles referencing Abbott note Q2 2023 results with reported revenue of $9.98 billion and adjusted diluted EPS of $1.08, both described as beating consensus/estimates (Articles 1 | Motley Fool published a feature naming Abbott as one of two top healthcare stocks to buy and hold, highlighting product breadth, FreeStyle Libre innovation and dividend history "
ABT,2023-08-07,log_abs_return,1,80.0,target_sector_weighted,same_day_text,target_event_keyword,-3.6185973912814693,-4.013893356841336,-7.116934812409173,-6.675875244633255,0.4410595677759179,0.4410595677759179,1,1,5,2,"Articles referencing Abbott note Q2 2023 results with reported revenue of $9.98 billion and adjusted diluted EPS of $1.08, both described as beating consensus/estimates (Articles 1 | Motley Fool published a feature naming Abbott as one of two top healthcare stocks to buy and hold, highlighting product breadth, FreeStyle Libre innovation and dividend history "
ABT,2023-08-07,log_abs_return,1,90.0,target_sector_weighted,same_day_text,target_event_keyword,-3.6185973912814693,-3.650441061846967,-7.116934812409173,-6.675875244633255,0.4410595677759179,0.4410595677759179,1,1,5,2,"Articles referencing Abbott note Q2 2023 results with reported revenue of $9.98 billion and adjusted diluted EPS of $1.08, both described as beating consensus/estimates (Articles 1 | Motley Fool published a feature naming Abbott as one of two top healthcare stocks to buy and hold, highlighting product breadth, FreeStyle Libre innovation and dividend history "
AMD,2023-12-06,log_abs_return,1,80.0,target_sector_event_weighted,same_day_text,target_event_keyword,-2.361460797535047,-3.2882544033767758,-4.015201576337448,-3.5757191517303584,0.43948242460708986,0.43948242460708986,1,1,4,2,"AMD launched new MI300-series data center AI processors (including the MI300X) and accompanying software, describing the MI300X as targeted at generative AI with advanced high‑band | AMD reported Q3 results that beat muted expectations (revenue growth cited in media coverage) and provided Q4 2023 revenue guidance of approximately $6.1 billion. Management exp"
AMD,2023-12-06,log_abs_return,1,95.0,target_sector_event_weighted,same_day_text,target_event_keyword,-2.361460797535047,-2.6862575909914783,-4.015201576337448,-3.5757191517303584,0.43948242460708986,0.43948242460708986,1,1,4,2,"AMD launched new MI300-series data center AI processors (including the MI300X) and accompanying software, describing the MI300X as targeted at generative AI with advanced high‑band | AMD reported Q3 results that beat muted expectations (revenue growth cited in media coverage) and provided Q4 2023 revenue guidance of approximately $6.1 billion. Management exp"
AMD,2023-12-06,log_abs_return,1,90.0,target_sector_event_weighted,same_day_text,target_event_keyword,-2.361460797535047,-2.930472296673667,-4.015201576337448,-3.5757191517303584,0.43948242460708986,0.43948242460708986,1,1,4,2,"AMD launched new MI300-series data center AI processors (including the MI300X) and accompanying software, describing the MI300X as targeted at generative AI with advanced high‑band | AMD reported Q3 results that beat muted expectations (revenue growth cited in media coverage) and provided Q4 2023 revenue guidance of approximately $6.1 billion. Management exp"
AMD,2023-12-06,log_abs_return,1,85.0,target_sector_event_weighted,same_day_text,target_event_keyword,-2.361460797535047,-3.1334976403546837,-4.015201576337448,-3.5757191517303584,0.43948242460708986,0.43948242460708986,1,1,4,2,"AMD launched new MI300-series data center AI processors (including the MI300X) and accompanying software, describing the MI300X as targeted at generative AI with advanced high‑band | AMD reported Q3 results that beat muted expectations (revenue growth cited in media coverage) and provided Q4 2023 revenue guidance of approximately $6.1 billion. Management exp"
ABT,2023-02-20,log_abs_return,1,85.0,target_sector_event_weighted,same_day_text,target_event_keyword,-3.5275736142869447,-3.8578272817240364,-6.000559414566603,-5.562908210187056,0.43765120437954685,0.43765120437954685,1,1,6,4,"Article 1 reports strong fourth-quarter 2022 Diabetes Care performance: FreeStyle Libre sales reached $4.3 billion for 2022, Q4 Libre sales were $1.1 billion and U.S. Libre sales g | Article 1 notes worldwide Nutrition sales were down 5.7% on an organic basis in Q4 2022, with Pediatric Nutrition down 11.8%, attributed to a voluntary recall and manufacturing "
ABT,2023-02-20,log_abs_return,1,80.0,target_sector_event_weighted,same_day_text,target_event_keyword,-3.5275736142869447,-4.013893356841336,-6.000559414566603,-5.562908210187056,0.43765120437954685,0.43765120437954685,1,1,6,4,"Article 1 reports strong fourth-quarter 2022 Diabetes Care performance: FreeStyle Libre sales reached $4.3 billion for 2022, Q4 Libre sales were $1.1 billion and U.S. Libre sales g | Article 1 notes worldwide Nutrition sales were down 5.7% on an organic basis in Q4 2022, with Pediatric Nutrition down 11.8%, attributed to a voluntary recall and manufacturing "
ABT,2023-02-20,log_abs_return,1,90.0,target_sector_event_weighted,same_day_text,target_event_keyword,-3.5275736142869447,-3.650441061846967,-6.000559414566603,-5.562908210187056,0.43765120437954685,0.43765120437954685,1,1,6,4,"Article 1 reports strong fourth-quarter 2022 Diabetes Care performance: FreeStyle Libre sales reached $4.3 billion for 2022, Q4 Libre sales were $1.1 billion and U.S. Libre sales g | Article 1 notes worldwide Nutrition sales were down 5.7% on an organic basis in Q4 2022, with Pediatric Nutrition down 11.8%, attributed to a voluntary recall and manufacturing "
C,2023-03-08,log_abs_return,1,80.0,target_sector_event_weighted,shifted_1_day_text,target_event_keyword,-3.1722829378047965,-3.7434251735950372,-5.566254805250982,-5.130853930152693,0.4354008750982894,0.4354008750982894,1,1,4,1,"Reuters (Articles 11 and 12) report Citigroup CFO Mark Mason said the bank will adjust its investment banking headcount as necessary following a recent drought in dealmaking. The c | Articles report persistent inflation (CPI +0.5% in Jan), Fed Chair Jerome Powell warning rate hikes may continue and markets pricing higher terminal rates (CME FedWatch moved to"
C,2023-03-08,log_abs_return,1,90.0,target_sector_event_weighted,shifted_1_day_text,target_event_keyword,-3.1722829378047965,-3.37895328487301,-5.566254805250982,-5.130853930152693,0.4354008750982894,0.4354008750982894,1,1,4,1,"Reuters (Articles 11 and 12) report Citigroup CFO Mark Mason said the bank will adjust its investment banking headcount as necessary following a recent drought in dealmaking. The c | Articles report persistent inflation (CPI +0.5% in Jan), Fed Chair Jerome Powell warning rate hikes may continue and markets pricing higher terminal rates (CME FedWatch moved to"
C,2023-03-08,log_abs_return,1,85.0,target_sector_event_weighted,shifted_1_day_text,target_event_keyword,-3.1722829378047965,-3.570739842936126,-5.566254805250982,-5.130853930152693,0.4354008750982894,0.4354008750982894,1,1,4,1,"Reuters (Articles 11 and 12) report Citigroup CFO Mark Mason said the bank will adjust its investment banking headcount as necessary following a recent drought in dealmaking. The c | Articles report persistent inflation (CPI +0.5% in Jan), Fed Chair Jerome Powell warning rate hikes may continue and markets pricing higher terminal rates (CME FedWatch moved to"
AMD,2023-03-07,log_abs_return,1,80.0,target_sector_event_weighted,same_day_text,target_event_keyword,-3.2458626134964184,-3.2882544033767758,-4.71211168693757,-4.278612905657992,0.4334987812795781,0.4334987812795781,1,1,5,1,"Articles note AMD's recent revenue mix shift: analysts and commentators cite AMD’s data center business becoming its highest‑earning segment and the embedded/Xilinx-derived busines | Coverage highlights AMD’s role as a supplier for major consoles (PlayStation 5, Xbox Series X|S) and notes partnerships with VR headset makers and platform vendors (Microsoft Wi"
BAC,2023-11-28,log_abs_return,1,80.0,target_sector_weighted,same_day_text,target_event_keyword,-3.6469337663289316,-3.7591263504342325,-6.64572467821038,-6.2185795726304,0.42714510557997976,0.42714510557997976,1,1,6,1,"Article 18 reports Bank of America Corp's 5.000% Non‑Cumulative Preferred Stock, Series LL (BAC.PRN) will trade ex‑dividend on 11/30/23 for a quarterly dividend of $0.3125 payable  | Long-duration Treasury ETFs rallied in November as yields fell from their highs; the Bloomberg U.S. Treasury Index turned positive and the 10-year yield registered its biggest m"
AMGN,2023-08-14,log_abs_return,1,85.0,target_sector_weighted,shifted_1_day_text,target_event_keyword,-3.956579690165418,-3.9850435594172993,-6.46295408969225,-6.039065279185134,0.42388881050711635,0.42388881050711635,1,1,6,4,"Article 1 reports Amgen’s Q2 results: revenue $7.0 billion (up 6% y/y), adjusted EPS $5.00 (above $4.46 consensus), adjusted operating margin ~52.6% (down ~50 bps) and higher R&D s | Article 1 describes Amgen’s planned ~$28 billion acquisition of Horizon Therapeutics (expected to close toward year‑end) and notes Horizon’s fast‑growing drugs Tepezza and Kryst"
AMGN,2023-08-14,log_abs_return,1,80.0,target_sector_weighted,shifted_1_day_text,target_event_keyword,-3.956579690165418,-4.166675797552926,-6.46295408969225,-6.039065279185134,0.42388881050711635,0.42388881050711635,1,1,6,4,"Article 1 reports Amgen’s Q2 results: revenue $7.0 billion (up 6% y/y), adjusted EPS $5.00 (above $4.46 consensus), adjusted operating margin ~52.6% (down ~50 bps) and higher R&D s | Article 1 describes Amgen’s planned ~$28 billion acquisition of Horizon Therapeutics (expected to close toward year‑end) and notes Horizon’s fast‑growing drugs Tepezza and Kryst"
BAC,2023-07-17,log_abs_return,1,85.0,target_sector_event_weighted,same_day_text,target_event_keyword,-3.1403422682683755,-3.5627330956552896,-5.537018894191267,-5.113683969253981,0.42333492493728553,0.42333492493728553,1,1,5,2,"Zacks reports (Article 7) that Bank of America's markets/trading business was a weak spot in Q2 2023: market volatility and client activity were muted (partly due to Congressional  | Earnings calendars (Articles 9 and 11) show BAC scheduled to report Q2 2023 results on July 18, with a consensus EPS estimate around $0.84 (11 analysts cited), implying roughly "
BAC,2023-07-17,log_abs_return,1,90.0,target_sector_event_weighted,same_day_text,target_event_keyword,-3.1403422682683755,-3.371941668411282,-5.537018894191267,-5.113683969253981,0.42333492493728553,0.42333492493728553,1,1,5,2,"Zacks reports (Article 7) that Bank of America's markets/trading business was a weak spot in Q2 2023: market volatility and client activity were muted (partly due to Congressional  | Earnings calendars (Articles 9 and 11) show BAC scheduled to report Q2 2023 results on July 18, with a consensus EPS estimate around $0.84 (11 analysts cited), implying roughly "
BAC,2023-07-17,log_abs_return,1,80.0,target_sector_event_weighted,same_day_text,target_event_keyword,-3.1403422682683755,-3.7591263504342325,-5.537018894191267,-5.113683969253981,0.42333492493728553,0.42333492493728553,1,1,5,2,"Zacks reports (Article 7) that Bank of America's markets/trading business was a weak spot in Q2 2023: market volatility and client activity were muted (partly due to Congressional  | Earnings calendars (Articles 9 and 11) show BAC scheduled to report Q2 2023 results on July 18, with a consensus EPS estimate around $0.84 (11 analysts cited), implying roughly "
AMD,2023-08-15,log_abs_return,1,80.0,target_sector_event_weighted,same_day_text,target_event_keyword,-3.268186966044655,-3.2882544033767758,-4.907692413728157,-4.486158439613451,0.4215339741147055,0.4215339741147055,1,1,6,2,"Articles report AMD is intensifying its AI hardware and software effort: launching/positioning new Instinct GPUs (MI300 family including MI300X and MI300A) and renewing its ROCm op | Coverage notes AMD pulled back after reporting Q2 results: revenue down ~18% y/y to ~$5.36B, with declines across Client, Data Center and Gaming segments; EPS and revenue slowed"
AMD,2023-05-03,log_abs_return,1,80.0,target_sector_weighted,shifted_1_day_text,target_event_keyword,-2.824456063254057,-3.2882544033767758,-4.228828749576504,-3.8073065491372984,0.42152220043920563,0.42152220043920563,1,1,5,2,"AMD reported Q1 2023 non‑GAAP EPS of $0.60 and revenue of $5.35B (beats modestly on consensus) but revenue was down ~9% Y/Y, non‑GAAP gross margin contracted and operating margins  | The newly reported Embedded segment (including Xilinx products) grew sharply to $1.56B from $595M a year earlier and now represents ~29% of revenues; AMD cited strong demand acr"
AMD,2023-05-03,log_abs_return,1,85.0,target_sector_weighted,shifted_1_day_text,target_event_keyword,-2.824456063254057,-3.1334976403546837,-4.228828749576504,-3.8073065491372984,0.42152220043920563,0.42152220043920563,1,1,5,2,"AMD reported Q1 2023 non‑GAAP EPS of $0.60 and revenue of $5.35B (beats modestly on consensus) but revenue was down ~9% Y/Y, non‑GAAP gross margin contracted and operating margins  | The newly reported Embedded segment (including Xilinx products) grew sharply to $1.56B from $595M a year earlier and now represents ~29% of revenues; AMD cited strong demand acr"
AMD,2023-05-03,log_abs_return,1,90.0,target_sector_weighted,shifted_1_day_text,target_event_keyword,-2.824456063254057,-2.930472296673667,-4.228828749576504,-3.8073065491372984,0.42152220043920563,0.42152220043920563,1,1,5,2,"AMD reported Q1 2023 non‑GAAP EPS of $0.60 and revenue of $5.35B (beats modestly on consensus) but revenue was down ~9% Y/Y, non‑GAAP gross margin contracted and operating margins  | The newly reported Embedded segment (including Xilinx products) grew sharply to $1.56B from $595M a year earlier and now represents ~29% of revenues; AMD cited strong demand acr"
C,2023-12-12,log_abs_return,1,80.0,target_sector_weighted,same_day_text,target_event_keyword,-3.638766403499264,-3.7434251735950372,-6.015411105241381,-5.59628788749901,0.4191232177423716,0.4191232177423716,1,1,6,1,"Article 11/12 report that Citigroup 'has commenced the elimination of various job positions' as part of a major organizational overhaul and simplification of its operating model; t | Goldman Sachs is shifting focus to expand its private credit business, appointing new global heads and targeting to double a $110 billion private credit business; Goldman has di"
BX,2023-06-02,log_abs_return,1,85.0,target_sector_event_weighted,same_day_text,target_event_keyword,-3.2217249807143045,-3.4268472672158237,-4.91015504996265,-4.491032538871421,0.41912251109122867,0.41912251109122867,1,1,6,2,Articles show strong yield and investor demand for Blackstone-affiliated credit vehicles: InvestorPlace (Article 12) describes Blackstone Secured Lending Fund (BXSL) as a Blackston | FDIC data showed Q1 2023 earnings for FDIC-insured banks rose 33.6% YoY driven by higher net interest income and a 77 bps increase in NIM; net charge-offs and provisions rose sh
BX,2023-06-02,log_abs_return,1,80.0,target_sector_event_weighted,same_day_text,target_event_keyword,-3.2217249807143045,-3.603469438988649,-4.91015504996265,-4.491032538871421,0.41912251109122867,0.41912251109122867,1,1,6,2,Articles show strong yield and investor demand for Blackstone-affiliated credit vehicles: InvestorPlace (Article 12) describes Blackstone Secured Lending Fund (BXSL) as a Blackston | FDIC data showed Q1 2023 earnings for FDIC-insured banks rose 33.6% YoY driven by higher net interest income and a 77 bps increase in NIM; net charge-offs and provisions rose sh
AMGN,2023-08-04,log_abs_return,1,80.0,target_sector_event_weighted,same_day_text,target_event_keyword,-3.2457489847619536,-4.166675797552926,-5.690625173016164,-5.276609077723471,0.414016095292693,0.414016095292693,1,1,6,3,"Amgen reported Q2 2023 results that beat estimates: GAAP/non‑GAAP EPS and revenues exceeded consensus (earnings $5.00/sh; total revenues $6.99B). Management raised 2023 revenue and | Amgen’s product volumes rose across many key drugs in Q2 (Prolia +11%, Repatha +30%, Evenity +47% YoY for the quarter; Tezspire and Tavneos showed sequential growth). At the sam"
AMGN,2023-08-04,log_abs_return,1,90.0,target_sector_event_weighted,same_day_text,target_event_keyword,-3.2457489847619536,-3.7808209189212634,-5.690625173016164,-5.276609077723471,0.414016095292693,0.414016095292693,1,1,6,3,"Amgen reported Q2 2023 results that beat estimates: GAAP/non‑GAAP EPS and revenues exceeded consensus (earnings $5.00/sh; total revenues $6.99B). Management raised 2023 revenue and | Amgen’s product volumes rose across many key drugs in Q2 (Prolia +11%, Repatha +30%, Evenity +47% YoY for the quarter; Tezspire and Tavneos showed sequential growth). At the sam"
AMGN,2023-08-04,log_abs_return,1,85.0,target_sector_event_weighted,same_day_text,target_event_keyword,-3.2457489847619536,-3.9850435594172993,-5.690625173016164,-5.276609077723471,0.414016095292693,0.414016095292693,1,1,6,3,"Amgen reported Q2 2023 results that beat estimates: GAAP/non‑GAAP EPS and revenues exceeded consensus (earnings $5.00/sh; total revenues $6.99B). Management raised 2023 revenue and | Amgen’s product volumes rose across many key drugs in Q2 (Prolia +11%, Repatha +30%, Evenity +47% YoY for the quarter; Tezspire and Tavneos showed sequential growth). At the sam"
AMGN,2023-08-04,log_abs_return,1,95.0,target_sector_event_weighted,same_day_text,target_event_keyword,-3.2457489847619536,-3.4505724151768513,-5.690625173016164,-5.276609077723471,0.414016095292693,0.414016095292693,1,1,6,3,"Amgen reported Q2 2023 results that beat estimates: GAAP/non‑GAAP EPS and revenues exceeded consensus (earnings $5.00/sh; total revenues $6.99B). Management raised 2023 revenue and | Amgen’s product volumes rose across many key drugs in Q2 (Prolia +11%, Repatha +30%, Evenity +47% YoY for the quarter; Tezspire and Tavneos showed sequential growth). At the sam"
AMGN,2023-08-03,log_abs_return,1,95.0,target_sector_weighted,same_day_text,target_event_keyword,-2.93567454876621,-3.4505724151768513,-6.382431584573259,-5.9697260219321695,0.41270556264108915,0.41270556264108915,1,1,6,5,"Reuters articles reported Amgen’s Q2 results: revenue $6.99B (up 6% YoY) and adjusted EPS $5.00, both above Street estimates; management said product volumes rose ~11% while net se | Reuters noted the U.S. Federal Trade Commission filed suit challenging Amgen’s planned acquisition of Horizon; the FTC alleges Amgen could use its large-selling drugs to influen"
AMGN,2023-08-03,log_abs_return,1,85.0,target_sector_weighted,same_day_text,target_event_keyword,-2.93567454876621,-3.9850435594172993,-6.382431584573259,-5.9697260219321695,0.41270556264108915,0.41270556264108915,1,1,6,5,"Reuters articles reported Amgen’s Q2 results: revenue $6.99B (up 6% YoY) and adjusted EPS $5.00, both above Street estimates; management said product volumes rose ~11% while net se | Reuters noted the U.S. Federal Trade Commission filed suit challenging Amgen’s planned acquisition of Horizon; the FTC alleges Amgen could use its large-selling drugs to influen"
AMGN,2023-08-03,log_abs_return,1,80.0,target_sector_weighted,same_day_text,target_event_keyword,-2.93567454876621,-4.166675797552926,-6.382431584573259,-5.9697260219321695,0.41270556264108915,0.41270556264108915,1,1,6,5,"Reuters articles reported Amgen’s Q2 results: revenue $6.99B (up 6% YoY) and adjusted EPS $5.00, both above Street estimates; management said product volumes rose ~11% while net se | Reuters noted the U.S. Federal Trade Commission filed suit challenging Amgen’s planned acquisition of Horizon; the FTC alleges Amgen could use its large-selling drugs to influen"
AMGN,2023-08-03,log_abs_return,1,90.0,target_sector_weighted,same_day_text,target_event_keyword,-2.93567454876621,-3.7808209189212634,-6.382431584573259,-5.9697260219321695,0.41270556264108915,0.41270556264108915,1,1,6,5,"Reuters articles reported Amgen’s Q2 results: revenue $6.99B (up 6% YoY) and adjusted EPS $5.00, both above Street estimates; management said product volumes rose ~11% while net se | Reuters noted the U.S. Federal Trade Commission filed suit challenging Amgen’s planned acquisition of Horizon; the FTC alleges Amgen could use its large-selling drugs to influen"
ABT,2023-07-20,log_abs_return,1,85.0,target_sector_event_weighted,same_day_text,target_event_keyword,-3.8277135364663115,-3.8578272817240364,-5.060452251164766,-4.651165876737669,0.40928637442709714,0.40928637442709714,1,1,6,4,"Abbott reported Q2 2023 revenue of ~$9.98–10.0 billion (down ~11.4% YoY) and adjusted EPS of $1.08, topping estimates; GAAP EPS $0.78. Management reaffirmed full-year adjusted EPS  | Multiple articles and the earnings call reported double-digit organic growth in Medical Devices (device sales ~$4.3 billion) including continued strong FreeStyle Libre performan"
ABT,2023-07-20,log_abs_return,1,80.0,target_sector_event_weighted,same_day_text,target_event_keyword,-3.8277135364663115,-4.013893356841336,-5.060452251164766,-4.651165876737669,0.40928637442709714,0.40928637442709714,1,1,6,4,"Abbott reported Q2 2023 revenue of ~$9.98–10.0 billion (down ~11.4% YoY) and adjusted EPS of $1.08, topping estimates; GAAP EPS $0.78. Management reaffirmed full-year adjusted EPS  | Multiple articles and the earnings call reported double-digit organic growth in Medical Devices (device sales ~$4.3 billion) including continued strong FreeStyle Libre performan"
AXP,2023-07-20,log_abs_return,1,90.0,target_sector_weighted,same_day_text,target_event_keyword,-3.2269259271925934,-3.370311825991873,-5.371986999632379,-4.9647079556392475,0.40727904399313175,0.40727904399313175,1,1,5,1,"Earnings calendar (pre-market) lists American Express (AXP) as reporting for quarter ended June 30, 2023 with a consensus EPS of $2.80 from 16 analysts; Zacks notes this represents | Multiple U.S. banks and financial firms reported mixed Q2 results: Blackstone reported lower distributable earnings year-over-year; Truist missed expectations with EPS down from"
AXP,2023-07-20,log_abs_return,1,80.0,target_sector_weighted,same_day_text,target_event_keyword,-3.2269259271925934,-3.7262468742768147,-5.371986999632379,-4.9647079556392475,0.40727904399313175,0.40727904399313175,1,1,5,1,"Earnings calendar (pre-market) lists American Express (AXP) as reporting for quarter ended June 30, 2023 with a consensus EPS of $2.80 from 16 analysts; Zacks notes this represents | Multiple U.S. banks and financial firms reported mixed Q2 results: Blackstone reported lower distributable earnings year-over-year; Truist missed expectations with EPS down from"
AXP,2023-07-20,log_abs_return,1,85.0,target_sector_weighted,same_day_text,target_event_keyword,-3.2269259271925934,-3.5352569217700602,-5.371986999632379,-4.9647079556392475,0.40727904399313175,0.40727904399313175,1,1,5,1,"Earnings calendar (pre-market) lists American Express (AXP) as reporting for quarter ended June 30, 2023 with a consensus EPS of $2.80 from 16 analysts; Zacks notes this represents | Multiple U.S. banks and financial firms reported mixed Q2 results: Blackstone reported lower distributable earnings year-over-year; Truist missed expectations with EPS down from"
AMD,2023-05-03,log_abs_return,1,80.0,target_sector_weighted,same_day_text,target_event_keyword,-2.824456063254057,-3.2882544033767758,-4.228828749576504,-3.822975637149037,0.4058531124274669,0.4058531124274669,1,1,5,2,"AMD reported Q1 2023 non‑GAAP EPS of $0.60 and revenue of $5.35B (beats modestly on consensus) but revenue was down ~9% Y/Y, non‑GAAP gross margin contracted and operating margins  | The newly reported Embedded segment (including Xilinx products) grew sharply to $1.56B from $595M a year earlier and now represents ~29% of revenues; AMD cited strong demand acr"
AMD,2023-05-03,log_abs_return,1,90.0,target_sector_weighted,same_day_text,target_event_keyword,-2.824456063254057,-2.930472296673667,-4.228828749576504,-3.822975637149037,0.4058531124274669,0.4058531124274669,1,1,5,2,"AMD reported Q1 2023 non‑GAAP EPS of $0.60 and revenue of $5.35B (beats modestly on consensus) but revenue was down ~9% Y/Y, non‑GAAP gross margin contracted and operating margins  | The newly reported Embedded segment (including Xilinx products) grew sharply to $1.56B from $595M a year earlier and now represents ~29% of revenues; AMD cited strong demand acr"
AMD,2023-05-03,log_abs_return,1,85.0,target_sector_weighted,same_day_text,target_event_keyword,-2.824456063254057,-3.1334976403546837,-4.228828749576504,-3.822975637149037,0.4058531124274669,0.4058531124274669,1,1,5,2,"AMD reported Q1 2023 non‑GAAP EPS of $0.60 and revenue of $5.35B (beats modestly on consensus) but revenue was down ~9% Y/Y, non‑GAAP gross margin contracted and operating margins  | The newly reported Embedded segment (including Xilinx products) grew sharply to $1.56B from $595M a year earlier and now represents ~29% of revenues; AMD cited strong demand acr"
AMD,2023-10-03,log_abs_return,1,80.0,target_sector_event_weighted,same_day_text,target_event_keyword,-3.2417897996632843,-3.2882544033767758,-5.23031620465869,-4.824915320182702,0.40540088447598777,0.40540088447598777,1,1,5,1,A recent comparison piece reported AMD’s revenue declined year-over-year across recent quarters and that revenue fell ~14% in the first half of 2023. Management expects modest stab | U.S. 10-year Treasury yields hit multi-year highs amid resilient economic/labor data and Fed officials signaling possible further rate hikes; rising yields coincided with large 
AMGN,2023-07-07,log_abs_return,1,90.0,target_sector_event_weighted,same_day_text,target_event_keyword,-3.596213401417263,-3.7808209189212634,-5.584802967206358,-5.179868120777133,0.4049348464292253,0.4049348464292253,1,1,5,4,Article 5 reports Amgen is pursuing a $27.8 billion cash acquisition of Horizon Therapeutics but the U.S. Federal Trade Commission is seeking to block the merger. The article notes | Article 5 says Amgen’s Q1 revenue declined ~2% year-over-year to $6.1 billion and that newer approvals (Lumakras and Tezspire) have not yet materially moved financial results. T
AMGN,2023-07-07,log_abs_return,1,85.0,target_sector_event_weighted,same_day_text,target_event_keyword,-3.596213401417263,-3.9850435594172993,-5.584802967206358,-5.179868120777133,0.4049348464292253,0.4049348464292253,1,1,5,4,Article 5 reports Amgen is pursuing a $27.8 billion cash acquisition of Horizon Therapeutics but the U.S. Federal Trade Commission is seeking to block the merger. The article notes | Article 5 says Amgen’s Q1 revenue declined ~2% year-over-year to $6.1 billion and that newer approvals (Lumakras and Tezspire) have not yet materially moved financial results. T
AMGN,2023-07-07,log_abs_return,1,80.0,target_sector_event_weighted,same_day_text,target_event_keyword,-3.596213401417263,-4.166675797552926,-5.584802967206358,-5.179868120777133,0.4049348464292253,0.4049348464292253,1,1,5,4,Article 5 reports Amgen is pursuing a $27.8 billion cash acquisition of Horizon Therapeutics but the U.S. Federal Trade Commission is seeking to block the merger. The article notes | Article 5 says Amgen’s Q1 revenue declined ~2% year-over-year to $6.1 billion and that newer approvals (Lumakras and Tezspire) have not yet materially moved financial results. T
AMGN,2023-01-31,log_abs_return,1,80.0,target_sector_event_weighted,shifted_1_day_text,target_event_keyword,-3.728940243800042,-4.166675797552926,-5.389348086889699,-4.986038212985927,0.4033098739037717,0.4033098739037717,1,1,5,3,"Amgen reported Q4 revenue of $6.84 billion (down slightly from $6.85 billion a year ago), adjusted EPS of $4.09 (down from $4.40) and net income down 15% to $1.62 billion. 'Other r | Amgen recorded a 14% jump in Prolia sales to a quarterly record of $992 million. The company launched Amjevita, the first U.S. biosimilar to AbbVie’s Humira, and began selling i"
AMGN,2023-01-31,log_abs_return,1,85.0,target_sector_event_weighted,shifted_1_day_text,target_event_keyword,-3.728940243800042,-3.9850435594172993,-5.389348086889699,-4.986038212985927,0.4033098739037717,0.4033098739037717,1,1,5,3,"Amgen reported Q4 revenue of $6.84 billion (down slightly from $6.85 billion a year ago), adjusted EPS of $4.09 (down from $4.40) and net income down 15% to $1.62 billion. 'Other r | Amgen recorded a 14% jump in Prolia sales to a quarterly record of $992 million. The company launched Amjevita, the first U.S. biosimilar to AbbVie’s Humira, and began selling i"
AMGN,2023-01-31,log_abs_return,1,90.0,target_sector_event_weighted,shifted_1_day_text,target_event_keyword,-3.728940243800042,-3.7808209189212634,-5.389348086889699,-4.986038212985927,0.4033098739037717,0.4033098739037717,1,1,5,3,"Amgen reported Q4 revenue of $6.84 billion (down slightly from $6.85 billion a year ago), adjusted EPS of $4.09 (down from $4.40) and net income down 15% to $1.62 billion. 'Other r | Amgen recorded a 14% jump in Prolia sales to a quarterly record of $992 million. The company launched Amjevita, the first U.S. biosimilar to AbbVie’s Humira, and began selling i"
AMD,2023-10-24,log_abs_return,1,85.0,target_sector_weighted,same_day_text,target_event_keyword,-2.868936015616637,-3.1334976403546837,-5.655697472481476,-5.2532889912221865,0.40240848125928963,0.40240848125928963,1,1,5,1,Articles report AMD rolling out and positioning new AI-capable products and making software acquisitions: Article 13 notes AMD unveiled the MI300X GPU and has acquired AI software  | Article 14 highlights AMD’s client/workstation product activity: new Threadripper 7000 and PRO 7000 WX-series processors announced for high-end desktops/workstations and integra
AMD,2023-10-24,log_abs_return,1,90.0,target_sector_weighted,same_day_text,target_event_keyword,-2.868936015616637,-2.930472296673667,-5.655697472481476,-5.2532889912221865,0.40240848125928963,0.40240848125928963,1,1,5,1,Articles report AMD rolling out and positioning new AI-capable products and making software acquisitions: Article 13 notes AMD unveiled the MI300X GPU and has acquired AI software  | Article 14 highlights AMD’s client/workstation product activity: new Threadripper 7000 and PRO 7000 WX-series processors announced for high-end desktops/workstations and integra
AMD,2023-10-24,log_abs_return,1,80.0,target_sector_weighted,same_day_text,target_event_keyword,-2.868936015616637,-3.2882544033767758,-5.655697472481476,-5.2532889912221865,0.40240848125928963,0.40240848125928963,1,1,5,1,Articles report AMD rolling out and positioning new AI-capable products and making software acquisitions: Article 13 notes AMD unveiled the MI300X GPU and has acquired AI software  | Article 14 highlights AMD’s client/workstation product activity: new Threadripper 7000 and PRO 7000 WX-series processors announced for high-end desktops/workstations and integra
AMGN,2023-01-31,log_abs_return,1,85.0,target_sector_weighted,same_day_text,target_event_keyword,-3.728940243800042,-3.9850435594172993,-5.389348086889699,-4.989019496121989,0.4003285907677103,0.4003285907677103,1,1,5,3,"Amgen reported Q4 revenue of $6.84 billion (down slightly from $6.85 billion a year ago), adjusted EPS of $4.09 (down from $4.40) and net income down 15% to $1.62 billion. 'Other r | Amgen recorded a 14% jump in Prolia sales to a quarterly record of $992 million. The company launched Amjevita, the first U.S. biosimilar to AbbVie’s Humira, and began selling i"
AMGN,2023-01-31,log_abs_return,1,80.0,target_sector_weighted,same_day_text,target_event_keyword,-3.728940243800042,-4.166675797552926,-5.389348086889699,-4.989019496121989,0.4003285907677103,0.4003285907677103,1,1,5,3,"Amgen reported Q4 revenue of $6.84 billion (down slightly from $6.85 billion a year ago), adjusted EPS of $4.09 (down from $4.40) and net income down 15% to $1.62 billion. 'Other r | Amgen recorded a 14% jump in Prolia sales to a quarterly record of $992 million. The company launched Amjevita, the first U.S. biosimilar to AbbVie’s Humira, and began selling i"
AMGN,2023-01-31,log_abs_return,1,90.0,target_sector_weighted,same_day_text,target_event_keyword,-3.728940243800042,-3.7808209189212634,-5.389348086889699,-4.989019496121989,0.4003285907677103,0.4003285907677103,1,1,5,3,"Amgen reported Q4 revenue of $6.84 billion (down slightly from $6.85 billion a year ago), adjusted EPS of $4.09 (down from $4.40) and net income down 15% to $1.62 billion. 'Other r | Amgen recorded a 14% jump in Prolia sales to a quarterly record of $992 million. The company launched Amjevita, the first U.S. biosimilar to AbbVie’s Humira, and began selling i"
