ticker,target_name,horizon,spike_percentile,embedding_variant,alignment_mode,placebo_variant,evaluation_filter,num_spike_samples,ts_only_mae,embedding_mae,mae_improvement_pct,underprediction_reduction
ABT,log_gk,1,80.0,target_sector_weighted,shifted_1_day_text,correct_text,target_event_keyword,14,0.5620180193370048,0.5516576097502005,1.8434301446466326,0.010360409586804334
AMD,log_gk,1,80.0,target_sector_weighted,shifted_1_day_text,correct_text,target_event_keyword,17,0.6041335454385347,0.5937350819638351,1.7212193484722809,0.010398463474699624
AMGN,log_gk,1,80.0,target_sector_weighted,shifted_1_day_text,correct_text,target_event_keyword,13,0.5839499216471353,0.5583819761392753,4.378448315523538,0.025567945507860054
AXP,log_gk,1,80.0,target_sector_weighted,shifted_1_day_text,correct_text,target_event_keyword,10,0.6462206533101934,0.6452047982512648,0.15719941071599075,0.0010158550589286718
BAC,log_gk,1,80.0,target_sector_weighted,shifted_1_day_text,correct_text,target_event_keyword,9,0.7376931090287666,0.7321603898168987,0.7500028323637467,0.005532719211867882
BX,log_gk,1,80.0,target_sector_weighted,shifted_1_day_text,correct_text,target_event_keyword,10,0.39134399083647553,0.3769226419271987,3.685082496974595,0.014513134676463757
C,log_gk,1,80.0,target_sector_weighted,shifted_1_day_text,correct_text,target_event_keyword,9,0.4886474269940243,0.48583354199429224,0.5758517991268324,0.002813884999732144
ABT,log_gk,1,85.0,target_sector_weighted,shifted_1_day_text,correct_text,target_event_keyword,10,0.6326689371777252,0.6199795402719588,2.005693050519059,0.012689396905766426
AMD,log_gk,1,85.0,target_sector_weighted,shifted_1_day_text,correct_text,target_event_keyword,13,0.6368999701477859,0.6265263012935436,1.6287752143928018,0.01037366885424235
AMGN,log_gk,1,85.0,target_sector_weighted,shifted_1_day_text,correct_text,target_event_keyword,11,0.5972261951454987,0.5696431326699526,4.618528574224076,0.027583062475546025
AXP,log_gk,1,85.0,target_sector_weighted,shifted_1_day_text,correct_text,target_event_keyword,7,0.7790123383130497,0.7775806401534167,0.18378375915500986,0.0014316981596331452
BAC,log_gk,1,85.0,target_sector_weighted,shifted_1_day_text,correct_text,target_event_keyword,6,0.8629425569370781,0.8489075620212913,1.6264112602816305,0.014034994915787044
BX,log_gk,1,85.0,target_sector_weighted,shifted_1_day_text,correct_text,target_event_keyword,6,0.4191873896020832,0.39839591251986667,4.959948127722302,0.02094445336086137
C,log_gk,1,85.0,target_sector_weighted,shifted_1_day_text,correct_text,target_event_keyword,4,0.7403898281831056,0.735562332198539,0.6520208410227887,0.004827495984566665
ABT,log_gk,1,90.0,target_sector_weighted,shifted_1_day_text,correct_text,target_event_keyword,6,0.8662846179200151,0.8577331019782791,0.9871485381177051,0.008551515941736199
AMD,log_gk,1,90.0,target_sector_weighted,shifted_1_day_text,correct_text,target_event_keyword,6,0.7986908933631663,0.7895273426494077,1.1473212966248187,0.009163550713758628
AMGN,log_gk,1,90.0,target_sector_weighted,shifted_1_day_text,correct_text,target_event_keyword,5,0.7401301966556576,0.6866250013614799,7.229159887806984,0.05350519529417781
AXP,log_gk,1,90.0,target_sector_weighted,shifted_1_day_text,correct_text,target_event_keyword,4,0.9149140832687737,0.9278928786949909,-1.41858078955863,-0.012978795426217271
BAC,log_gk,1,90.0,target_sector_weighted,shifted_1_day_text,correct_text,target_event_keyword,5,0.8830063770763807,0.8658775556261272,1.9398298692889122,0.01712882145025372
BX,log_gk,1,90.0,target_sector_weighted,shifted_1_day_text,correct_text,target_event_keyword,3,0.5959605528885588,0.5728334864029142,3.8806371283384564,0.023127066485644516
C,log_gk,1,90.0,target_sector_weighted,shifted_1_day_text,correct_text,target_event_keyword,1,0.9241820403033101,0.9298072755027045,-0.6086717718024723,-0.005625235199394396
ABT,log_gk,1,95.0,target_sector_weighted,shifted_1_day_text,correct_text,target_event_keyword,1,1.0232591473116193,1.0505213101996453,-2.664248148638711,-0.027262162888026076
AMD,log_gk,1,95.0,target_sector_weighted,shifted_1_day_text,correct_text,target_event_keyword,5,0.8686390617130246,0.8607931518666906,0.9032416560753428,0.00784590984633402
AMGN,log_gk,1,95.0,target_sector_weighted,shifted_1_day_text,correct_text,target_event_keyword,2,0.8572607141579454,0.8119733742202953,5.282796608979585,0.045287339937650106
AXP,log_gk,1,95.0,target_sector_weighted,shifted_1_day_text,correct_text,target_event_keyword,2,1.0188047690991309,1.0481710927531638,-2.8824289544698365,-0.02936632365403291
BAC,log_gk,1,95.0,target_sector_weighted,shifted_1_day_text,correct_text,target_event_keyword,2,1.1390909327769498,1.123452857101566,1.372855776953668,0.015638075675383778
ABT,log_gk,3,80.0,target_sector_weighted,shifted_1_day_text,correct_text,target_event_keyword,15,0.5812035140558642,0.5807700456130337,0.07458118066176699,0.00043346844283060905
AMD,log_gk,3,80.0,target_sector_weighted,shifted_1_day_text,correct_text,target_event_keyword,20,0.6130731960405776,0.618491985716432,-0.8838731999458924,-0.005418789675854474
AMGN,log_gk,3,80.0,target_sector_weighted,shifted_1_day_text,correct_text,target_event_keyword,9,0.6176728055449523,0.6091410414012435,1.3812756636066448,0.00853176414370882
AXP,log_gk,3,80.0,target_sector_weighted,shifted_1_day_text,correct_text,target_event_keyword,8,0.863204083330072,0.8503824850681058,1.48534958413346,0.012821598261966272
BAC,log_gk,3,80.0,target_sector_weighted,shifted_1_day_text,correct_text,target_event_keyword,7,0.7105616199097647,0.7095608863909816,0.1408369789111666,0.0010007335187831906
BX,log_gk,3,80.0,target_sector_weighted,shifted_1_day_text,correct_text,target_event_keyword,12,0.5326304104925836,0.5245743835573724,1.5124984936104033,0.012271988872216219
C,log_gk,3,80.0,target_sector_weighted,shifted_1_day_text,correct_text,target_event_keyword,8,0.6449256551447198,0.6160101107585774,4.483546925986969,0.028915544386142522
ABT,log_gk,3,85.0,target_sector_weighted,shifted_1_day_text,correct_text,target_event_keyword,9,0.7043317084518211,0.6755150788167485,4.0913435089290395,0.028816629635072626
AMD,log_gk,3,85.0,target_sector_weighted,shifted_1_day_text,correct_text,target_event_keyword,14,0.6674724687930441,0.6685726848018884,-0.1648331669519957,-0.0011002160088443094
AMGN,log_gk,3,85.0,target_sector_weighted,shifted_1_day_text,correct_text,target_event_keyword,8,0.6448734654610025,0.6345703837180403,1.5976904454576752,0.010303081742962239
AXP,log_gk,3,85.0,target_sector_weighted,shifted_1_day_text,correct_text,target_event_keyword,6,0.9457261966618753,0.9256425374720667,2.1236230169681005,0.02008365918980859
BAC,log_gk,3,85.0,target_sector_weighted,shifted_1_day_text,correct_text,target_event_keyword,5,0.8117910153010023,0.7999807811709887,1.4548367630842152,0.01181023413001352
BX,log_gk,3,85.0,target_sector_weighted,shifted_1_day_text,correct_text,target_event_keyword,9,0.6131236700806618,0.5999310218563332,2.151710799648794,0.013192648224328578
C,log_gk,3,85.0,target_sector_weighted,shifted_1_day_text,correct_text,target_event_keyword,4,0.7807717070891225,0.750600484602159,3.864282249602511,0.030171222486963467
ABT,log_gk,3,90.0,target_sector_weighted,shifted_1_day_text,correct_text,target_event_keyword,4,0.9270294448927492,0.9033727152656161,2.551885461401927,0.023656729627133055
AMD,log_gk,3,90.0,target_sector_weighted,shifted_1_day_text,correct_text,target_event_keyword,6,0.8872633855122469,0.8886856519853655,-0.160298113992102,-0.0014222664731186423
AMGN,log_gk,3,90.0,target_sector_weighted,shifted_1_day_text,correct_text,target_event_keyword,1,0.6283190808500185,0.6623968248078222,-5.423636651572288,-0.03407774395780372
AXP,log_gk,3,90.0,target_sector_weighted,shifted_1_day_text,correct_text,target_event_keyword,4,1.1005966607601765,1.0927860764944552,0.70966817765252,0.007810584265721232
BAC,log_gk,3,90.0,target_sector_weighted,shifted_1_day_text,correct_text,target_event_keyword,3,1.0933454778914515,1.0853158078746128,0.7344128803938709,0.008029670016838667
BX,log_gk,3,90.0,target_sector_weighted,shifted_1_day_text,correct_text,target_event_keyword,6,0.6321752616522828,0.6169547820059431,2.4076360733507194,0.015220479646339621
C,log_gk,3,90.0,target_sector_weighted,shifted_1_day_text,correct_text,target_event_keyword,3,0.8318629655790103,0.7701912378937955,7.413688340156935,0.06167172768521478
ABT,log_gk,3,95.0,target_sector_weighted,shifted_1_day_text,correct_text,target_event_keyword,1,1.0276705618993436,0.9974183683459437,2.943763758055668,0.03025219355339992
AMD,log_gk,3,95.0,target_sector_weighted,shifted_1_day_text,correct_text,target_event_keyword,5,0.9456344229299953,0.9422437364962771,0.35856207763803183,0.0033906864337181373
AXP,log_gk,3,95.0,target_sector_weighted,shifted_1_day_text,correct_text,target_event_keyword,3,1.087494897991131,1.0858422448358604,0.1519688191938534,0.0016526531552705965
BAC,log_gk,3,95.0,target_sector_weighted,shifted_1_day_text,correct_text,target_event_keyword,2,1.2828557361827784,1.2602792669407092,1.75986033388656,0.02257646924206913
BX,log_gk,3,95.0,target_sector_weighted,shifted_1_day_text,correct_text,target_event_keyword,2,0.7731724747526869,0.7276143004950455,5.892368875678614,0.045558174257641415
C,log_gk,3,95.0,target_sector_weighted,shifted_1_day_text,correct_text,target_event_keyword,1,0.703203212709496,0.5959903595804144,15.246354281571373,0.10721285312908169
ABT,log_abs_return,1,80.0,target_sector_weighted,shifted_1_day_text,correct_text,target_event_keyword,15,2.1286364484420703,2.176396831712439,-2.2437078583956396,-0.047760383270368995
AMD,log_abs_return,1,80.0,target_sector_weighted,shifted_1_day_text,correct_text,target_event_keyword,23,2.307253961053972,2.250327212772243,2.4672944219683854,0.056926748281729236
AMGN,log_abs_return,1,80.0,target_sector_weighted,shifted_1_day_text,correct_text,target_event_keyword,19,2.011413646066492,1.9671835974477536,2.198953393064344,0.04423004861873776
AXP,log_abs_return,1,80.0,target_sector_weighted,shifted_1_day_text,correct_text,target_event_keyword,10,1.7821010496831318,1.5613194490378148,12.38883736051742,0.2207816006453168
BAC,log_abs_return,1,80.0,target_sector_weighted,shifted_1_day_text,correct_text,target_event_keyword,20,2.100610763211964,2.0298095164136294,3.370507665593175,0.07652425540575625
BX,log_abs_return,1,80.0,target_sector_weighted,shifted_1_day_text,correct_text,target_event_keyword,15,1.9234859842492633,1.948896781672833,-1.321080456611053,-0.02541079742356954
C,log_abs_return,1,80.0,target_sector_weighted,shifted_1_day_text,correct_text,target_event_keyword,10,1.6156311430140455,1.6334845556154782,-1.105042613137935,0.018621453561805577
ABT,log_abs_return,1,85.0,target_sector_weighted,shifted_1_day_text,correct_text,target_event_keyword,9,2.1113127479317466,2.0991602772043763,0.5755883745444621,0.012152470727369961
AMD,log_abs_return,1,85.0,target_sector_weighted,shifted_1_day_text,correct_text,target_event_keyword,15,2.484229061984355,2.4706796235395676,0.545418240698157,0.013549438444787131
AMGN,log_abs_return,1,85.0,target_sector_weighted,shifted_1_day_text,correct_text,target_event_keyword,16,2.2078219901307676,2.100828224312318,4.846122843993981,0.10699376581844988
AXP,log_abs_return,1,85.0,target_sector_weighted,shifted_1_day_text,correct_text,target_event_keyword,6,1.81726961331852,1.6883272446764979,7.095390122468409,0.12894236864202213
BAC,log_abs_return,1,85.0,target_sector_weighted,shifted_1_day_text,correct_text,target_event_keyword,12,2.1518630441143594,2.1076190587918866,2.056078124650457,0.05291911464915685
BX,log_abs_return,1,85.0,target_sector_weighted,shifted_1_day_text,correct_text,target_event_keyword,9,2.137433607039107,2.182562948932174,-2.111379822252474,-0.045129341893066846
C,log_abs_return,1,85.0,target_sector_weighted,shifted_1_day_text,correct_text,target_event_keyword,7,1.550942236156938,1.5037619326579983,3.0420413087625553,0.09928725516070884
ABT,log_abs_return,1,90.0,target_sector_weighted,shifted_1_day_text,correct_text,target_event_keyword,6,2.4480962642437913,2.396668643107246,2.10071890912472,0.051427621136545344
AMD,log_abs_return,1,90.0,target_sector_weighted,shifted_1_day_text,correct_text,target_event_keyword,12,2.5726500221830615,2.502802872680519,2.7149883933016548,0.0698471495025426
AMGN,log_abs_return,1,90.0,target_sector_weighted,shifted_1_day_text,correct_text,target_event_keyword,9,2.3357238502496087,2.1938451872420175,6.074290973756562,0.14187866300759133
AXP,log_abs_return,1,90.0,target_sector_weighted,shifted_1_day_text,correct_text,target_event_keyword,6,1.81726961331852,1.6883272446764979,7.095390122468409,0.12894236864202213
BAC,log_abs_return,1,90.0,target_sector_weighted,shifted_1_day_text,correct_text,target_event_keyword,7,2.2167686684763956,2.2066747798944166,0.4553424417044216,0.024965538856294094
BX,log_abs_return,1,90.0,target_sector_weighted,shifted_1_day_text,correct_text,target_event_keyword,5,2.201106277316613,1.9539483859555422,11.228803166305221,0.24715789136107097
C,log_abs_return,1,90.0,target_sector_weighted,shifted_1_day_text,correct_text,target_event_keyword,5,1.695038468780017,1.6667795907941412,1.6671526048736154,0.07472136846211903
ABT,log_abs_return,1,95.0,target_sector_weighted,shifted_1_day_text,correct_text,target_event_keyword,3,2.345691316634381,2.377547686753917,-1.358080233900684,-0.03185637011953624
AMD,log_abs_return,1,95.0,target_sector_weighted,shifted_1_day_text,correct_text,target_event_keyword,7,2.90282232098065,2.926824317225883,-0.8268503405032599,-0.024001996245232502
AMGN,log_abs_return,1,95.0,target_sector_weighted,shifted_1_day_text,correct_text,target_event_keyword,2,2.9458166120306295,2.7919320286127016,5.223834463743184,0.15388458341792788
AXP,log_abs_return,1,95.0,target_sector_weighted,shifted_1_day_text,correct_text,target_event_keyword,2,1.9015547102869845,1.5337936619535408,19.340019319136015,0.3677610483334437
BAC,log_abs_return,1,95.0,target_sector_weighted,shifted_1_day_text,correct_text,target_event_keyword,3,3.0936636881111994,2.9557248446644735,4.458753676969422,0.1379388434467259
BX,log_abs_return,1,95.0,target_sector_weighted,shifted_1_day_text,correct_text,target_event_keyword,2,2.413591038692463,2.103950903726072,12.829022398680065,0.3096401349663904
C,log_abs_return,1,95.0,target_sector_weighted,shifted_1_day_text,correct_text,target_event_keyword,1,0.3871329009508724,0.232312452381215,39.99155023749952,0.3871329009508724
ABT,log_abs_return,3,80.0,target_sector_weighted,shifted_1_day_text,correct_text,target_event_keyword,24,1.4698385170987622,1.4197543867472249,3.4074580145304547,0.05008413035153725
AMD,log_abs_return,3,80.0,target_sector_weighted,shifted_1_day_text,correct_text,target_event_keyword,27,1.2925204788157958,1.259147416385957,2.5820142099732957,0.033373062429838715
AMGN,log_abs_return,3,80.0,target_sector_weighted,shifted_1_day_text,correct_text,target_event_keyword,16,1.3851414301779144,1.3506020465483646,2.493563680722002,0.03453938362954978
AXP,log_abs_return,3,80.0,target_sector_weighted,shifted_1_day_text,correct_text,target_event_keyword,13,1.3926869650933786,1.311448414004441,5.833224057172873,0.08123855108893761
BAC,log_abs_return,3,80.0,target_sector_weighted,shifted_1_day_text,correct_text,target_event_keyword,17,1.4765056092179683,1.4275205457689584,3.3176347684147873,0.04898506344900992
BX,log_abs_return,3,80.0,target_sector_weighted,shifted_1_day_text,correct_text,target_event_keyword,15,1.145745548102449,1.0901784609904752,4.849862799292775,0.0555670871119737
C,log_abs_return,3,80.0,target_sector_weighted,shifted_1_day_text,correct_text,target_event_keyword,10,1.4326429018771083,1.382172652612789,3.5228771383427775,0.05047024926431898
ABT,log_abs_return,3,85.0,target_sector_weighted,shifted_1_day_text,correct_text,target_event_keyword,18,1.6165463063562908,1.5575750387497314,3.6479788654790353,0.05897126760655929
AMD,log_abs_return,3,85.0,target_sector_weighted,shifted_1_day_text,correct_text,target_event_keyword,19,1.4162332824732167,1.3656636115434695,3.5707161775943885,0.05056967092974727
AMGN,log_abs_return,3,85.0,target_sector_weighted,shifted_1_day_text,correct_text,target_event_keyword,10,1.565996213071277,1.554751477387245,0.7180563777979033,0.01124473568403186
AXP,log_abs_return,3,85.0,target_sector_weighted,shifted_1_day_text,correct_text,target_event_keyword,10,1.4388802550788098,1.386551972134656,3.6367364663912016,0.052328282944153995
BAC,log_abs_return,3,85.0,target_sector_weighted,shifted_1_day_text,correct_text,target_event_keyword,15,1.5606765975476167,1.4958142386400481,4.156040976682203,0.06486235890756813
BX,log_abs_return,3,85.0,target_sector_weighted,shifted_1_day_text,correct_text,target_event_keyword,7,1.3752024240493863,1.3175922076391255,4.189217194703829,0.05761021641026089
C,log_abs_return,3,85.0,target_sector_weighted,shifted_1_day_text,correct_text,target_event_keyword,6,1.5634776182932566,1.514977244034652,3.102083054540246,0.04850037425860446
ABT,log_abs_return,3,90.0,target_sector_weighted,shifted_1_day_text,correct_text,target_event_keyword,10,1.7964011105373736,1.73958022479618,3.163040003031185,0.05682088574119346
AMD,log_abs_return,3,90.0,target_sector_weighted,shifted_1_day_text,correct_text,target_event_keyword,12,1.586581669731857,1.5236944916763777,3.963689941413967,0.0628871780554792
AMGN,log_abs_return,3,90.0,target_sector_weighted,shifted_1_day_text,correct_text,target_event_keyword,8,1.6890463232585187,1.6790966129088793,0.589072674480844,0.009949710349639429
AXP,log_abs_return,3,90.0,target_sector_weighted,shifted_1_day_text,correct_text,target_event_keyword,3,1.7855400963896404,1.6775234032785484,6.049524921311012,0.10801669311109219
BAC,log_abs_return,3,90.0,target_sector_weighted,shifted_1_day_text,correct_text,target_event_keyword,8,1.7967386863707893,1.7464945223779653,2.7964090924268747,0.050244163992824
BX,log_abs_return,3,90.0,target_sector_weighted,shifted_1_day_text,correct_text,target_event_keyword,5,1.546478921868183,1.4513420084800757,6.151840289758339,0.0951369133881073
C,log_abs_return,3,90.0,target_sector_weighted,shifted_1_day_text,correct_text,target_event_keyword,3,1.833864733857567,1.7507553147100374,4.5319274433457,0.08310941914752974
ABT,log_abs_return,3,95.0,target_sector_weighted,shifted_1_day_text,correct_text,target_event_keyword,4,2.1714381731391503,2.0642866601213035,4.934587332180071,0.10715151301784709
AMD,log_abs_return,3,95.0,target_sector_weighted,shifted_1_day_text,correct_text,target_event_keyword,8,1.7242088604242807,1.66388312981982,3.4987484398854187,0.06032573060446067
AMGN,log_abs_return,3,95.0,target_sector_weighted,shifted_1_day_text,correct_text,target_event_keyword,2,2.0879177473907022,2.036399126063804,2.467464122630386,0.05151862132689855
AXP,log_abs_return,3,95.0,target_sector_weighted,shifted_1_day_text,correct_text,target_event_keyword,2,1.8977190322700426,1.8446163504224913,2.7982373019693076,0.05310268184755129
BAC,log_abs_return,3,95.0,target_sector_weighted,shifted_1_day_text,correct_text,target_event_keyword,3,2.008031200925527,1.947546277671638,3.0121505694737523,0.0604849232538888
BX,log_abs_return,3,95.0,target_sector_weighted,shifted_1_day_text,correct_text,target_event_keyword,2,1.7395603916227456,1.6087510599199208,7.5196775192610295,0.13080933170282472
C,log_abs_return,3,95.0,target_sector_weighted,shifted_1_day_text,correct_text,target_event_keyword,1,2.1476471965192094,2.151466377979815,-0.17783095225303266,-0.0038191814606056695
ABT,log_gk,1,80.0,target_sector_weighted,shifted_1_day_text,shuffled_within_ticker,target_event_keyword,14,0.5620180193370048,0.5561907865157856,1.0368409233734934,0.005827232821219219
AMD,log_gk,1,80.0,target_sector_weighted,shifted_1_day_text,shuffled_within_ticker,target_event_keyword,17,0.6041335454385347,0.6036127026502631,0.08621318782977128,0.000520842788271574
AMGN,log_gk,1,80.0,target_sector_weighted,shifted_1_day_text,shuffled_within_ticker,target_event_keyword,13,0.5839499216471353,0.5808602237703192,0.5291032265405697,0.0030896978768161477
AXP,log_gk,1,80.0,target_sector_weighted,shifted_1_day_text,shuffled_within_ticker,target_event_keyword,10,0.6462206533101934,0.6448405582848571,0.21356405405288906,0.0013800950253363363
BAC,log_gk,1,80.0,target_sector_weighted,shifted_1_day_text,shuffled_within_ticker,target_event_keyword,9,0.7376931090287666,0.7416111234369267,-0.5311171217687628,-0.003918014408160037
BX,log_gk,1,80.0,target_sector_weighted,shifted_1_day_text,shuffled_within_ticker,target_event_keyword,10,0.39134399083647553,0.3945112022381344,-0.8093164775289232,-0.005077925542918571
C,log_gk,1,80.0,target_sector_weighted,shifted_1_day_text,shuffled_within_ticker,target_event_keyword,9,0.4886474269940243,0.48587980928878277,0.5663833578878902,0.0027676177052415873
ABT,log_gk,1,85.0,target_sector_weighted,shifted_1_day_text,shuffled_within_ticker,target_event_keyword,10,0.6326689371777252,0.62745188703203,0.8246098139364854,0.0052170501456950905
AMD,log_gk,1,85.0,target_sector_weighted,shifted_1_day_text,shuffled_within_ticker,target_event_keyword,13,0.6368999701477859,0.6293887091597432,1.1793470466484335,0.0075112609880427445
AMGN,log_gk,1,85.0,target_sector_weighted,shifted_1_day_text,shuffled_within_ticker,target_event_keyword,11,0.5972261951454987,0.5930435198633135,0.7003502720047616,0.004182675282185047
AXP,log_gk,1,85.0,target_sector_weighted,shifted_1_day_text,shuffled_within_ticker,target_event_keyword,7,0.7790123383130497,0.7747096830461431,0.5523218382168434,0.004302655266906668
BAC,log_gk,1,85.0,target_sector_weighted,shifted_1_day_text,shuffled_within_ticker,target_event_keyword,6,0.8629425569370781,0.8621257832843169,0.09464982879744362,0.0008167736527613378
BX,log_gk,1,85.0,target_sector_weighted,shifted_1_day_text,shuffled_within_ticker,target_event_keyword,6,0.4191873896020832,0.4250762681250102,-1.4048319842152417,-0.009073402091693161
C,log_gk,1,85.0,target_sector_weighted,shifted_1_day_text,shuffled_within_ticker,target_event_keyword,4,0.7403898281831056,0.7413552324407324,-0.1303913453262702,-0.0009654042576268118
ABT,log_gk,1,90.0,target_sector_weighted,shifted_1_day_text,shuffled_within_ticker,target_event_keyword,6,0.8662846179200151,0.8574980373853253,1.0142833374770959,0.008786580534689984
AMD,log_gk,1,90.0,target_sector_weighted,shifted_1_day_text,shuffled_within_ticker,target_event_keyword,6,0.7986908933631663,0.7858087777189852,1.612903784333454,0.012882115644181106
AMGN,log_gk,1,90.0,target_sector_weighted,shifted_1_day_text,shuffled_within_ticker,target_event_keyword,5,0.7401301966556576,0.7409066189500826,-0.10490347481204179,-0.000776422294424961
AXP,log_gk,1,90.0,target_sector_weighted,shifted_1_day_text,shuffled_within_ticker,target_event_keyword,4,0.9149140832687737,0.9046250273876915,1.1245925786082351,0.010289055881082199
BAC,log_gk,1,90.0,target_sector_weighted,shifted_1_day_text,shuffled_within_ticker,target_event_keyword,5,0.8830063770763807,0.8863789273366394,-0.3819395134410104,-0.0033725502602584
BX,log_gk,1,90.0,target_sector_weighted,shifted_1_day_text,shuffled_within_ticker,target_event_keyword,3,0.5959605528885588,0.6013484706021779,-0.9040728765527268,-0.005387917713619128
C,log_gk,1,90.0,target_sector_weighted,shifted_1_day_text,shuffled_within_ticker,target_event_keyword,1,0.9241820403033101,0.9272881544870852,-0.3360933288376552,-0.003106114183775155
ABT,log_gk,1,95.0,target_sector_weighted,shifted_1_day_text,shuffled_within_ticker,target_event_keyword,1,1.0232591473116193,1.037551485060689,-1.3967466390717993,-0.014292337749069794
AMD,log_gk,1,95.0,target_sector_weighted,shifted_1_day_text,shuffled_within_ticker,target_event_keyword,5,0.8686390617130246,0.8524814093558828,1.8601111864895503,0.016157652357141748
AMGN,log_gk,1,95.0,target_sector_weighted,shifted_1_day_text,shuffled_within_ticker,target_event_keyword,2,0.8572607141579454,0.8639626845608563,-0.7817890511282877,-0.006701970402910984
AXP,log_gk,1,95.0,target_sector_weighted,shifted_1_day_text,shuffled_within_ticker,target_event_keyword,2,1.0188047690991309,1.0041229766607271,1.4410800659468814,0.014681792438403729
BAC,log_gk,1,95.0,target_sector_weighted,shifted_1_day_text,shuffled_within_ticker,target_event_keyword,2,1.1390909327769498,1.161815108418597,-1.9949395599391457,-0.022724175641647193
ABT,log_gk,3,80.0,target_sector_weighted,shifted_1_day_text,shuffled_within_ticker,target_event_keyword,15,0.5812035140558642,0.5920784118931276,-1.8710998082881667,-0.010874897837263475
AMD,log_gk,3,80.0,target_sector_weighted,shifted_1_day_text,shuffled_within_ticker,target_event_keyword,20,0.6130731960405776,0.6102179202486336,0.4657316304781033,0.002855275791943801
AMGN,log_gk,3,80.0,target_sector_weighted,shifted_1_day_text,shuffled_within_ticker,target_event_keyword,9,0.6176728055449523,0.6103802593392451,1.1806487415733338,0.00729254620570716
AXP,log_gk,3,80.0,target_sector_weighted,shifted_1_day_text,shuffled_within_ticker,target_event_keyword,8,0.863204083330072,0.8709317676082264,-0.8952325906919382,-0.007727684278154401
BAC,log_gk,3,80.0,target_sector_weighted,shifted_1_day_text,shuffled_within_ticker,target_event_keyword,7,0.7105616199097647,0.7119027719192186,-0.18874534901338375,-0.0013411520094539497
BX,log_gk,3,80.0,target_sector_weighted,shifted_1_day_text,shuffled_within_ticker,target_event_keyword,12,0.5326304104925836,0.5343200588050192,-0.3172271577345643,-0.0011911429152849189
C,log_gk,3,80.0,target_sector_weighted,shifted_1_day_text,shuffled_within_ticker,target_event_keyword,8,0.6449256551447198,0.632040966882951,1.9978563666966411,0.012884688261768917
ABT,log_gk,3,85.0,target_sector_weighted,shifted_1_day_text,shuffled_within_ticker,target_event_keyword,9,0.7043317084518211,0.7177514848456313,-1.9053204949849512,-0.013419776393810126
AMD,log_gk,3,85.0,target_sector_weighted,shifted_1_day_text,shuffled_within_ticker,target_event_keyword,14,0.6674724687930441,0.6623153640289486,0.7726318320545569,0.005157104764095287
AMGN,log_gk,3,85.0,target_sector_weighted,shifted_1_day_text,shuffled_within_ticker,target_event_keyword,8,0.6448734654610025,0.6388108355451212,0.9401270544675532,0.006062629915881357
AXP,log_gk,3,85.0,target_sector_weighted,shifted_1_day_text,shuffled_within_ticker,target_event_keyword,6,0.9457261966618753,0.956102167161343,-1.0971431833115874,-0.010375970499467554
BAC,log_gk,3,85.0,target_sector_weighted,shifted_1_day_text,shuffled_within_ticker,target_event_keyword,5,0.8117910153010023,0.8109361667158266,0.10530402148621186,0.0008548485851756383
BX,log_gk,3,85.0,target_sector_weighted,shifted_1_day_text,shuffled_within_ticker,target_event_keyword,9,0.6131236700806618,0.6203586068046829,-1.1800126266645798,-0.007234936724021078
C,log_gk,3,85.0,target_sector_weighted,shifted_1_day_text,shuffled_within_ticker,target_event_keyword,4,0.7807717070891225,0.7705743554153963,1.3060606040328966,0.010197351673726152
ABT,log_gk,3,90.0,target_sector_weighted,shifted_1_day_text,shuffled_within_ticker,target_event_keyword,4,0.9270294448927492,0.9378711971975948,-1.1695154198796722,-0.010841752304845631
AMD,log_gk,3,90.0,target_sector_weighted,shifted_1_day_text,shuffled_within_ticker,target_event_keyword,6,0.8872633855122469,0.877631701346325,1.0855496037809875,0.009631684165922009
AMGN,log_gk,3,90.0,target_sector_weighted,shifted_1_day_text,shuffled_within_ticker,target_event_keyword,1,0.6283190808500185,0.6314240291638171,-0.49416743951147873,-0.0031049483137985945
AXP,log_gk,3,90.0,target_sector_weighted,shifted_1_day_text,shuffled_within_ticker,target_event_keyword,4,1.1005966607601765,1.1240284268723804,-2.1290057427595386,-0.023431766112203878
BAC,log_gk,3,90.0,target_sector_weighted,shifted_1_day_text,shuffled_within_ticker,target_event_keyword,3,1.0933454778914515,1.0863534542727777,0.6395072518302369,0.0069920236186738665
BX,log_gk,3,90.0,target_sector_weighted,shifted_1_day_text,shuffled_within_ticker,target_event_keyword,6,0.6321752616522828,0.6392808797512298,-1.1239949631017634,-0.007105618098947127
C,log_gk,3,90.0,target_sector_weighted,shifted_1_day_text,shuffled_within_ticker,target_event_keyword,3,0.8318629655790103,0.8383548731775236,-0.7804058922126227,-0.006491907598513258
ABT,log_gk,3,95.0,target_sector_weighted,shifted_1_day_text,shuffled_within_ticker,target_event_keyword,1,1.0276705618993436,1.0589982319055604,-3.0484156273112415,-0.031327670006216835
AMD,log_gk,3,95.0,target_sector_weighted,shifted_1_day_text,shuffled_within_ticker,target_event_keyword,5,0.9456344229299953,0.935619885936888,1.0590283888014353,0.010014536993107193
AXP,log_gk,3,95.0,target_sector_weighted,shifted_1_day_text,shuffled_within_ticker,target_event_keyword,3,1.087494897991131,1.1044821428729472,-1.5620528347485436,-0.01698724488181617
BAC,log_gk,3,95.0,target_sector_weighted,shifted_1_day_text,shuffled_within_ticker,target_event_keyword,2,1.2828557361827784,1.2693706291404334,1.0511787617266133,0.013485107042344957
BX,log_gk,3,95.0,target_sector_weighted,shifted_1_day_text,shuffled_within_ticker,target_event_keyword,2,0.7731724747526869,0.8087481179221365,-4.601255778127529,-0.03557564316944961
C,log_gk,3,95.0,target_sector_weighted,shifted_1_day_text,shuffled_within_ticker,target_event_keyword,1,0.703203212709496,0.682635163104695,2.924908366893092,0.020568049604801075
ABT,log_abs_return,1,80.0,target_sector_weighted,shifted_1_day_text,shuffled_within_ticker,target_event_keyword,15,2.1286364484420703,2.1261246786825696,0.11799900172427653,0.0032743641695351638
AMD,log_abs_return,1,80.0,target_sector_weighted,shifted_1_day_text,shuffled_within_ticker,target_event_keyword,23,2.307253961053972,2.2739562203204913,1.443176230078731,0.033297740733481136
AMGN,log_abs_return,1,80.0,target_sector_weighted,shifted_1_day_text,shuffled_within_ticker,target_event_keyword,19,2.011413646066492,2.039060555465791,-1.3745014335248713,-0.02764690939929947
AXP,log_abs_return,1,80.0,target_sector_weighted,shifted_1_day_text,shuffled_within_ticker,target_event_keyword,10,1.7821010496831318,1.8838981869744313,-5.7121978189396,-0.10179713729129966
BAC,log_abs_return,1,80.0,target_sector_weighted,shifted_1_day_text,shuffled_within_ticker,target_event_keyword,20,2.100610763211964,2.058131810523189,2.022219129441289,0.042478952688774926
BX,log_abs_return,1,80.0,target_sector_weighted,shifted_1_day_text,shuffled_within_ticker,target_event_keyword,15,1.9234859842492633,1.7962364045174835,6.61557093598711,0.13176967420958058
C,log_abs_return,1,80.0,target_sector_weighted,shifted_1_day_text,shuffled_within_ticker,target_event_keyword,10,1.6156311430140455,1.7015686664566712,-5.3191301624889835,-0.08593752344262535
ABT,log_abs_return,1,85.0,target_sector_weighted,shifted_1_day_text,shuffled_within_ticker,target_event_keyword,9,2.1113127479317466,2.124237754179975,-0.6121786675559857,-0.011654015564837176
AMD,log_abs_return,1,85.0,target_sector_weighted,shifted_1_day_text,shuffled_within_ticker,target_event_keyword,15,2.484229061984355,2.4037383576642437,3.240067735775414,0.08049070432011132
AMGN,log_abs_return,1,85.0,target_sector_weighted,shifted_1_day_text,shuffled_within_ticker,target_event_keyword,16,2.2078219901307676,2.2142253401788583,-0.29003017800866304,-0.0064033500480907835
AXP,log_abs_return,1,85.0,target_sector_weighted,shifted_1_day_text,shuffled_within_ticker,target_event_keyword,6,1.81726961331852,1.905980619139126,-4.881554457877641,-0.08871100582060605
BAC,log_abs_return,1,85.0,target_sector_weighted,shifted_1_day_text,shuffled_within_ticker,target_event_keyword,12,2.1518630441143594,2.105404498960105,2.1589917295770755,0.0464585451542547
BX,log_abs_return,1,85.0,target_sector_weighted,shifted_1_day_text,shuffled_within_ticker,target_event_keyword,9,2.137433607039107,1.935085623188947,9.466866394529271,0.20234798385015992
C,log_abs_return,1,85.0,target_sector_weighted,shifted_1_day_text,shuffled_within_ticker,target_event_keyword,7,1.550942236156938,1.6723923003905556,-7.830727760342468,-0.12145006423361757
ABT,log_abs_return,1,90.0,target_sector_weighted,shifted_1_day_text,shuffled_within_ticker,target_event_keyword,6,2.4480962642437913,2.459070689376734,-0.44828405211151406,-0.01097442513294252
AMD,log_abs_return,1,90.0,target_sector_weighted,shifted_1_day_text,shuffled_within_ticker,target_event_keyword,12,2.5726500221830615,2.5317814149526465,1.588580136358201,0.04086860723041511
AMGN,log_abs_return,1,90.0,target_sector_weighted,shifted_1_day_text,shuffled_within_ticker,target_event_keyword,9,2.3357238502496087,2.382940126912459,-2.021483689426912,-0.047216276662849964
AXP,log_abs_return,1,90.0,target_sector_weighted,shifted_1_day_text,shuffled_within_ticker,target_event_keyword,6,1.81726961331852,1.905980619139126,-4.881554457877641,-0.08871100582060605
BAC,log_abs_return,1,90.0,target_sector_weighted,shifted_1_day_text,shuffled_within_ticker,target_event_keyword,7,2.2167686684763956,2.223514631070489,-0.30431513626227324,-0.006745962594093198
BX,log_abs_return,1,90.0,target_sector_weighted,shifted_1_day_text,shuffled_within_ticker,target_event_keyword,5,2.201106277316613,1.973550296956427,10.33825502681322,0.2275559803601861
C,log_abs_return,1,90.0,target_sector_weighted,shifted_1_day_text,shuffled_within_ticker,target_event_keyword,5,1.695038468780017,1.856371335676315,-9.517947224667722,-0.16133286689629767
ABT,log_abs_return,1,95.0,target_sector_weighted,shifted_1_day_text,shuffled_within_ticker,target_event_keyword,3,2.345691316634381,2.238172566252825,4.583670051514905,0.10751875038155549
AMD,log_abs_return,1,95.0,target_sector_weighted,shifted_1_day_text,shuffled_within_ticker,target_event_keyword,7,2.90282232098065,2.854553613955853,1.662819893450822,0.04826870702479764
AMGN,log_abs_return,1,95.0,target_sector_weighted,shifted_1_day_text,shuffled_within_ticker,target_event_keyword,2,2.9458166120306295,3.09787477718054,-5.16183405745318,-0.15205816514991044
AXP,log_abs_return,1,95.0,target_sector_weighted,shifted_1_day_text,shuffled_within_ticker,target_event_keyword,2,1.9015547102869845,1.7874104748164579,6.002679536540913,0.11414423547052666
BAC,log_abs_return,1,95.0,target_sector_weighted,shifted_1_day_text,shuffled_within_ticker,target_event_keyword,3,3.0936636881111994,3.0515403080760155,1.3616017861625367,0.0421233800351839
BX,log_abs_return,1,95.0,target_sector_weighted,shifted_1_day_text,shuffled_within_ticker,target_event_keyword,2,2.413591038692463,2.178262929770108,9.75012357726689,0.23532810892235423
C,log_abs_return,1,95.0,target_sector_weighted,shifted_1_day_text,shuffled_within_ticker,target_event_keyword,1,0.3871329009508724,0.6200021385065009,-60.1522725099461,-0.2328692375556285
ABT,log_abs_return,3,80.0,target_sector_weighted,shifted_1_day_text,shuffled_within_ticker,target_event_keyword,24,1.4698385170987622,1.4735576120409462,-0.25302745158188183,-0.0037190949421840314
AMD,log_abs_return,3,80.0,target_sector_weighted,shifted_1_day_text,shuffled_within_ticker,target_event_keyword,27,1.2925204788157958,1.2688918261791404,1.8281066353628597,0.023628652636655336
AMGN,log_abs_return,3,80.0,target_sector_weighted,shifted_1_day_text,shuffled_within_ticker,target_event_keyword,16,1.3851414301779144,1.3265142672937706,4.232575938228441,0.05862716288414388
AXP,log_abs_return,3,80.0,target_sector_weighted,shifted_1_day_text,shuffled_within_ticker,target_event_keyword,13,1.3926869650933786,1.4034103187790024,-0.7699758778818413,-0.010723353685623663
BAC,log_abs_return,3,80.0,target_sector_weighted,shifted_1_day_text,shuffled_within_ticker,target_event_keyword,17,1.4765056092179683,1.4607135473736625,1.0695565086725256,0.015792061844305743
BX,log_abs_return,3,80.0,target_sector_weighted,shifted_1_day_text,shuffled_within_ticker,target_event_keyword,15,1.145745548102449,1.1225623261358024,2.023418027243655,0.023183221966646676
C,log_abs_return,3,80.0,target_sector_weighted,shifted_1_day_text,shuffled_within_ticker,target_event_keyword,10,1.4326429018771083,1.3954559837277087,2.5956864827010078,0.03718691814939952
ABT,log_abs_return,3,85.0,target_sector_weighted,shifted_1_day_text,shuffled_within_ticker,target_event_keyword,18,1.6165463063562908,1.6137954161136796,0.17017082849991133,0.00275089024261119
AMD,log_abs_return,3,85.0,target_sector_weighted,shifted_1_day_text,shuffled_within_ticker,target_event_keyword,19,1.4162332824732167,1.3880029555407942,1.9933387586487767,0.028230326932422597
AMGN,log_abs_return,3,85.0,target_sector_weighted,shifted_1_day_text,shuffled_within_ticker,target_event_keyword,10,1.565996213071277,1.5484383424537307,1.1211949601788194,0.017557870617546545
AXP,log_abs_return,3,85.0,target_sector_weighted,shifted_1_day_text,shuffled_within_ticker,target_event_keyword,10,1.4388802550788098,1.45644776732631,-1.220915512982566,-0.01756751224750035
BAC,log_abs_return,3,85.0,target_sector_weighted,shifted_1_day_text,shuffled_within_ticker,target_event_keyword,15,1.5606765975476167,1.5356592571088648,1.6029804302866557,0.02501734043875139
BX,log_abs_return,3,85.0,target_sector_weighted,shifted_1_day_text,shuffled_within_ticker,target_event_keyword,7,1.3752024240493863,1.3357224767177367,2.8708462580656278,0.03947994733164955
C,log_abs_return,3,85.0,target_sector_weighted,shifted_1_day_text,shuffled_within_ticker,target_event_keyword,6,1.5634776182932566,1.537145555704597,1.6841982437461787,0.02633206258865976
ABT,log_abs_return,3,90.0,target_sector_weighted,shifted_1_day_text,shuffled_within_ticker,target_event_keyword,10,1.7964011105373736,1.7977544962889183,-0.07533872828322813,-0.0013533857515451331
AMD,log_abs_return,3,90.0,target_sector_weighted,shifted_1_day_text,shuffled_within_ticker,target_event_keyword,12,1.586581669731857,1.557030415057849,1.8625738112178345,0.02955125467400806
AMGN,log_abs_return,3,90.0,target_sector_weighted,shifted_1_day_text,shuffled_within_ticker,target_event_keyword,8,1.6890463232585187,1.6761439960831215,0.7638823753812707,0.012902327175397188
AXP,log_abs_return,3,90.0,target_sector_weighted,shifted_1_day_text,shuffled_within_ticker,target_event_keyword,3,1.7855400963896404,1.8442039882553505,-3.2854984317814195,-0.058663891865709715
BAC,log_abs_return,3,90.0,target_sector_weighted,shifted_1_day_text,shuffled_within_ticker,target_event_keyword,8,1.7967386863707893,1.7892271238911133,0.4180664966283164,0.007511562479675993
BX,log_abs_return,3,90.0,target_sector_weighted,shifted_1_day_text,shuffled_within_ticker,target_event_keyword,5,1.546478921868183,1.526782323039722,1.273641596399324,0.019696598828461108
C,log_abs_return,3,90.0,target_sector_weighted,shifted_1_day_text,shuffled_within_ticker,target_event_keyword,3,1.833864733857567,1.8631609260101987,-1.5975110711140896,-0.029296192152631424
ABT,log_abs_return,3,95.0,target_sector_weighted,shifted_1_day_text,shuffled_within_ticker,target_event_keyword,4,2.1714381731391503,2.1570519647955773,0.6625198231076309,0.01438620834357307
AMD,log_abs_return,3,95.0,target_sector_weighted,shifted_1_day_text,shuffled_within_ticker,target_event_keyword,8,1.7242088604242807,1.697116842513032,1.5712723982048205,0.027092017911248656
AMGN,log_abs_return,3,95.0,target_sector_weighted,shifted_1_day_text,shuffled_within_ticker,target_event_keyword,2,2.0879177473907022,1.9761570439530203,5.352734971353673,0.11176070343768219
AXP,log_abs_return,3,95.0,target_sector_weighted,shifted_1_day_text,shuffled_within_ticker,target_event_keyword,2,1.8977190322700426,1.9765038875550895,-4.1515553116840955,-0.07878485528504697
BAC,log_abs_return,3,95.0,target_sector_weighted,shifted_1_day_text,shuffled_within_ticker,target_event_keyword,3,2.008031200925527,1.9804790698624235,1.3720967607676693,0.027552131063103207
BX,log_abs_return,3,95.0,target_sector_weighted,shifted_1_day_text,shuffled_within_ticker,target_event_keyword,2,1.7395603916227456,1.765733658048417,-1.5045908467285718,-0.026173266425671526
C,log_abs_return,3,95.0,target_sector_weighted,shifted_1_day_text,shuffled_within_ticker,target_event_keyword,1,2.1476471965192094,2.2034881972251834,-2.600101208265401,-0.055841000705973975
ABT,log_gk,1,80.0,target_sector_weighted,shifted_1_day_text,cross_ticker_same_day,target_event_keyword,14,0.5620180193370048,0.5611046380457204,0.1625181506389891,0.0009133812912843922
AMD,log_gk,1,80.0,target_sector_weighted,shifted_1_day_text,cross_ticker_same_day,target_event_keyword,17,0.6041335454385347,0.6006795287851657,0.5717306511860283,0.0034540166533690263
AMGN,log_gk,1,80.0,target_sector_weighted,shifted_1_day_text,cross_ticker_same_day,target_event_keyword,13,0.5839499216471353,0.5643872699452849,3.3500563963893497,0.019562651701850547
AXP,log_gk,1,80.0,target_sector_weighted,shifted_1_day_text,cross_ticker_same_day,target_event_keyword,10,0.6462206533101934,0.6683819837548761,-3.429375141627518,-0.022161330444682735
BAC,log_gk,1,80.0,target_sector_weighted,shifted_1_day_text,cross_ticker_same_day,target_event_keyword,9,0.7376931090287666,0.732832754190897,0.6588586470963071,0.004860354837869569
BX,log_gk,1,80.0,target_sector_weighted,shifted_1_day_text,cross_ticker_same_day,target_event_keyword,10,0.39134399083647553,0.39318700729230094,-0.470945382829583,-0.0005061230274104655
C,log_gk,1,80.0,target_sector_weighted,shifted_1_day_text,cross_ticker_same_day,target_event_keyword,9,0.4886474269940243,0.48698413361831505,0.3403872165952471,0.0016632933757092516
ABT,log_gk,1,85.0,target_sector_weighted,shifted_1_day_text,cross_ticker_same_day,target_event_keyword,10,0.6326689371777252,0.6298038299658282,0.4528604209142935,0.002865107211896989
AMD,log_gk,1,85.0,target_sector_weighted,shifted_1_day_text,cross_ticker_same_day,target_event_keyword,13,0.6368999701477859,0.6312021447151283,0.8946185743006868,0.005697825432657775
AMGN,log_gk,1,85.0,target_sector_weighted,shifted_1_day_text,cross_ticker_same_day,target_event_keyword,11,0.5972261951454987,0.5779869641320846,3.2214312047593507,0.019239231013414
AXP,log_gk,1,85.0,target_sector_weighted,shifted_1_day_text,cross_ticker_same_day,target_event_keyword,7,0.7790123383130497,0.777449321521714,0.2006408261415292,0.0015630167913357948
BAC,log_gk,1,85.0,target_sector_weighted,shifted_1_day_text,cross_ticker_same_day,target_event_keyword,6,0.8629425569370781,0.8453566268470127,2.0379027489946426,0.01758593009006552
BX,log_gk,1,85.0,target_sector_weighted,shifted_1_day_text,cross_ticker_same_day,target_event_keyword,6,0.4191873896020832,0.4200288140975585,-0.2007275305380812,0.0013867312185495972
C,log_gk,1,85.0,target_sector_weighted,shifted_1_day_text,cross_ticker_same_day,target_event_keyword,4,0.7403898281831056,0.7357799000423599,0.6226352612188505,0.004609928140745678
ABT,log_gk,1,90.0,target_sector_weighted,shifted_1_day_text,cross_ticker_same_day,target_event_keyword,6,0.8662846179200151,0.8681203292910847,-0.211906264188005,-0.0018357113710695632
AMD,log_gk,1,90.0,target_sector_weighted,shifted_1_day_text,cross_ticker_same_day,target_event_keyword,6,0.7986908933631663,0.7813562557796873,2.1703812735970422,0.017334637583479234
AMGN,log_gk,1,90.0,target_sector_weighted,shifted_1_day_text,cross_ticker_same_day,target_event_keyword,5,0.7401301966556576,0.7062914200778377,4.572003240878876,0.033838776577819904
AXP,log_gk,1,90.0,target_sector_weighted,shifted_1_day_text,cross_ticker_same_day,target_event_keyword,4,0.9149140832687737,0.9244998789294026,-1.0477263205284906,-0.009585795660628893
BAC,log_gk,1,90.0,target_sector_weighted,shifted_1_day_text,cross_ticker_same_day,target_event_keyword,5,0.8830063770763807,0.8656274339548901,1.968156014799358,0.017378943121490843
BX,log_gk,1,90.0,target_sector_weighted,shifted_1_day_text,cross_ticker_same_day,target_event_keyword,3,0.5959605528885588,0.60333530986362,-1.2374572342609949,-0.007374756975061292
C,log_gk,1,90.0,target_sector_weighted,shifted_1_day_text,cross_ticker_same_day,target_event_keyword,1,0.9241820403033101,0.9121310695602505,1.3039607152617425,0.012050970743059608
ABT,log_gk,1,95.0,target_sector_weighted,shifted_1_day_text,cross_ticker_same_day,target_event_keyword,1,1.0232591473116193,1.0593044462225798,-3.5225972819946305,-0.03604529891096053
AMD,log_gk,1,95.0,target_sector_weighted,shifted_1_day_text,cross_ticker_same_day,target_event_keyword,5,0.8686390617130246,0.8621884250829727,0.7426141552200981,0.006450636630052031
AMGN,log_gk,1,95.0,target_sector_weighted,shifted_1_day_text,cross_ticker_same_day,target_event_keyword,2,0.8572607141579454,0.8527782749445274,0.5228793457333321,0.004482439213417955
AXP,log_gk,1,95.0,target_sector_weighted,shifted_1_day_text,cross_ticker_same_day,target_event_keyword,2,1.0188047690991309,1.0030017400041222,1.5511341892306143,0.015803029095008636
BAC,log_gk,1,95.0,target_sector_weighted,shifted_1_day_text,cross_ticker_same_day,target_event_keyword,2,1.1390909327769498,1.1416571290859863,-0.22528458748946306,-0.002566196309036428
ABT,log_gk,3,80.0,target_sector_weighted,shifted_1_day_text,cross_ticker_same_day,target_event_keyword,15,0.5812035140558642,0.5860740806390878,-0.8380139599010495,-0.004870566583223735
AMD,log_gk,3,80.0,target_sector_weighted,shifted_1_day_text,cross_ticker_same_day,target_event_keyword,20,0.6130731960405776,0.613528006777852,-0.07418538931594029,-0.000454810737274558
AMGN,log_gk,3,80.0,target_sector_weighted,shifted_1_day_text,cross_ticker_same_day,target_event_keyword,9,0.6176728055449523,0.6068722967450723,1.748580915805595,0.01080050879988005
AXP,log_gk,3,80.0,target_sector_weighted,shifted_1_day_text,cross_ticker_same_day,target_event_keyword,8,0.863204083330072,0.8660305834164745,-0.3274428540118141,-0.002826500086402506
BAC,log_gk,3,80.0,target_sector_weighted,shifted_1_day_text,cross_ticker_same_day,target_event_keyword,7,0.7105616199097647,0.7153888563483413,-0.6793550767897566,-0.0048272364385766
BX,log_gk,3,80.0,target_sector_weighted,shifted_1_day_text,cross_ticker_same_day,target_event_keyword,12,0.5326304104925836,0.5438974052468205,-2.1153495054510696,-0.011031345745193488
C,log_gk,3,80.0,target_sector_weighted,shifted_1_day_text,cross_ticker_same_day,target_event_keyword,8,0.6449256551447198,0.6642873903565896,-3.0021654523148196,-0.01936173521186968
ABT,log_gk,3,85.0,target_sector_weighted,shifted_1_day_text,cross_ticker_same_day,target_event_keyword,9,0.7043317084518211,0.6997481390977951,0.650768565297323,0.0045835693540260776
AMD,log_gk,3,85.0,target_sector_weighted,shifted_1_day_text,cross_ticker_same_day,target_event_keyword,14,0.6674724687930441,0.6639333889810163,0.5302210918792455,0.003539079812027771
AMGN,log_gk,3,85.0,target_sector_weighted,shifted_1_day_text,cross_ticker_same_day,target_event_keyword,8,0.6448734654610025,0.6254764033558733,3.007886530307589,0.01939706210512926
AXP,log_gk,3,85.0,target_sector_weighted,shifted_1_day_text,cross_ticker_same_day,target_event_keyword,6,0.9457261966618753,0.9344940784163206,1.1876712610056324,0.011232118245554664
BAC,log_gk,3,85.0,target_sector_weighted,shifted_1_day_text,cross_ticker_same_day,target_event_keyword,5,0.8117910153010023,0.8169362768349064,-0.6338160236962409,-0.005145261533904133
BX,log_gk,3,85.0,target_sector_weighted,shifted_1_day_text,cross_ticker_same_day,target_event_keyword,9,0.6131236700806618,0.6240547244313812,-1.782846574701857,-0.01093105435071948
C,log_gk,3,85.0,target_sector_weighted,shifted_1_day_text,cross_ticker_same_day,target_event_keyword,4,0.7807717070891225,0.7995907889831082,-2.410318115156496,-0.018819081893985734
ABT,log_gk,3,90.0,target_sector_weighted,shifted_1_day_text,cross_ticker_same_day,target_event_keyword,4,0.9270294448927492,0.9263083440345667,0.0777861870682943,0.0007211008581824441
AMD,log_gk,3,90.0,target_sector_weighted,shifted_1_day_text,cross_ticker_same_day,target_event_keyword,6,0.8872633855122469,0.8854306851532144,0.20655651849922912,0.001832700359032528
AMGN,log_gk,3,90.0,target_sector_weighted,shifted_1_day_text,cross_ticker_same_day,target_event_keyword,1,0.6283190808500185,0.5845499673644845,6.96606466674881,0.04376911348553403
AXP,log_gk,3,90.0,target_sector_weighted,shifted_1_day_text,cross_ticker_same_day,target_event_keyword,4,1.1005966607601765,1.083556822487311,1.5482364139734934,0.01703983827286537
BAC,log_gk,3,90.0,target_sector_weighted,shifted_1_day_text,cross_ticker_same_day,target_event_keyword,3,1.0933454778914515,1.0905148031883871,0.2589002982409051,0.0028306747030644175
BX,log_gk,3,90.0,target_sector_weighted,shifted_1_day_text,cross_ticker_same_day,target_event_keyword,6,0.6321752616522828,0.6407934902429547,-1.3632657133951995,-0.008618228590672036
C,log_gk,3,90.0,target_sector_weighted,shifted_1_day_text,cross_ticker_same_day,target_event_keyword,3,0.8318629655790103,0.8545740576026715,-2.7301482291441275,-0.022711092023661134
ABT,log_gk,3,95.0,target_sector_weighted,shifted_1_day_text,cross_ticker_same_day,target_event_keyword,1,1.0276705618993436,1.0680085421390917,-3.9251859239010733,-0.040337980239748106
AMD,log_gk,3,95.0,target_sector_weighted,shifted_1_day_text,cross_ticker_same_day,target_event_keyword,5,0.9456344229299953,0.9443017940394556,0.14092432109341782,0.0013326288905396665
AXP,log_gk,3,95.0,target_sector_weighted,shifted_1_day_text,cross_ticker_same_day,target_event_keyword,3,1.087494897991131,1.0677224030208776,1.8181689869789721,0.0197724949702535
BAC,log_gk,3,95.0,target_sector_weighted,shifted_1_day_text,cross_ticker_same_day,target_event_keyword,2,1.2828557361827784,1.28005808321435,0.21808009190129027,0.002797652968428377
BX,log_gk,3,95.0,target_sector_weighted,shifted_1_day_text,cross_ticker_same_day,target_event_keyword,2,0.7731724747526869,0.7851058540736786,-1.5434304389597941,-0.0119333793209917
C,log_gk,3,95.0,target_sector_weighted,shifted_1_day_text,cross_ticker_same_day,target_event_keyword,1,0.703203212709496,0.71241291320796,-1.3096783876993736,-0.009209700498463924
ABT,log_abs_return,1,80.0,target_sector_weighted,shifted_1_day_text,cross_ticker_same_day,target_event_keyword,15,2.1286364484420703,2.0207929153715822,5.06631995094408,0.10784353307048763
AMD,log_abs_return,1,80.0,target_sector_weighted,shifted_1_day_text,cross_ticker_same_day,target_event_keyword,23,2.307253961053972,2.2167258736852067,3.9236290801473603,0.0905280873687658
AMGN,log_abs_return,1,80.0,target_sector_weighted,shifted_1_day_text,cross_ticker_same_day,target_event_keyword,19,2.011413646066492,1.9813883983249116,1.4927435637268105,0.030025247741579768
AXP,log_abs_return,1,80.0,target_sector_weighted,shifted_1_day_text,cross_ticker_same_day,target_event_keyword,10,1.7821010496831318,1.5440875006766925,13.355782998318725,0.23801354900643915
BAC,log_abs_return,1,80.0,target_sector_weighted,shifted_1_day_text,cross_ticker_same_day,target_event_keyword,20,2.100610763211964,2.090786932240281,0.46766545919538605,0.013124380563824012
BX,log_abs_return,1,80.0,target_sector_weighted,shifted_1_day_text,cross_ticker_same_day,target_event_keyword,15,1.9234859842492633,1.8877517467594547,1.8577851766232505,0.05782420059642964
C,log_abs_return,1,80.0,target_sector_weighted,shifted_1_day_text,cross_ticker_same_day,target_event_keyword,10,1.6156311430140455,1.55349942517322,3.8456623041392723,0.08553366672599858
ABT,log_abs_return,1,85.0,target_sector_weighted,shifted_1_day_text,cross_ticker_same_day,target_event_keyword,9,2.1113127479317466,1.9789055518759457,6.271320825657292,0.13240719605580095
AMD,log_abs_return,1,85.0,target_sector_weighted,shifted_1_day_text,cross_ticker_same_day,target_event_keyword,15,2.484229061984355,2.346607610040736,5.539805247817598,0.13762145194361905
AMGN,log_abs_return,1,85.0,target_sector_weighted,shifted_1_day_text,cross_ticker_same_day,target_event_keyword,16,2.2078219901307676,2.11743871514573,4.093775466910906,0.09038327498503745
AXP,log_abs_return,1,85.0,target_sector_weighted,shifted_1_day_text,cross_ticker_same_day,target_event_keyword,6,1.81726961331852,1.7216974295973653,5.259108666139537,0.09557218372115472
BAC,log_abs_return,1,85.0,target_sector_weighted,shifted_1_day_text,cross_ticker_same_day,target_event_keyword,12,2.1518630441143594,2.0896554984374434,2.8908691864504186,0.06770846166381743
BX,log_abs_return,1,85.0,target_sector_weighted,shifted_1_day_text,cross_ticker_same_day,target_event_keyword,9,2.137433607039107,2.066382807660084,3.3241172565564074,0.07105079937902284
C,log_abs_return,1,85.0,target_sector_weighted,shifted_1_day_text,cross_ticker_same_day,target_event_keyword,7,1.550942236156938,1.5576856767524625,-0.4347963733474657,0.02668791495472262
ABT,log_abs_return,1,90.0,target_sector_weighted,shifted_1_day_text,cross_ticker_same_day,target_event_keyword,6,2.4480962642437913,2.2857614609251797,6.631062907518315,0.16233480331861191
AMD,log_abs_return,1,90.0,target_sector_weighted,shifted_1_day_text,cross_ticker_same_day,target_event_keyword,12,2.5726500221830615,2.448546728460436,4.823947783512189,0.12410329372262592
AMGN,log_abs_return,1,90.0,target_sector_weighted,shifted_1_day_text,cross_ticker_same_day,target_event_keyword,9,2.3357238502496087,2.2563055705317328,3.4001570737649005,0.07941827971787557
AXP,log_abs_return,1,90.0,target_sector_weighted,shifted_1_day_text,cross_ticker_same_day,target_event_keyword,6,1.81726961331852,1.7216974295973653,5.259108666139537,0.09557218372115472
BAC,log_abs_return,1,90.0,target_sector_weighted,shifted_1_day_text,cross_ticker_same_day,target_event_keyword,7,2.2167686684763956,2.1893842779863126,1.2353291924188257,0.03681453218191307
BX,log_abs_return,1,90.0,target_sector_weighted,shifted_1_day_text,cross_ticker_same_day,target_event_keyword,5,2.201106277316613,1.9330579127407226,12.17789287769741,0.2680483645758905
C,log_abs_return,1,90.0,target_sector_weighted,shifted_1_day_text,cross_ticker_same_day,target_event_keyword,5,1.695038468780017,1.712487708421877,-1.029430302807159,-0.017449239641860004
ABT,log_abs_return,1,95.0,target_sector_weighted,shifted_1_day_text,cross_ticker_same_day,target_event_keyword,3,2.345691316634381,2.158424022658854,7.983458550045694,0.1872672939755263
AMD,log_abs_return,1,95.0,target_sector_weighted,shifted_1_day_text,cross_ticker_same_day,target_event_keyword,7,2.90282232098065,2.772357477352607,4.494413684402441,0.13046484362804303
AMGN,log_abs_return,1,95.0,target_sector_weighted,shifted_1_day_text,cross_ticker_same_day,target_event_keyword,2,2.9458166120306295,2.229247092883456,24.324987381112738,0.7165695191471735
AXP,log_abs_return,1,95.0,target_sector_weighted,shifted_1_day_text,cross_ticker_same_day,target_event_keyword,2,1.9015547102869845,1.768988180498733,6.971481234334004,0.13256652978825145
BAC,log_abs_return,1,95.0,target_sector_weighted,shifted_1_day_text,cross_ticker_same_day,target_event_keyword,3,3.0936636881111994,3.1215017068737647,-0.8998398523260778,-0.02783801876256516
BX,log_abs_return,1,95.0,target_sector_weighted,shifted_1_day_text,cross_ticker_same_day,target_event_keyword,2,2.413591038692463,2.0732429560000467,14.101315311346038,0.3403480826924157
C,log_abs_return,1,95.0,target_sector_weighted,shifted_1_day_text,cross_ticker_same_day,target_event_keyword,1,0.3871329009508724,0.37877552450694907,2.158787440539412,0.008357376443923314
ABT,log_abs_return,3,80.0,target_sector_weighted,shifted_1_day_text,cross_ticker_same_day,target_event_keyword,24,1.4698385170987622,1.4346755852666186,2.3922989786354125,0.03516293183214362
AMD,log_abs_return,3,80.0,target_sector_weighted,shifted_1_day_text,cross_ticker_same_day,target_event_keyword,27,1.2925204788157958,1.2415572385541223,3.9429348390956203,0.050963240261673454
AMGN,log_abs_return,3,80.0,target_sector_weighted,shifted_1_day_text,cross_ticker_same_day,target_event_keyword,16,1.3851414301779144,1.3285945567483868,4.082389869911292,0.05654687342952769
AXP,log_abs_return,3,80.0,target_sector_weighted,shifted_1_day_text,cross_ticker_same_day,target_event_keyword,13,1.3926869650933786,1.3450419675189953,3.421084476883057,0.04764499757438312
BAC,log_abs_return,3,80.0,target_sector_weighted,shifted_1_day_text,cross_ticker_same_day,target_event_keyword,17,1.4765056092179683,1.4076870519299007,4.660907270411068,0.06881855728806743
BX,log_abs_return,3,80.0,target_sector_weighted,shifted_1_day_text,cross_ticker_same_day,target_event_keyword,15,1.145745548102449,1.1123344955051429,2.9160970908977633,0.03341105259730617
C,log_abs_return,3,80.0,target_sector_weighted,shifted_1_day_text,cross_ticker_same_day,target_event_keyword,10,1.4326429018771083,1.379094901929467,3.737707413164896,0.05354799994764141
ABT,log_abs_return,3,85.0,target_sector_weighted,shifted_1_day_text,cross_ticker_same_day,target_event_keyword,18,1.6165463063562908,1.5912537124196702,1.5646068310675472,0.025292593936620495
AMD,log_abs_return,3,85.0,target_sector_weighted,shifted_1_day_text,cross_ticker_same_day,target_event_keyword,19,1.4162332824732167,1.3782206694290993,2.6840643779910804,0.03801261304411771
AMGN,log_abs_return,3,85.0,target_sector_weighted,shifted_1_day_text,cross_ticker_same_day,target_event_keyword,10,1.565996213071277,1.5225920139048124,2.771666930237276,0.04340419916646434
AXP,log_abs_return,3,85.0,target_sector_weighted,shifted_1_day_text,cross_ticker_same_day,target_event_keyword,10,1.4388802550788098,1.3858711620495883,3.6840517369055235,0.05300909302922161
BAC,log_abs_return,3,85.0,target_sector_weighted,shifted_1_day_text,cross_ticker_same_day,target_event_keyword,15,1.5606765975476167,1.4726873264349871,5.63789264546494,0.08798927111262958
BX,log_abs_return,3,85.0,target_sector_weighted,shifted_1_day_text,cross_ticker_same_day,target_event_keyword,7,1.3752024240493863,1.3415318888732852,2.448405746475902,0.033670535176101524
C,log_abs_return,3,85.0,target_sector_weighted,shifted_1_day_text,cross_ticker_same_day,target_event_keyword,6,1.5634776182932566,1.4934916791240351,4.476299395038376,0.06998593916922147
ABT,log_abs_return,3,90.0,target_sector_weighted,shifted_1_day_text,cross_ticker_same_day,target_event_keyword,10,1.7964011105373736,1.734856596598961,3.4259895285859723,0.061544513938412496
AMD,log_abs_return,3,90.0,target_sector_weighted,shifted_1_day_text,cross_ticker_same_day,target_event_keyword,12,1.586581669731857,1.5642861781076667,1.4052533222546628,0.022295491624190533
AMGN,log_abs_return,3,90.0,target_sector_weighted,shifted_1_day_text,cross_ticker_same_day,target_event_keyword,8,1.6890463232585187,1.6489964752637354,2.37115154530036,0.04004984799478328
AXP,log_abs_return,3,90.0,target_sector_weighted,shifted_1_day_text,cross_ticker_same_day,target_event_keyword,3,1.7855400963896404,1.6723057314138234,6.3417430504516075,0.11323436497581696
BAC,log_abs_return,3,90.0,target_sector_weighted,shifted_1_day_text,cross_ticker_same_day,target_event_keyword,8,1.7967386863707893,1.7237626654581553,4.061582325031214,0.07297602091263411
BX,log_abs_return,3,90.0,target_sector_weighted,shifted_1_day_text,cross_ticker_same_day,target_event_keyword,5,1.546478921868183,1.4996845058331831,3.025868336987809,0.04679441603499992
C,log_abs_return,3,90.0,target_sector_weighted,shifted_1_day_text,cross_ticker_same_day,target_event_keyword,3,1.833864733857567,1.7546083597118216,4.321822252344004,0.07925637414574549
ABT,log_abs_return,3,95.0,target_sector_weighted,shifted_1_day_text,cross_ticker_same_day,target_event_keyword,4,2.1714381731391503,2.05004796979739,5.5903135923171074,0.1213902033417602
AMD,log_abs_return,3,95.0,target_sector_weighted,shifted_1_day_text,cross_ticker_same_day,target_event_keyword,8,1.7242088604242807,1.7037519569478299,1.1864515921474217,0.02045690347645074
AMGN,log_abs_return,3,95.0,target_sector_weighted,shifted_1_day_text,cross_ticker_same_day,target_event_keyword,2,2.0879177473907022,1.7772702842380628,14.878338169253059,0.3106474631526397
AXP,log_abs_return,3,95.0,target_sector_weighted,shifted_1_day_text,cross_ticker_same_day,target_event_keyword,2,1.8977190322700426,1.7689255954163152,6.7867494957704695,0.12879343685372735
BAC,log_abs_return,3,95.0,target_sector_weighted,shifted_1_day_text,cross_ticker_same_day,target_event_keyword,3,2.008031200925527,1.9323684555194955,3.768006461809823,0.07566274540603117
BX,log_abs_return,3,95.0,target_sector_weighted,shifted_1_day_text,cross_ticker_same_day,target_event_keyword,2,1.7395603916227456,1.7015396974402524,2.185649567878795,0.03802069418249321
C,log_abs_return,3,95.0,target_sector_weighted,shifted_1_day_text,cross_ticker_same_day,target_event_keyword,1,2.1476471965192094,2.152679090845709,-0.2342979952505782,-0.005031894326499753
ABT,log_gk,1,80.0,target_sector_weighted,shifted_1_day_text,stale_20d,target_event_keyword,14,0.5620180193370048,0.5596474583291563,0.4217944845691905,0.0023705610078485406
AMD,log_gk,1,80.0,target_sector_weighted,shifted_1_day_text,stale_20d,target_event_keyword,17,0.6041335454385347,0.5873694133126588,2.774905027613884,0.016764132125875953
AMGN,log_gk,1,80.0,target_sector_weighted,shifted_1_day_text,stale_20d,target_event_keyword,13,0.5839499216471353,0.5755446514961231,1.4393820153796155,0.00840527015101224
AXP,log_gk,1,80.0,target_sector_weighted,shifted_1_day_text,stale_20d,target_event_keyword,10,0.6462206533101934,0.6374057492394052,1.3640703102933736,0.008814904070788198
BAC,log_gk,1,80.0,target_sector_weighted,shifted_1_day_text,stale_20d,target_event_keyword,9,0.7376931090287666,0.7329402252494155,0.6442901148431067,0.0047528837793511
BX,log_gk,1,80.0,target_sector_weighted,shifted_1_day_text,stale_20d,target_event_keyword,10,0.39134399083647553,0.3859711941561962,1.3729089512260808,0.005176908129504687
C,log_gk,1,80.0,target_sector_weighted,shifted_1_day_text,stale_20d,target_event_keyword,9,0.4886474269940243,0.478919106790917,1.9908669657696345,0.009728320203107346
ABT,log_gk,1,85.0,target_sector_weighted,shifted_1_day_text,stale_20d,target_event_keyword,10,0.6326689371777252,0.6255424387079795,1.1264182656945807,0.007126498469745712
AMD,log_gk,1,85.0,target_sector_weighted,shifted_1_day_text,stale_20d,target_event_keyword,13,0.6368999701477859,0.6173279799594991,3.0730084951558942,0.01957199018828706
AMGN,log_gk,1,85.0,target_sector_weighted,shifted_1_day_text,stale_20d,target_event_keyword,11,0.5972261951454987,0.5898783974571237,1.2303207307551058,0.007347797688374963
AXP,log_gk,1,85.0,target_sector_weighted,shifted_1_day_text,stale_20d,target_event_keyword,7,0.7790123383130497,0.7654039539151981,1.746876619094449,0.013608384397851583
BAC,log_gk,1,85.0,target_sector_weighted,shifted_1_day_text,stale_20d,target_event_keyword,6,0.8629425569370781,0.8633739478014283,-0.04999068140541753,-0.0004313908643502155
BX,log_gk,1,85.0,target_sector_weighted,shifted_1_day_text,stale_20d,target_event_keyword,6,0.4191873896020832,0.4088005122070956,2.4778601772461193,0.010060396477029757
C,log_gk,1,85.0,target_sector_weighted,shifted_1_day_text,stale_20d,target_event_keyword,4,0.7403898281831056,0.729277651605492,1.5008548408724902,0.011112176577613653
ABT,log_gk,1,90.0,target_sector_weighted,shifted_1_day_text,stale_20d,target_event_keyword,6,0.8662846179200151,0.8611882164360044,0.5883056652035865,0.005096401484010915
AMD,log_gk,1,90.0,target_sector_weighted,shifted_1_day_text,stale_20d,target_event_keyword,6,0.7986908933631663,0.7810659154279973,2.206733303412654,0.017624977935169
AMGN,log_gk,1,90.0,target_sector_weighted,shifted_1_day_text,stale_20d,target_event_keyword,5,0.7401301966556576,0.7277074776379171,1.6784505042320437,0.012422719017740568
AXP,log_gk,1,90.0,target_sector_weighted,shifted_1_day_text,stale_20d,target_event_keyword,4,0.9149140832687737,0.9089402027711562,0.6529444247129976,0.00597388049761749
BAC,log_gk,1,90.0,target_sector_weighted,shifted_1_day_text,stale_20d,target_event_keyword,5,0.8830063770763807,0.8828811363835335,0.014183441490187229,0.00012524069284722828
BX,log_gk,1,90.0,target_sector_weighted,shifted_1_day_text,stale_20d,target_event_keyword,3,0.5959605528885588,0.58381175654657,2.0385235705794256,0.012148796341988769
C,log_gk,1,90.0,target_sector_weighted,shifted_1_day_text,stale_20d,target_event_keyword,1,0.9241820403033101,0.8752095465616767,5.299009459820377,0.04897249374163337
ABT,log_gk,1,95.0,target_sector_weighted,shifted_1_day_text,stale_20d,target_event_keyword,1,1.0232591473116193,1.0260798612307473,-0.27565978047094586,-0.0028207139191280817
AMD,log_gk,1,95.0,target_sector_weighted,shifted_1_day_text,stale_20d,target_event_keyword,5,0.8686390617130246,0.8509452751446045,2.036954973395577,0.017693786568420224
AMGN,log_gk,1,95.0,target_sector_weighted,shifted_1_day_text,stale_20d,target_event_keyword,2,0.8572607141579454,0.8255119126332056,3.703517611433465,0.0317488015247398
AXP,log_gk,1,95.0,target_sector_weighted,shifted_1_day_text,stale_20d,target_event_keyword,2,1.0188047690991309,0.9974226628567591,2.0987442237121385,0.0213821062423718
BAC,log_gk,1,95.0,target_sector_weighted,shifted_1_day_text,stale_20d,target_event_keyword,2,1.1390909327769498,1.1455478339235676,-0.5668468566312556,-0.006456901146617788
ABT,log_gk,3,80.0,target_sector_weighted,shifted_1_day_text,stale_20d,target_event_keyword,15,0.5812035140558642,0.5831540603233724,-0.33560469273429777,-0.0019505462675081613
AMD,log_gk,3,80.0,target_sector_weighted,shifted_1_day_text,stale_20d,target_event_keyword,20,0.6130731960405776,0.617604957363361,-0.7391876454640137,-0.00453176132278339
AMGN,log_gk,3,80.0,target_sector_weighted,shifted_1_day_text,stale_20d,target_event_keyword,9,0.6176728055449523,0.6343171332141827,-2.694683580013802,-0.016644327669230446
AXP,log_gk,3,80.0,target_sector_weighted,shifted_1_day_text,stale_20d,target_event_keyword,8,0.863204083330072,0.8625478775932685,0.07601976745430471,0.0006562057368035834
BAC,log_gk,3,80.0,target_sector_weighted,shifted_1_day_text,stale_20d,target_event_keyword,7,0.7105616199097647,0.7074558510266474,0.4370864955402062,0.003105768883117247
BX,log_gk,3,80.0,target_sector_weighted,shifted_1_day_text,stale_20d,target_event_keyword,12,0.5326304104925836,0.5239192338564016,1.6355011776601016,0.010370435466070563
C,log_gk,3,80.0,target_sector_weighted,shifted_1_day_text,stale_20d,target_event_keyword,8,0.6449256551447198,0.6338842427545188,1.7120442181391107,0.011041412390200955
ABT,log_gk,3,85.0,target_sector_weighted,shifted_1_day_text,stale_20d,target_event_keyword,9,0.7043317084518211,0.7136004154765727,-1.3159576536920303,-0.00926870702475154
AMD,log_gk,3,85.0,target_sector_weighted,shifted_1_day_text,stale_20d,target_event_keyword,14,0.6674724687930441,0.6757463975865409,-1.2395910214031853,-0.008273928793496881
AMGN,log_gk,3,85.0,target_sector_weighted,shifted_1_day_text,stale_20d,target_event_keyword,8,0.6448734654610025,0.6617295413769341,-2.6138578835588424,-0.016856075915931523
AXP,log_gk,3,85.0,target_sector_weighted,shifted_1_day_text,stale_20d,target_event_keyword,6,0.9457261966618753,0.9482725026656101,-0.2692434673716903,-0.002546306003734807
BAC,log_gk,3,85.0,target_sector_weighted,shifted_1_day_text,stale_20d,target_event_keyword,5,0.8117910153010023,0.8010355864121061,1.324901198236119,0.010755428888896112
BX,log_gk,3,85.0,target_sector_weighted,shifted_1_day_text,stale_20d,target_event_keyword,9,0.6131236700806618,0.6010119796801406,1.9754074082522013,0.01211169040052118
C,log_gk,3,85.0,target_sector_weighted,shifted_1_day_text,stale_20d,target_event_keyword,4,0.7807717070891225,0.7702044173305906,1.3534416862937897,0.010567289758531828
ABT,log_gk,3,90.0,target_sector_weighted,shifted_1_day_text,stale_20d,target_event_keyword,4,0.9270294448927492,0.9462913771052572,-2.0778123411966187,-0.01926193221250805
AMD,log_gk,3,90.0,target_sector_weighted,shifted_1_day_text,stale_20d,target_event_keyword,6,0.8872633855122469,0.8950203252114349,-0.8742544576782758,-0.007756939699188041
AMGN,log_gk,3,90.0,target_sector_weighted,shifted_1_day_text,stale_20d,target_event_keyword,1,0.6283190808500185,0.6394574513219942,-1.772725166472287,-0.011138370471975634
AXP,log_gk,3,90.0,target_sector_weighted,shifted_1_day_text,stale_20d,target_event_keyword,4,1.1005966607601765,1.1066396011121644,-0.5490603930975139,-0.0060429403519879354
BAC,log_gk,3,90.0,target_sector_weighted,shifted_1_day_text,stale_20d,target_event_keyword,3,1.0933454778914515,1.0882215133613466,0.46865008670329894,0.005123964530104885
BX,log_gk,3,90.0,target_sector_weighted,shifted_1_day_text,stale_20d,target_event_keyword,6,0.6321752616522828,0.6180585613126213,2.2330358677379176,0.014116700339661467
C,log_gk,3,90.0,target_sector_weighted,shifted_1_day_text,stale_20d,target_event_keyword,3,0.8318629655790103,0.8207997959889223,1.3299269288166475,0.011063169590088092
ABT,log_gk,3,95.0,target_sector_weighted,shifted_1_day_text,stale_20d,target_event_keyword,1,1.0276705618993436,1.0772510956954235,-4.8245552256011965,-0.04958053379607996
AMD,log_gk,3,95.0,target_sector_weighted,shifted_1_day_text,stale_20d,target_event_keyword,5,0.9456344229299953,0.9508971937928461,-0.5565333426150416,-0.005262770862850897
AXP,log_gk,3,95.0,target_sector_weighted,shifted_1_day_text,stale_20d,target_event_keyword,3,1.087494897991131,1.0917700236280823,-0.39311684540759856,-0.004275125636951316
BAC,log_gk,3,95.0,target_sector_weighted,shifted_1_day_text,stale_20d,target_event_keyword,2,1.2828557361827784,1.2614693292438153,1.6670936829264806,0.0213864069389631
BX,log_gk,3,95.0,target_sector_weighted,shifted_1_day_text,stale_20d,target_event_keyword,2,0.7731724747526869,0.7506342843465561,2.915027518709852,0.02253819040613081
C,log_gk,3,95.0,target_sector_weighted,shifted_1_day_text,stale_20d,target_event_keyword,1,0.703203212709496,0.6643627727859491,5.523359282431562,0.03884043992354691
ABT,log_abs_return,1,80.0,target_sector_weighted,shifted_1_day_text,stale_20d,target_event_keyword,15,2.1286364484420703,2.134828399604293,-0.29088814892530995,-0.0061919511622225976
AMD,log_abs_return,1,80.0,target_sector_weighted,shifted_1_day_text,stale_20d,target_event_keyword,23,2.307253961053972,2.312854236778615,-0.24272472034611628,-0.005600275724643041
AMGN,log_abs_return,1,80.0,target_sector_weighted,shifted_1_day_text,stale_20d,target_event_keyword,19,2.011413646066492,2.170491978898602,-7.908782618791641,-0.15907833283211
AXP,log_abs_return,1,80.0,target_sector_weighted,shifted_1_day_text,stale_20d,target_event_keyword,10,1.7821010496831318,1.6851269551542216,5.441559812006885,0.09697409452891011
BAC,log_abs_return,1,80.0,target_sector_weighted,shifted_1_day_text,stale_20d,target_event_keyword,20,2.100610763211964,2.2866292832149426,-8.855449246510803,-0.18132011869712264
BX,log_abs_return,1,80.0,target_sector_weighted,shifted_1_day_text,stale_20d,target_event_keyword,15,1.9234859842492633,1.9656067903526886,-2.1898161176290056,-0.00033151024951780055
C,log_abs_return,1,80.0,target_sector_weighted,shifted_1_day_text,stale_20d,target_event_keyword,10,1.6156311430140455,1.6892669106870817,-4.557709102813202,-0.05654124794076507
ABT,log_abs_return,1,85.0,target_sector_weighted,shifted_1_day_text,stale_20d,target_event_keyword,9,2.1113127479317466,2.198879925721896,-4.147522809016831,-0.08756717779014941
AMD,log_abs_return,1,85.0,target_sector_weighted,shifted_1_day_text,stale_20d,target_event_keyword,15,2.484229061984355,2.434696098662219,1.9938967819082665,0.04953296332213597
AMGN,log_abs_return,1,85.0,target_sector_weighted,shifted_1_day_text,stale_20d,target_event_keyword,16,2.2078219901307676,2.3722808017061903,-7.448916276338105,-0.16445881157542236
AXP,log_abs_return,1,85.0,target_sector_weighted,shifted_1_day_text,stale_20d,target_event_keyword,6,1.81726961331852,1.9332557421672838,-6.382439237343615,-0.11598612884876358
BAC,log_abs_return,1,85.0,target_sector_weighted,shifted_1_day_text,stale_20d,target_event_keyword,12,2.1518630441143594,2.3052949093508266,-7.130187288457991,-0.14560119639337446
BX,log_abs_return,1,85.0,target_sector_weighted,shifted_1_day_text,stale_20d,target_event_keyword,9,2.137433607039107,2.043634870163367,4.388381307697099,0.09379873687573988
C,log_abs_return,1,85.0,target_sector_weighted,shifted_1_day_text,stale_20d,target_event_keyword,7,1.550942236156938,1.6211534766238551,-4.527005508657286,-0.045790497992244106
ABT,log_abs_return,1,90.0,target_sector_weighted,shifted_1_day_text,stale_20d,target_event_keyword,6,2.4480962642437913,2.405424322476357,1.7430663324268982,0.04267194176743394
AMD,log_abs_return,1,90.0,target_sector_weighted,shifted_1_day_text,stale_20d,target_event_keyword,12,2.5726500221830615,2.447387148996187,4.8690211302266775,0.12526287318687435
AMGN,log_abs_return,1,90.0,target_sector_weighted,shifted_1_day_text,stale_20d,target_event_keyword,9,2.3357238502496087,2.5223148416986674,-7.988572426021959,-0.18659099144905847
AXP,log_abs_return,1,90.0,target_sector_weighted,shifted_1_day_text,stale_20d,target_event_keyword,6,1.81726961331852,1.9332557421672838,-6.382439237343615,-0.11598612884876358
BAC,log_abs_return,1,90.0,target_sector_weighted,shifted_1_day_text,stale_20d,target_event_keyword,7,2.2167686684763956,2.5008090497714215,-12.81326217454387,-0.2706163775640101
BX,log_abs_return,1,90.0,target_sector_weighted,shifted_1_day_text,stale_20d,target_event_keyword,5,2.201106277316613,2.1306705900168077,3.200013012805272,0.07043568729980532
C,log_abs_return,1,90.0,target_sector_weighted,shifted_1_day_text,stale_20d,target_event_keyword,5,1.695038468780017,1.7637692948852588,-4.054823968373408,-0.06873082610524177
ABT,log_abs_return,1,95.0,target_sector_weighted,shifted_1_day_text,stale_20d,target_event_keyword,3,2.345691316634381,2.3479491849673013,-0.09625598717567065,-0.0022578683329205576
AMD,log_abs_return,1,95.0,target_sector_weighted,shifted_1_day_text,stale_20d,target_event_keyword,7,2.90282232098065,2.7371567069803424,5.707053194504217,0.16566561400030796
AMGN,log_abs_return,1,95.0,target_sector_weighted,shifted_1_day_text,stale_20d,target_event_keyword,2,2.9458166120306295,3.1533682478242695,-7.0456400763715274,-0.20755163579364
AXP,log_abs_return,1,95.0,target_sector_weighted,shifted_1_day_text,stale_20d,target_event_keyword,2,1.9015547102869845,2.124051744428437,-11.700795824479476,-0.2224970341414525
BAC,log_abs_return,1,95.0,target_sector_weighted,shifted_1_day_text,stale_20d,target_event_keyword,3,3.0936636881111994,3.2727394070374385,-5.788467557557031,-0.17907571892623922
BX,log_abs_return,1,95.0,target_sector_weighted,shifted_1_day_text,stale_20d,target_event_keyword,2,2.413591038692463,2.2684762420763844,6.012402030407471,0.1451147966160784
C,log_abs_return,1,95.0,target_sector_weighted,shifted_1_day_text,stale_20d,target_event_keyword,1,0.3871329009508724,0.5830302193781818,-50.602084696533964,-0.1958973184273094
ABT,log_abs_return,3,80.0,target_sector_weighted,shifted_1_day_text,stale_20d,target_event_keyword,24,1.4698385170987622,1.4782499834035143,-0.5722714575037159,-0.008411466304752277
AMD,log_abs_return,3,80.0,target_sector_weighted,shifted_1_day_text,stale_20d,target_event_keyword,27,1.2925204788157958,1.3502844076323373,-4.469091961271255,-0.05776392881654143
AMGN,log_abs_return,3,80.0,target_sector_weighted,shifted_1_day_text,stale_20d,target_event_keyword,16,1.3851414301779144,1.3494561292017937,2.576292947322864,0.035685300976120604
AXP,log_abs_return,3,80.0,target_sector_weighted,shifted_1_day_text,stale_20d,target_event_keyword,13,1.3926869650933786,1.4036828740963654,-0.7895463430469805,-0.010995909002987038
BAC,log_abs_return,3,80.0,target_sector_weighted,shifted_1_day_text,stale_20d,target_event_keyword,17,1.4765056092179683,1.485316090689806,-0.5967116831004924,-0.008810481471837887
BX,log_abs_return,3,80.0,target_sector_weighted,shifted_1_day_text,stale_20d,target_event_keyword,15,1.145745548102449,1.1646092573164961,-1.6464134855499684,-0.01886370921404721
C,log_abs_return,3,80.0,target_sector_weighted,shifted_1_day_text,stale_20d,target_event_keyword,10,1.4326429018771083,1.3683288179644395,4.4891915374307025,0.06431408391266871
ABT,log_abs_return,3,85.0,target_sector_weighted,shifted_1_day_text,stale_20d,target_event_keyword,18,1.6165463063562908,1.6348491784645636,-1.1322207125342163,-0.018302872108272677
AMD,log_abs_return,3,85.0,target_sector_weighted,shifted_1_day_text,stale_20d,target_event_keyword,19,1.4162332824732167,1.4479251167074385,-2.2377552219982646,-0.031691834234221755
AMGN,log_abs_return,3,85.0,target_sector_weighted,shifted_1_day_text,stale_20d,target_event_keyword,10,1.565996213071277,1.5074808963542614,3.736619298858563,0.05851531671701578
AXP,log_abs_return,3,85.0,target_sector_weighted,shifted_1_day_text,stale_20d,target_event_keyword,10,1.4388802550788098,1.4377141050845421,0.08104565964759879,0.0011661499942679844
BAC,log_abs_return,3,85.0,target_sector_weighted,shifted_1_day_text,stale_20d,target_event_keyword,15,1.5606765975476167,1.5797418028817427,-1.221598719688904,-0.01906520533412642
BX,log_abs_return,3,85.0,target_sector_weighted,shifted_1_day_text,stale_20d,target_event_keyword,7,1.3752024240493863,1.429006285697975,-3.9124321414558927,-0.05380386164858887
C,log_abs_return,3,85.0,target_sector_weighted,shifted_1_day_text,stale_20d,target_event_keyword,6,1.5634776182932566,1.475544721009994,5.624186509254487,0.0879328972832627
ABT,log_abs_return,3,90.0,target_sector_weighted,shifted_1_day_text,stale_20d,target_event_keyword,10,1.7964011105373736,1.8237687067380115,-1.5234680072342628,-0.02736759620063802
AMD,log_abs_return,3,90.0,target_sector_weighted,shifted_1_day_text,stale_20d,target_event_keyword,12,1.586581669731857,1.6287660092799119,-2.6588192938838264,-0.04218433954805523
AMGN,log_abs_return,3,90.0,target_sector_weighted,shifted_1_day_text,stale_20d,target_event_keyword,8,1.6890463232585187,1.6416908592099668,2.8036805975334875,0.04735546404855184
AXP,log_abs_return,3,90.0,target_sector_weighted,shifted_1_day_text,stale_20d,target_event_keyword,3,1.7855400963896404,1.809017055646357,-1.3148379755899593,-0.02347695925671663
BAC,log_abs_return,3,90.0,target_sector_weighted,shifted_1_day_text,stale_20d,target_event_keyword,8,1.7967386863707893,1.8179840784880064,-1.1824419587764545,-0.021245392117216988
BX,log_abs_return,3,90.0,target_sector_weighted,shifted_1_day_text,stale_20d,target_event_keyword,5,1.546478921868183,1.57790362117897,-2.032016011755621,-0.03142469931078713
C,log_abs_return,3,90.0,target_sector_weighted,shifted_1_day_text,stale_20d,target_event_keyword,3,1.833864733857567,1.7808228133002935,2.892357303021963,0.05304192055727371
ABT,log_abs_return,3,95.0,target_sector_weighted,shifted_1_day_text,stale_20d,target_event_keyword,4,2.1714381731391503,2.2283506997625517,-2.6209600313475896,-0.05691252662340163
AMD,log_abs_return,3,95.0,target_sector_weighted,shifted_1_day_text,stale_20d,target_event_keyword,8,1.7242088604242807,1.8035042119594151,-4.598941192984128,-0.07929535153513434
AMGN,log_abs_return,3,95.0,target_sector_weighted,shifted_1_day_text,stale_20d,target_event_keyword,2,2.0879177473907022,2.124848727465877,-1.7687947775398636,-0.0369309800751747
AXP,log_abs_return,3,95.0,target_sector_weighted,shifted_1_day_text,stale_20d,target_event_keyword,2,1.8977190322700426,2.0261749942693084,-6.768966312447601,-0.1284559619992658
BAC,log_abs_return,3,95.0,target_sector_weighted,shifted_1_day_text,stale_20d,target_event_keyword,3,2.008031200925527,2.1301809042093303,-6.083058033535692,-0.12214970328380333
BX,log_abs_return,3,95.0,target_sector_weighted,shifted_1_day_text,stale_20d,target_event_keyword,2,1.7395603916227456,1.6683583918471028,4.09310306894388,0.07120199977564279
C,log_abs_return,3,95.0,target_sector_weighted,shifted_1_day_text,stale_20d,target_event_keyword,1,2.1476471965192094,2.171148618435795,-1.0942868993881072,-0.023501421916585663
ABT,log_gk,1,80.0,target_sector_weighted,same_day_text,correct_text,target_event_keyword,14,0.5620180193370048,0.5478983750007452,2.512311678710243,0.014119644336259705
AMD,log_gk,1,80.0,target_sector_weighted,same_day_text,correct_text,target_event_keyword,17,0.6041335454385347,0.5838441581418119,3.3584275281378284,0.020289387296722902
AMGN,log_gk,1,80.0,target_sector_weighted,same_day_text,correct_text,target_event_keyword,13,0.5839499216471353,0.568406502579573,2.6617726094935152,0.015543419067562207
AXP,log_gk,1,80.0,target_sector_weighted,same_day_text,correct_text,target_event_keyword,10,0.6462206533101934,0.6126369244828094,5.196944519701609,0.0335837288273841
BAC,log_gk,1,80.0,target_sector_weighted,same_day_text,correct_text,target_event_keyword,9,0.7376931090287666,0.7055377087690782,4.3589129227496315,0.03215540025968849
BX,log_gk,1,80.0,target_sector_weighted,same_day_text,correct_text,target_event_keyword,10,0.39134399083647553,0.3947341604824103,-0.8662889236368376,-0.004052296644825981
C,log_gk,1,80.0,target_sector_weighted,same_day_text,correct_text,target_event_keyword,9,0.4886474269940243,0.4483045466732739,8.256030440787269,0.040342880320750396
ABT,log_gk,1,85.0,target_sector_weighted,same_day_text,correct_text,target_event_keyword,10,0.6326689371777252,0.6248351770831513,1.238208426909589,0.007833760094573972
AMD,log_gk,1,85.0,target_sector_weighted,same_day_text,correct_text,target_event_keyword,13,0.6368999701477859,0.6189129183018346,2.8241564906617254,0.01798705184595132
AMGN,log_gk,1,85.0,target_sector_weighted,same_day_text,correct_text,target_event_keyword,11,0.5972261951454987,0.5801041297666454,2.8669314102476626,0.01712206537885316
AXP,log_gk,1,85.0,target_sector_weighted,same_day_text,correct_text,target_event_keyword,7,0.7790123383130497,0.7363130894979076,5.4812031485415575,0.04269924881514215
BAC,log_gk,1,85.0,target_sector_weighted,same_day_text,correct_text,target_event_keyword,6,0.8629425569370781,0.8300956059696252,3.8063890468027974,0.03284695096745308
BX,log_gk,1,85.0,target_sector_weighted,same_day_text,correct_text,target_event_keyword,6,0.4191873896020832,0.42561985022537646,-1.5345071876802738,-0.007536005621445296
C,log_gk,1,85.0,target_sector_weighted,same_day_text,correct_text,target_event_keyword,4,0.7403898281831056,0.6912083356061893,6.642648332650138,0.049181492576916286
ABT,log_gk,1,90.0,target_sector_weighted,same_day_text,correct_text,target_event_keyword,6,0.8662846179200151,0.8469819689191084,2.228210983043099,0.019302649000906946
AMD,log_gk,1,90.0,target_sector_weighted,same_day_text,correct_text,target_event_keyword,6,0.7986908933631663,0.7773871429257143,2.66733358480465,0.021303750437452102
AMGN,log_gk,1,90.0,target_sector_weighted,same_day_text,correct_text,target_event_keyword,5,0.7401301966556576,0.7069489795093387,4.483159489539968,0.03318121714631896
AXP,log_gk,1,90.0,target_sector_weighted,same_day_text,correct_text,target_event_keyword,4,0.9149140832687737,0.8805489972654605,3.756099794697084,0.03436508600331312
BAC,log_gk,1,90.0,target_sector_weighted,same_day_text,correct_text,target_event_keyword,5,0.8830063770763807,0.8534299763113751,3.3495115701126235,0.02957640076500585
BX,log_gk,1,90.0,target_sector_weighted,same_day_text,correct_text,target_event_keyword,3,0.5959605528885588,0.5972408127069615,-0.21482291272424897,-0.0012802598184027403
C,log_gk,1,90.0,target_sector_weighted,same_day_text,correct_text,target_event_keyword,1,0.9241820403033101,0.8860345166066796,4.127706667412697,0.038147523696630437
ABT,log_gk,1,95.0,target_sector_weighted,same_day_text,correct_text,target_event_keyword,1,1.0232591473116193,0.9670224492098285,5.495841229422664,0.05623669810179077
AMD,log_gk,1,95.0,target_sector_weighted,same_day_text,correct_text,target_event_keyword,5,0.8686390617130246,0.8422019891857218,3.043504913901395,0.026437072527302784
AMGN,log_gk,1,95.0,target_sector_weighted,same_day_text,correct_text,target_event_keyword,2,0.8572607141579454,0.8225571344516296,4.048194339618581,0.03470357970631577
AXP,log_gk,1,95.0,target_sector_weighted,same_day_text,correct_text,target_event_keyword,2,1.0188047690991309,0.97301552920332,4.494407690719742,0.04578923989581085
BAC,log_gk,1,95.0,target_sector_weighted,same_day_text,correct_text,target_event_keyword,2,1.1390909327769498,1.1122784446404625,2.353849667745319,0.02681248813648729
ABT,log_gk,3,80.0,target_sector_weighted,same_day_text,correct_text,target_event_keyword,15,0.5812035140558642,0.5769710751936167,0.7282197646590178,0.0042324388622475935
AMD,log_gk,3,80.0,target_sector_weighted,same_day_text,correct_text,target_event_keyword,20,0.6130731960405776,0.5962409737512547,2.7455485573387928,0.01683222228932286
AMGN,log_gk,3,80.0,target_sector_weighted,same_day_text,correct_text,target_event_keyword,9,0.6176728055449523,0.5830106550407511,5.611733298444298,0.03466215050420117
AXP,log_gk,3,80.0,target_sector_weighted,same_day_text,correct_text,target_event_keyword,8,0.863204083330072,0.861164496140877,0.23628099409895406,0.002039587189195058
BAC,log_gk,3,80.0,target_sector_weighted,same_day_text,correct_text,target_event_keyword,7,0.7105616199097647,0.6818292625271962,4.043612345149922,0.028732357382568376
BX,log_gk,3,80.0,target_sector_weighted,same_day_text,correct_text,target_event_keyword,12,0.5326304104925836,0.5383464077416799,-1.0731638931036602,-0.005662019817621489
C,log_gk,3,80.0,target_sector_weighted,same_day_text,correct_text,target_event_keyword,8,0.6449256551447198,0.6180187686368916,4.172091200464074,0.02690688650782813
ABT,log_gk,3,85.0,target_sector_weighted,same_day_text,correct_text,target_event_keyword,9,0.7043317084518211,0.6945469617038504,1.3892242292311916,0.009784746747970708
AMD,log_gk,3,85.0,target_sector_weighted,same_day_text,correct_text,target_event_keyword,14,0.6674724687930441,0.652886193409991,2.1852999284642753,0.014586275383052984
AMGN,log_gk,3,85.0,target_sector_weighted,same_day_text,correct_text,target_event_keyword,8,0.6448734654610025,0.6153774410433502,4.57392434290445,0.02949602441765231
AXP,log_gk,3,85.0,target_sector_weighted,same_day_text,correct_text,target_event_keyword,6,0.9457261966618753,0.9434108171728456,0.24482556338211786,0.002315379489029823
BAC,log_gk,3,85.0,target_sector_weighted,same_day_text,correct_text,target_event_keyword,5,0.8117910153010023,0.7824997235650966,3.608230589377103,0.029291291735905743
BX,log_gk,3,85.0,target_sector_weighted,same_day_text,correct_text,target_event_keyword,9,0.6131236700806618,0.6234126525012671,-1.6781251357090274,-0.010288982420605238
C,log_gk,3,85.0,target_sector_weighted,same_day_text,correct_text,target_event_keyword,4,0.7807717070891225,0.7332359801892521,6.0883003915566265,0.0475357268998704
ABT,log_gk,3,90.0,target_sector_weighted,same_day_text,correct_text,target_event_keyword,4,0.9270294448927492,0.8988291802687491,3.042003118602411,0.02820026462400005
AMD,log_gk,3,90.0,target_sector_weighted,same_day_text,correct_text,target_event_keyword,6,0.8872633855122469,0.8544801140775733,3.6948748218373453,0.03278327143467363
AMGN,log_gk,3,90.0,target_sector_weighted,same_day_text,correct_text,target_event_keyword,1,0.6283190808500185,0.6022369247293886,4.15110043854546,0.026082156120629918
AXP,log_gk,3,90.0,target_sector_weighted,same_day_text,correct_text,target_event_keyword,4,1.1005966607601765,1.0870985793717391,1.226433067597559,0.013498081388437333
BAC,log_gk,3,90.0,target_sector_weighted,same_day_text,correct_text,target_event_keyword,3,1.0933454778914515,1.0749577073498318,1.6817896002168615,0.018387770541619847
BX,log_gk,3,90.0,target_sector_weighted,same_day_text,correct_text,target_event_keyword,6,0.6321752616522828,0.6246934899536877,1.1834964372127421,0.007481771698595023
C,log_gk,3,90.0,target_sector_weighted,same_day_text,correct_text,target_event_keyword,3,0.8318629655790103,0.7834362408939975,5.821478619535104,0.04842672468501282
ABT,log_gk,3,95.0,target_sector_weighted,same_day_text,correct_text,target_event_keyword,1,1.0276705618993436,1.0164614538451548,1.090729701692732,0.011209108054188732
AMD,log_gk,3,95.0,target_sector_weighted,same_day_text,correct_text,target_event_keyword,5,0.9456344229299953,0.9203994226076849,2.6685788620216653,0.025235000322310342
AXP,log_gk,3,95.0,target_sector_weighted,same_day_text,correct_text,target_event_keyword,3,1.087494897991131,1.067243422465877,1.8622133825789442,0.020251475525254154
BAC,log_gk,3,95.0,target_sector_weighted,same_day_text,correct_text,target_event_keyword,2,1.2828557361827784,1.2564866513067083,2.0554988477919567,0.026369084876070037
BX,log_gk,3,95.0,target_sector_weighted,same_day_text,correct_text,target_event_keyword,2,0.7731724747526869,0.8035885329078969,-3.9339292523235647,-0.03041605815520998
C,log_gk,3,95.0,target_sector_weighted,same_day_text,correct_text,target_event_keyword,1,0.703203212709496,0.6944806570552458,1.2404032712879125,0.008722555654250286
ABT,log_abs_return,1,80.0,target_sector_weighted,same_day_text,correct_text,target_event_keyword,15,2.1286364484420703,1.6704438587517525,21.525168848145245,0.4581925896903176
AMD,log_abs_return,1,80.0,target_sector_weighted,same_day_text,correct_text,target_event_keyword,23,2.307253961053972,1.7817839076893371,22.77469503723795,0.5254700533646354
AMGN,log_abs_return,1,80.0,target_sector_weighted,same_day_text,correct_text,target_event_keyword,19,2.011413646066492,1.9137850160043837,4.85373211288639,0.09762863006210765
AXP,log_abs_return,1,80.0,target_sector_weighted,same_day_text,correct_text,target_event_keyword,10,1.7821010496831318,1.6381999368098583,8.07480097151954,0.1439011128732733
BAC,log_abs_return,1,80.0,target_sector_weighted,same_day_text,correct_text,target_event_keyword,20,2.100610763211964,1.744634842816043,16.946305647392368,0.3559759203959211
BX,log_abs_return,1,80.0,target_sector_weighted,same_day_text,correct_text,target_event_keyword,15,1.9234859842492633,1.7730086523678172,7.8231571799145385,0.1608521827130683
C,log_abs_return,1,80.0,target_sector_weighted,same_day_text,correct_text,target_event_keyword,10,1.6156311430140455,1.2735774252300094,21.171522922361895,0.35505912038187887
ABT,log_abs_return,1,85.0,target_sector_weighted,same_day_text,correct_text,target_event_keyword,9,2.1113127479317466,1.6982333442029507,19.565050423413147,0.41307940372879587
AMD,log_abs_return,1,85.0,target_sector_weighted,same_day_text,correct_text,target_event_keyword,15,2.484229061984355,1.934378495218325,22.133650039776118,0.5498505667660301
AMGN,log_abs_return,1,85.0,target_sector_weighted,same_day_text,correct_text,target_event_keyword,16,2.2078219901307676,2.0586561891485697,6.756242199279976,0.149165800982198
AXP,log_abs_return,1,85.0,target_sector_weighted,same_day_text,correct_text,target_event_keyword,6,1.81726961331852,1.6589853831228096,8.710002579455846,0.15828423019571022
BAC,log_abs_return,1,85.0,target_sector_weighted,same_day_text,correct_text,target_event_keyword,12,2.1518630441143594,1.7021973823148409,20.89657439070836,0.4496656617995187
BX,log_abs_return,1,85.0,target_sector_weighted,same_day_text,correct_text,target_event_keyword,9,2.137433607039107,1.8289639038325558,14.43177941016193,0.3084697032065508
C,log_abs_return,1,85.0,target_sector_weighted,same_day_text,correct_text,target_event_keyword,7,1.550942236156938,1.1880718298058228,23.39677119441067,0.381449552919462
ABT,log_abs_return,1,90.0,target_sector_weighted,same_day_text,correct_text,target_event_keyword,6,2.4480962642437913,1.8791702620349142,23.239527404148728,0.5689260022088771
AMD,log_abs_return,1,90.0,target_sector_weighted,same_day_text,correct_text,target_event_keyword,12,2.5726500221830615,1.9695092557952725,23.444337985622496,0.6031407663877889
AMGN,log_abs_return,1,90.0,target_sector_weighted,same_day_text,correct_text,target_event_keyword,9,2.3357238502496087,2.054765073883338,12.028766856845943,0.280958776366271
AXP,log_abs_return,1,90.0,target_sector_weighted,same_day_text,correct_text,target_event_keyword,6,1.81726961331852,1.6589853831228096,8.710002579455846,0.15828423019571022
BAC,log_abs_return,1,90.0,target_sector_weighted,same_day_text,correct_text,target_event_keyword,7,2.2167686684763956,1.8758614045118642,15.378567408156302,0.3409072639645315
BX,log_abs_return,1,90.0,target_sector_weighted,same_day_text,correct_text,target_event_keyword,5,2.201106277316613,1.8526044214547965,15.833031755589646,0.3485018558618167
C,log_abs_return,1,90.0,target_sector_weighted,same_day_text,correct_text,target_event_keyword,5,1.695038468780017,1.2143491284926324,28.358609503025313,0.4806893402873847
ABT,log_abs_return,1,95.0,target_sector_weighted,same_day_text,correct_text,target_event_keyword,3,2.345691316634381,1.560529411345301,33.4725161712939,0.7851619052890796
AMD,log_abs_return,1,95.0,target_sector_weighted,same_day_text,correct_text,target_event_keyword,7,2.90282232098065,2.298413317290315,20.8214260763349,0.6044090036903356
AMGN,log_abs_return,1,95.0,target_sector_weighted,same_day_text,correct_text,target_event_keyword,2,2.9458166120306295,2.5907830546184067,12.052126936968039,0.35503355741222276
AXP,log_abs_return,1,95.0,target_sector_weighted,same_day_text,correct_text,target_event_keyword,2,1.9015547102869845,1.5051114422056622,20.84837559164894,0.39644326808132235
BAC,log_abs_return,1,95.0,target_sector_weighted,same_day_text,correct_text,target_event_keyword,3,3.0936636881111994,2.690766628542472,13.02329859309018,0.40289705956872773
BX,log_abs_return,1,95.0,target_sector_weighted,same_day_text,correct_text,target_event_keyword,2,2.413591038692463,1.896189308272142,21.437009092502173,0.5174017304203207
C,log_abs_return,1,95.0,target_sector_weighted,same_day_text,correct_text,target_event_keyword,1,0.3871329009508724,0.4780199641539742,-23.476966948524865,-0.0908870632031018
ABT,log_abs_return,3,80.0,target_sector_weighted,same_day_text,correct_text,target_event_keyword,24,1.4698385170987622,1.3353300851192789,9.151238752742891,0.1345084319794835
AMD,log_abs_return,3,80.0,target_sector_weighted,same_day_text,correct_text,target_event_keyword,27,1.2925204788157958,1.2105650538324955,6.340744794882299,0.0819554249833004
AMGN,log_abs_return,3,80.0,target_sector_weighted,same_day_text,correct_text,target_event_keyword,16,1.3851414301779144,1.2326086054507686,11.012075836007138,0.1525328247271457
AXP,log_abs_return,3,80.0,target_sector_weighted,same_day_text,correct_text,target_event_keyword,13,1.3926869650933786,1.3133520265611496,5.696537737531687,0.07933493853222875
BAC,log_abs_return,3,80.0,target_sector_weighted,same_day_text,correct_text,target_event_keyword,17,1.4765056092179683,1.3784861467402292,6.638610911180698,0.09801946247773895
BX,log_abs_return,3,80.0,target_sector_weighted,same_day_text,correct_text,target_event_keyword,15,1.145745548102449,1.0743946493527252,6.227464629288161,0.07135089874972399
C,log_abs_return,3,80.0,target_sector_weighted,same_day_text,correct_text,target_event_keyword,10,1.4326429018771083,1.2619322605981957,11.91578453048142,0.1707106412789126
ABT,log_abs_return,3,85.0,target_sector_weighted,same_day_text,correct_text,target_event_keyword,18,1.6165463063562908,1.479108471240589,8.501942355458272,0.13743783511570165
AMD,log_abs_return,3,85.0,target_sector_weighted,same_day_text,correct_text,target_event_keyword,19,1.4162332824732167,1.314790734946523,7.162841657663982,0.10144254752669353
AMGN,log_abs_return,3,85.0,target_sector_weighted,same_day_text,correct_text,target_event_keyword,10,1.565996213071277,1.3740259216608988,12.258668942364846,0.1919702914103782
AXP,log_abs_return,3,85.0,target_sector_weighted,same_day_text,correct_text,target_event_keyword,10,1.4388802550788098,1.3724797809790417,4.614732453614166,0.06640047409976804
BAC,log_abs_return,3,85.0,target_sector_weighted,same_day_text,correct_text,target_event_keyword,15,1.5606765975476167,1.4716748376753912,5.702767633735214,0.08900175987222493
BX,log_abs_return,3,85.0,target_sector_weighted,same_day_text,correct_text,target_event_keyword,7,1.3752024240493863,1.2808468426402944,6.861214011771073,0.09435558140909205
C,log_abs_return,3,85.0,target_sector_weighted,same_day_text,correct_text,target_event_keyword,6,1.5634776182932566,1.3241893136940874,15.304875605471354,0.23928830459916908
ABT,log_abs_return,3,90.0,target_sector_weighted,same_day_text,correct_text,target_event_keyword,10,1.7964011105373736,1.6152380785632796,10.084776217929473,0.18116303197409384
AMD,log_abs_return,3,90.0,target_sector_weighted,same_day_text,correct_text,target_event_keyword,12,1.586581669731857,1.4886949886108585,6.169659147615271,0.09788668112099878
AMGN,log_abs_return,3,90.0,target_sector_weighted,same_day_text,correct_text,target_event_keyword,8,1.6890463232585187,1.4869375174308563,11.965853336559341,0.20210880582766233
AXP,log_abs_return,3,90.0,target_sector_weighted,same_day_text,correct_text,target_event_keyword,3,1.7855400963896404,1.6767204212647766,6.094496300861405,0.10881967512486386
BAC,log_abs_return,3,90.0,target_sector_weighted,same_day_text,correct_text,target_event_keyword,8,1.7967386863707893,1.6731624987866955,6.877805243549565,0.12357618758409372
BX,log_abs_return,3,90.0,target_sector_weighted,same_day_text,correct_text,target_event_keyword,5,1.546478921868183,1.4775403271258305,4.457777844076464,0.06893859474235242
C,log_abs_return,3,90.0,target_sector_weighted,same_day_text,correct_text,target_event_keyword,3,1.833864733857567,1.6222897646852548,11.53710877722484,0.21157496917231247
ABT,log_abs_return,3,95.0,target_sector_weighted,same_day_text,correct_text,target_event_keyword,4,2.1714381731391503,1.9730431828892598,9.136570992628346,0.1983949902498907
AMD,log_abs_return,3,95.0,target_sector_weighted,same_day_text,correct_text,target_event_keyword,8,1.7242088604242807,1.6065255988142102,6.825348385062344,0.11768326161007037
AMGN,log_abs_return,3,95.0,target_sector_weighted,same_day_text,correct_text,target_event_keyword,2,2.0879177473907022,1.9262522023162043,7.742907749911769,0.16166554507449815
AXP,log_abs_return,3,95.0,target_sector_weighted,same_day_text,correct_text,target_event_keyword,2,1.8977190322700426,1.7674172506029275,6.866231483764415,0.13030178166711504
BAC,log_abs_return,3,95.0,target_sector_weighted,same_day_text,correct_text,target_event_keyword,3,2.008031200925527,1.7777565283643402,11.467683990918573,0.23027467256118653
BX,log_abs_return,3,95.0,target_sector_weighted,same_day_text,correct_text,target_event_keyword,2,1.7395603916227456,1.720939334718368,1.0704461307610618,0.018621056904377653
C,log_abs_return,3,95.0,target_sector_weighted,same_day_text,correct_text,target_event_keyword,1,2.1476471965192094,1.7778077759977493,17.22067856959355,0.3698394205214601
ABT,log_gk,1,80.0,target_sector_weighted,same_day_text,shuffled_within_ticker,target_event_keyword,14,0.5620180193370048,0.5682951447988678,-1.1168904280449792,-0.0062771254618629235
AMD,log_gk,1,80.0,target_sector_weighted,same_day_text,shuffled_within_ticker,target_event_keyword,17,0.6041335454385347,0.6043224825107688,-0.03127405747630851,-0.00018893707223405546
AMGN,log_gk,1,80.0,target_sector_weighted,same_day_text,shuffled_within_ticker,target_event_keyword,13,0.5839499216471353,0.5896006977839459,-0.9676816328481568,-0.005650776136810565
AXP,log_gk,1,80.0,target_sector_weighted,same_day_text,shuffled_within_ticker,target_event_keyword,10,0.6462206533101934,0.6265519576035379,3.043650122586584,0.019668695706655547
BAC,log_gk,1,80.0,target_sector_weighted,same_day_text,shuffled_within_ticker,target_event_keyword,9,0.7376931090287666,0.7395500473426214,-0.25172233427795154,-0.0018569383138548428
BX,log_gk,1,80.0,target_sector_weighted,same_day_text,shuffled_within_ticker,target_event_keyword,10,0.39134399083647553,0.38825473538712363,0.7893964189277045,-0.0010320421227331344
C,log_gk,1,80.0,target_sector_weighted,same_day_text,shuffled_within_ticker,target_event_keyword,9,0.4886474269940243,0.5014056994482147,-2.610936177987158,-0.012758272454190343
ABT,log_gk,1,85.0,target_sector_weighted,same_day_text,shuffled_within_ticker,target_event_keyword,10,0.6326689371777252,0.6435032741496785,-1.712481257620165,-0.010834336971953285
AMD,log_gk,1,85.0,target_sector_weighted,same_day_text,shuffled_within_ticker,target_event_keyword,13,0.6368999701477859,0.6355069645029171,0.2187165505040831,0.0013930056448688065
AMGN,log_gk,1,85.0,target_sector_weighted,same_day_text,shuffled_within_ticker,target_event_keyword,11,0.5972261951454987,0.5973968322406518,-0.028571602608875826,-0.00017063709515314167
AXP,log_gk,1,85.0,target_sector_weighted,same_day_text,shuffled_within_ticker,target_event_keyword,7,0.7790123383130497,0.7606575102118169,2.356166545574894,0.01835482810123271
BAC,log_gk,1,85.0,target_sector_weighted,same_day_text,shuffled_within_ticker,target_event_keyword,6,0.8629425569370781,0.8718363033141613,-1.0306301741161747,-0.008893746377082993
BX,log_gk,1,85.0,target_sector_weighted,same_day_text,shuffled_within_ticker,target_event_keyword,6,0.4191873896020832,0.40175957657006717,4.157523213796937,0.010558983745207584
C,log_gk,1,85.0,target_sector_weighted,same_day_text,shuffled_within_ticker,target_event_keyword,4,0.7403898281831056,0.7602784289414286,-2.6862336570896743,-0.019888600758322994
ABT,log_gk,1,90.0,target_sector_weighted,same_day_text,shuffled_within_ticker,target_event_keyword,6,0.8662846179200151,0.8839380902895383,-2.0378374502262204,-0.017653472369523044
AMD,log_gk,1,90.0,target_sector_weighted,same_day_text,shuffled_within_ticker,target_event_keyword,6,0.7986908933631663,0.7764344799442009,2.7866116421143934,0.02225641341896556
AMGN,log_gk,1,90.0,target_sector_weighted,same_day_text,shuffled_within_ticker,target_event_keyword,5,0.7401301966556576,0.7384495489010837,0.22707460959815387,0.001680647754573883
AXP,log_gk,1,90.0,target_sector_weighted,same_day_text,shuffled_within_ticker,target_event_keyword,4,0.9149140832687737,0.8867285153848894,3.080679202486843,0.028185567883884266
BAC,log_gk,1,90.0,target_sector_weighted,same_day_text,shuffled_within_ticker,target_event_keyword,5,0.8830063770763807,0.8908264202520517,-0.8856157077328262,-0.007820043175670754
BX,log_gk,1,90.0,target_sector_weighted,same_day_text,shuffled_within_ticker,target_event_keyword,3,0.5959605528885588,0.5815575268461589,2.4167750654955062,0.01440302604239981
C,log_gk,1,90.0,target_sector_weighted,same_day_text,shuffled_within_ticker,target_event_keyword,1,0.9241820403033101,0.9545588289293168,-3.286883676730748,-0.03037678862600668
ABT,log_gk,1,95.0,target_sector_weighted,same_day_text,shuffled_within_ticker,target_event_keyword,1,1.0232591473116193,1.0598865388716279,-3.5794834237483975,-0.036627391560008604
AMD,log_gk,1,95.0,target_sector_weighted,same_day_text,shuffled_within_ticker,target_event_keyword,5,0.8686390617130246,0.8537674203763401,1.712062235303632,0.014871641336684505
AMGN,log_gk,1,95.0,target_sector_weighted,same_day_text,shuffled_within_ticker,target_event_keyword,2,0.8572607141579454,0.8607789628069886,-0.4104059116367075,-0.003518248649043265
AXP,log_gk,1,95.0,target_sector_weighted,same_day_text,shuffled_within_ticker,target_event_keyword,2,1.0188047690991309,0.9849074690159778,3.32716346755291,0.03389730008315306
BAC,log_gk,1,95.0,target_sector_weighted,same_day_text,shuffled_within_ticker,target_event_keyword,2,1.1390909327769498,1.141491205144749,-0.21071824019770058,-0.002400272367799161
ABT,log_gk,3,80.0,target_sector_weighted,same_day_text,shuffled_within_ticker,target_event_keyword,15,0.5812035140558642,0.5860357393050216,-0.8314170737606587,-0.004832225249157377
AMD,log_gk,3,80.0,target_sector_weighted,same_day_text,shuffled_within_ticker,target_event_keyword,20,0.6130731960405776,0.6115121190809468,0.25463141590804284,0.0015610769596308804
AMGN,log_gk,3,80.0,target_sector_weighted,same_day_text,shuffled_within_ticker,target_event_keyword,9,0.6176728055449523,0.6353424076187992,-2.8606734690638724,-0.017669602073846984
AXP,log_gk,3,80.0,target_sector_weighted,same_day_text,shuffled_within_ticker,target_event_keyword,8,0.863204083330072,0.8617121297102899,0.17283903639872694,0.0014919536197821603
BAC,log_gk,3,80.0,target_sector_weighted,same_day_text,shuffled_within_ticker,target_event_keyword,7,0.7105616199097647,0.7112788669624682,-0.1009408660144871,-0.0007172470527034847
BX,log_gk,3,80.0,target_sector_weighted,same_day_text,shuffled_within_ticker,target_event_keyword,12,0.5326304104925836,0.5361287807994856,-0.6568100953279371,-0.0015971803359953556
C,log_gk,3,80.0,target_sector_weighted,same_day_text,shuffled_within_ticker,target_event_keyword,8,0.6449256551447198,0.6406285326729366,0.6662973379185684,0.004297122471783266
ABT,log_gk,3,85.0,target_sector_weighted,same_day_text,shuffled_within_ticker,target_event_keyword,9,0.7043317084518211,0.715179748675754,-1.5401891031965182,-0.01084804022393282
AMD,log_gk,3,85.0,target_sector_weighted,same_day_text,shuffled_within_ticker,target_event_keyword,14,0.6674724687930441,0.6675100502876102,-0.0056304186799008655,-3.758149456624592e-05
AMGN,log_gk,3,85.0,target_sector_weighted,same_day_text,shuffled_within_ticker,target_event_keyword,8,0.6448734654610025,0.6623323443889653,-2.7073340528101646,-0.017458878927962718
AXP,log_gk,3,85.0,target_sector_weighted,same_day_text,shuffled_within_ticker,target_event_keyword,6,0.9457261966618753,0.943795314334825,0.20416927582906377,0.0019308823270502984
BAC,log_gk,3,85.0,target_sector_weighted,same_day_text,shuffled_within_ticker,target_event_keyword,5,0.8117910153010023,0.8086927903144454,0.3816530274615185,0.0030982249865568077
BX,log_gk,3,85.0,target_sector_weighted,same_day_text,shuffled_within_ticker,target_event_keyword,9,0.6131236700806618,0.625386083891613,-1.9999902808087542,-0.012262413810951008
C,log_gk,3,85.0,target_sector_weighted,same_day_text,shuffled_within_ticker,target_event_keyword,4,0.7807717070891225,0.7881605155577749,-0.9463468516551934,-0.007388808468652419
ABT,log_gk,3,90.0,target_sector_weighted,same_day_text,shuffled_within_ticker,target_event_keyword,4,0.9270294448927492,0.9403607546239539,-1.438067561354214,-0.013331309731204666
AMD,log_gk,3,90.0,target_sector_weighted,same_day_text,shuffled_within_ticker,target_event_keyword,6,0.8872633855122469,0.8882711026022081,-0.11357586782186214,-0.0010077170899611687
AMGN,log_gk,3,90.0,target_sector_weighted,same_day_text,shuffled_within_ticker,target_event_keyword,1,0.6283190808500185,0.6265003106795266,0.28946600953633445,0.0018187701704919235
AXP,log_gk,3,90.0,target_sector_weighted,same_day_text,shuffled_within_ticker,target_event_keyword,4,1.1005966607601765,1.0917656510597677,0.8023838355378253,0.008831009700408732
BAC,log_gk,3,90.0,target_sector_weighted,same_day_text,shuffled_within_ticker,target_event_keyword,3,1.0933454778914515,1.0836967407100517,0.88249664689771,0.009648737181399802
BX,log_gk,3,90.0,target_sector_weighted,same_day_text,shuffled_within_ticker,target_event_keyword,6,0.6321752616522828,0.6403826283539898,-1.2982739438832072,-0.008207366701707075
C,log_gk,3,90.0,target_sector_weighted,same_day_text,shuffled_within_ticker,target_event_keyword,3,0.8318629655790103,0.8424146397444595,-1.2684389859939045,-0.01055167416544922
ABT,log_gk,3,95.0,target_sector_weighted,same_day_text,shuffled_within_ticker,target_event_keyword,1,1.0276705618993436,1.0422422249998737,-1.4179313527867106,-0.014571663100530152
AMD,log_gk,3,95.0,target_sector_weighted,same_day_text,shuffled_within_ticker,target_event_keyword,5,0.9456344229299953,0.9468554130076614,-0.12911861582649495,-0.0012209900776660731
AXP,log_gk,3,95.0,target_sector_weighted,same_day_text,shuffled_within_ticker,target_event_keyword,3,1.087494897991131,1.0846924667637847,0.25769603448466954,0.002802431227346247
BAC,log_gk,3,95.0,target_sector_weighted,same_day_text,shuffled_within_ticker,target_event_keyword,2,1.2828557361827784,1.2822423925344406,0.047810804522947,0.0006133436483377608
BX,log_gk,3,95.0,target_sector_weighted,same_day_text,shuffled_within_ticker,target_event_keyword,2,0.7731724747526869,0.7549799942320308,2.3529653621561386,0.01819248052065614
C,log_gk,3,95.0,target_sector_weighted,same_day_text,shuffled_within_ticker,target_event_keyword,1,0.703203212709496,0.7394338781067868,-5.152232632398147,-0.03623066539729081
ABT,log_abs_return,1,80.0,target_sector_weighted,same_day_text,shuffled_within_ticker,target_event_keyword,15,2.1286364484420703,2.127952656908329,0.032123453220096264,0.0006837915337408222
AMD,log_abs_return,1,80.0,target_sector_weighted,same_day_text,shuffled_within_ticker,target_event_keyword,23,2.307253961053972,2.356620899530094,-2.1396404257800263,-0.04936693847612136
AMGN,log_abs_return,1,80.0,target_sector_weighted,same_day_text,shuffled_within_ticker,target_event_keyword,19,2.011413646066492,2.0147344129388647,-0.1650961689986928,-0.003320766872373055
AXP,log_abs_return,1,80.0,target_sector_weighted,same_day_text,shuffled_within_ticker,target_event_keyword,10,1.7821010496831318,1.7240593073936021,3.25692767533299,0.058041742289529366
BAC,log_abs_return,1,80.0,target_sector_weighted,same_day_text,shuffled_within_ticker,target_event_keyword,20,2.100610763211964,2.091075123988392,0.453946032771504,0.009535639223572433
BX,log_abs_return,1,80.0,target_sector_weighted,same_day_text,shuffled_within_ticker,target_event_keyword,15,1.9234859842492633,1.9191743302945485,0.2241583245223186,0.004311653954714837
C,log_abs_return,1,80.0,target_sector_weighted,same_day_text,shuffled_within_ticker,target_event_keyword,10,1.6156311430140455,1.6281604401123513,-0.7755048021005388,-0.01252929709830597
ABT,log_abs_return,1,85.0,target_sector_weighted,same_day_text,shuffled_within_ticker,target_event_keyword,9,2.1113127479317466,2.182703003802901,-3.38132074185072,-0.071390255871155
AMD,log_abs_return,1,85.0,target_sector_weighted,same_day_text,shuffled_within_ticker,target_event_keyword,15,2.484229061984355,2.5876404648078206,-4.162716087898213,-0.10341140282346525
AMGN,log_abs_return,1,85.0,target_sector_weighted,same_day_text,shuffled_within_ticker,target_event_keyword,16,2.2078219901307676,2.2138336913245866,-0.27229102802182564,-0.006011701193819108
AXP,log_abs_return,1,85.0,target_sector_weighted,same_day_text,shuffled_within_ticker,target_event_keyword,6,1.81726961331852,1.773695728776657,2.3977666397168544,0.04357388454186303
BAC,log_abs_return,1,85.0,target_sector_weighted,same_day_text,shuffled_within_ticker,target_event_keyword,12,2.1518630441143594,2.1371806278981764,0.6823118346839665,0.014682416216183011
BX,log_abs_return,1,85.0,target_sector_weighted,same_day_text,shuffled_within_ticker,target_event_keyword,9,2.137433607039107,2.1187903370803967,0.8722268564185329,0.018643269958710167
C,log_abs_return,1,85.0,target_sector_weighted,same_day_text,shuffled_within_ticker,target_event_keyword,7,1.550942236156938,1.5987974254847666,-3.085555877722973,-0.04785518932782835
ABT,log_abs_return,1,90.0,target_sector_weighted,same_day_text,shuffled_within_ticker,target_event_keyword,6,2.4480962642437913,2.5300546499403453,-3.347841622636137,-0.081958385696554
AMD,log_abs_return,1,90.0,target_sector_weighted,same_day_text,shuffled_within_ticker,target_event_keyword,12,2.5726500221830615,2.6422428149471395,-2.705101438750072,-0.06959279276407752
AMGN,log_abs_return,1,90.0,target_sector_weighted,same_day_text,shuffled_within_ticker,target_event_keyword,9,2.3357238502496087,2.280593517502899,2.3603103911799472,0.055130332746709816
AXP,log_abs_return,1,90.0,target_sector_weighted,same_day_text,shuffled_within_ticker,target_event_keyword,6,1.81726961331852,1.773695728776657,2.3977666397168544,0.04357388454186303
BAC,log_abs_return,1,90.0,target_sector_weighted,same_day_text,shuffled_within_ticker,target_event_keyword,7,2.2167686684763956,2.210901094793836,0.2646903921910967,0.00586757368255927
BX,log_abs_return,1,90.0,target_sector_weighted,same_day_text,shuffled_within_ticker,target_event_keyword,5,2.201106277316613,2.2157162418008816,-0.6637555230672312,-0.014609964484268368
C,log_abs_return,1,90.0,target_sector_weighted,same_day_text,shuffled_within_ticker,target_event_keyword,5,1.695038468780017,1.7064590241213764,-0.6737637848171748,-0.011420555341359152
ABT,log_abs_return,1,95.0,target_sector_weighted,same_day_text,shuffled_within_ticker,target_event_keyword,3,2.345691316634381,2.4778918969226225,-5.635889912314811,-0.13220058028824155
AMD,log_abs_return,1,95.0,target_sector_weighted,same_day_text,shuffled_within_ticker,target_event_keyword,7,2.90282232098065,3.0738573293095692,-5.892024706187977,-0.17103500832891852
AMGN,log_abs_return,1,95.0,target_sector_weighted,same_day_text,shuffled_within_ticker,target_event_keyword,2,2.9458166120306295,3.0264124639606242,-2.73594261098412,-0.08059585192999474
AXP,log_abs_return,1,95.0,target_sector_weighted,same_day_text,shuffled_within_ticker,target_event_keyword,2,1.9015547102869845,1.9284333770649733,-1.413510041682273,-0.02687866677798878
BAC,log_abs_return,1,95.0,target_sector_weighted,same_day_text,shuffled_within_ticker,target_event_keyword,3,3.0936636881111994,3.0653698424514286,0.9145740620902868,0.028293845659770927
BX,log_abs_return,1,95.0,target_sector_weighted,same_day_text,shuffled_within_ticker,target_event_keyword,2,2.413591038692463,2.3308620166379397,3.4276321351997026,0.08272902205452315
C,log_abs_return,1,95.0,target_sector_weighted,same_day_text,shuffled_within_ticker,target_event_keyword,1,0.3871329009508724,0.27501061973982077,28.962219675893696,0.11212228121105161
ABT,log_abs_return,3,80.0,target_sector_weighted,same_day_text,shuffled_within_ticker,target_event_keyword,24,1.4698385170987622,1.4935480423613707,-1.613070074487332,-0.023709525262608278
AMD,log_abs_return,3,80.0,target_sector_weighted,same_day_text,shuffled_within_ticker,target_event_keyword,27,1.2925204788157958,1.2970782206951699,-0.3526243455384065,-0.004557741879374193
AMGN,log_abs_return,3,80.0,target_sector_weighted,same_day_text,shuffled_within_ticker,target_event_keyword,16,1.3851414301779144,1.410899588837676,-1.8596049543080388,-0.02575815865976172
AXP,log_abs_return,3,80.0,target_sector_weighted,same_day_text,shuffled_within_ticker,target_event_keyword,13,1.3926869650933786,1.4114147800943815,-1.3447253740719227,-0.018727815001003015
BAC,log_abs_return,3,80.0,target_sector_weighted,same_day_text,shuffled_within_ticker,target_event_keyword,17,1.4765056092179683,1.4784872952987536,-0.13421459887544254,-0.0019816860807851224
BX,log_abs_return,3,80.0,target_sector_weighted,same_day_text,shuffled_within_ticker,target_event_keyword,15,1.145745548102449,1.1561372102961311,-0.90697818646492,-0.010391662193682313
C,log_abs_return,3,80.0,target_sector_weighted,same_day_text,shuffled_within_ticker,target_event_keyword,10,1.4326429018771083,1.4680510417191395,-2.4715258628397874,-0.03540813984203126
ABT,log_abs_return,3,85.0,target_sector_weighted,same_day_text,shuffled_within_ticker,target_event_keyword,18,1.6165463063562908,1.6493112677264974,-2.0268495397486674,-0.032764961370206694
AMD,log_abs_return,3,85.0,target_sector_weighted,same_day_text,shuffled_within_ticker,target_event_keyword,19,1.4162332824732167,1.4330515261554873,-1.1875334304317653,-0.016818243682270466
AMGN,log_abs_return,3,85.0,target_sector_weighted,same_day_text,shuffled_within_ticker,target_event_keyword,10,1.565996213071277,1.6032393696597045,-2.3782405268646927,-0.03724315658842743
AXP,log_abs_return,3,85.0,target_sector_weighted,same_day_text,shuffled_within_ticker,target_event_keyword,10,1.4388802550788098,1.4518977206926948,-0.9046941583872157,-0.013017465613885015
BAC,log_abs_return,3,85.0,target_sector_weighted,same_day_text,shuffled_within_ticker,target_event_keyword,15,1.5606765975476167,1.560421310387203,0.016357467063625612,0.0002552871604133718
BX,log_abs_return,3,85.0,target_sector_weighted,same_day_text,shuffled_within_ticker,target_event_keyword,7,1.3752024240493863,1.3944183697463,-1.3973176138194159,-0.019215945696913588
C,log_abs_return,3,85.0,target_sector_weighted,same_day_text,shuffled_within_ticker,target_event_keyword,6,1.5634776182932566,1.6159358255412313,-3.3552259804806015,-0.0524582072479746
ABT,log_abs_return,3,90.0,target_sector_weighted,same_day_text,shuffled_within_ticker,target_event_keyword,10,1.7964011105373736,1.8708993100296571,-4.147080463004068,-0.07449819949228323
AMD,log_abs_return,3,90.0,target_sector_weighted,same_day_text,shuffled_within_ticker,target_event_keyword,12,1.586581669731857,1.628501858364906,-2.642170235089991,-0.04192018863304899
AMGN,log_abs_return,3,90.0,target_sector_weighted,same_day_text,shuffled_within_ticker,target_event_keyword,8,1.6890463232585187,1.7238193770581525,-2.0587389061390224,-0.03477305379963369
AXP,log_abs_return,3,90.0,target_sector_weighted,same_day_text,shuffled_within_ticker,target_event_keyword,3,1.7855400963896404,1.820586866900335,-1.962810612965748,-0.035046770510694415
BAC,log_abs_return,3,90.0,target_sector_weighted,same_day_text,shuffled_within_ticker,target_event_keyword,8,1.7967386863707893,1.789781804199463,0.38719498968312943,0.006956882171326284
BX,log_abs_return,3,90.0,target_sector_weighted,same_day_text,shuffled_within_ticker,target_event_keyword,5,1.546478921868183,1.5617561454206546,-0.9878714372657847,-0.015277223552471408
C,log_abs_return,3,90.0,target_sector_weighted,same_day_text,shuffled_within_ticker,target_event_keyword,3,1.833864733857567,1.9297839636125265,-5.2304419177739225,-0.09591922975495937
ABT,log_abs_return,3,95.0,target_sector_weighted,same_day_text,shuffled_within_ticker,target_event_keyword,4,2.1714381731391503,2.2253494507451066,-2.4827452272343153,-0.053911277605956265
AMD,log_abs_return,3,95.0,target_sector_weighted,same_day_text,shuffled_within_ticker,target_event_keyword,8,1.7242088604242807,1.7687062042203334,-2.580739770998693,-0.04449734379605269
AMGN,log_abs_return,3,95.0,target_sector_weighted,same_day_text,shuffled_within_ticker,target_event_keyword,2,2.0879177473907022,2.099010197054442,-0.5312685175267108,-0.011092449663739234
AXP,log_abs_return,3,95.0,target_sector_weighted,same_day_text,shuffled_within_ticker,target_event_keyword,2,1.8977190322700426,1.9703957486109847,-3.829687909806466,-0.07267671634094208
BAC,log_abs_return,3,95.0,target_sector_weighted,same_day_text,shuffled_within_ticker,target_event_keyword,3,2.008031200925527,1.9805176189108031,1.3701770172715588,0.02751358201472372
BX,log_abs_return,3,95.0,target_sector_weighted,same_day_text,shuffled_within_ticker,target_event_keyword,2,1.7395603916227456,1.694398118041898,2.5961888876256785,0.045162273580847456
C,log_abs_return,3,95.0,target_sector_weighted,same_day_text,shuffled_within_ticker,target_event_keyword,1,2.1476471965192094,2.3260442345092653,-8.30662681837092,-0.1783970379900559
ABT,log_gk,1,80.0,target_sector_weighted,same_day_text,cross_ticker_same_day,target_event_keyword,14,0.5620180193370048,0.551670885183138,1.841068043703115,0.01034713415386682
AMD,log_gk,1,80.0,target_sector_weighted,same_day_text,cross_ticker_same_day,target_event_keyword,17,0.6041335454385347,0.5871369413501244,2.8133852550883653,0.01699660408841035
AMGN,log_gk,1,80.0,target_sector_weighted,same_day_text,cross_ticker_same_day,target_event_keyword,13,0.5839499216471353,0.5628587154976279,3.6118176178559813,0.0210912061495073
AXP,log_gk,1,80.0,target_sector_weighted,same_day_text,cross_ticker_same_day,target_event_keyword,10,0.6462206533101934,0.6591774038573333,-2.005004092761557,-0.01295675054713974
BAC,log_gk,1,80.0,target_sector_weighted,same_day_text,cross_ticker_same_day,target_event_keyword,9,0.7376931090287666,0.7289873563993372,1.1801320254829606,0.008705752629429457
BX,log_gk,1,80.0,target_sector_weighted,same_day_text,cross_ticker_same_day,target_event_keyword,10,0.39134399083647553,0.39178479427700436,-0.11263835675274658,0.0012241118247127147
C,log_gk,1,80.0,target_sector_weighted,same_day_text,cross_ticker_same_day,target_event_keyword,9,0.4886474269940243,0.4849554644638828,0.755547318207127,0.0036919625301415535
ABT,log_gk,1,85.0,target_sector_weighted,same_day_text,cross_ticker_same_day,target_event_keyword,10,0.6326689371777252,0.6263450644533188,0.9995547991681968,0.006323872724406421
AMD,log_gk,1,85.0,target_sector_weighted,same_day_text,cross_ticker_same_day,target_event_keyword,13,0.6368999701477859,0.6169726965155218,3.128791735951909,0.019927273632264157
AMGN,log_gk,1,85.0,target_sector_weighted,same_day_text,cross_ticker_same_day,target_event_keyword,11,0.5972261951454987,0.5719880882415996,4.22588746258031,0.02523810690389886
AXP,log_gk,1,85.0,target_sector_weighted,same_day_text,cross_ticker_same_day,target_event_keyword,7,0.7790123383130497,0.7970240774366076,-2.312125012366596,-0.018011739123557975
BAC,log_gk,1,85.0,target_sector_weighted,same_day_text,cross_ticker_same_day,target_event_keyword,6,0.8629425569370781,0.849439135946707,1.5648111084357808,0.013503420990371199
BX,log_gk,1,85.0,target_sector_weighted,same_day_text,cross_ticker_same_day,target_event_keyword,6,0.4191873896020832,0.42177540788511153,-0.617389345964115,0.0001868404923741629
C,log_gk,1,85.0,target_sector_weighted,same_day_text,cross_ticker_same_day,target_event_keyword,4,0.7403898281831056,0.7400092038273283,0.051408641946282384,0.0003806243557773481
ABT,log_gk,1,90.0,target_sector_weighted,same_day_text,cross_ticker_same_day,target_event_keyword,6,0.8662846179200151,0.8451880849276555,2.4352888826553594,0.021096532992359585
AMD,log_gk,1,90.0,target_sector_weighted,same_day_text,cross_ticker_same_day,target_event_keyword,6,0.7986908933631663,0.7704494372236788,3.535968216761192,0.028241456139487548
AMGN,log_gk,1,90.0,target_sector_weighted,same_day_text,cross_ticker_same_day,target_event_keyword,5,0.7401301966556576,0.7271054267014401,1.7597944271252652,0.013024769954217596
AXP,log_gk,1,90.0,target_sector_weighted,same_day_text,cross_ticker_same_day,target_event_keyword,4,0.9149140832687737,0.926898115301428,-1.3098532694827654,-0.011984032032654302
BAC,log_gk,1,90.0,target_sector_weighted,same_day_text,cross_ticker_same_day,target_event_keyword,5,0.8830063770763807,0.8638769445894269,2.166397999331681,0.019129432486953847
BX,log_gk,1,90.0,target_sector_weighted,same_day_text,cross_ticker_same_day,target_event_keyword,3,0.5959605528885588,0.5968840062140589,-0.1549520888629731,-0.0009234533255001823
C,log_gk,1,90.0,target_sector_weighted,same_day_text,cross_ticker_same_day,target_event_keyword,1,0.9241820403033101,0.924272245768015,-0.009760573217301026,-9.020546470495105e-05
ABT,log_gk,1,95.0,target_sector_weighted,same_day_text,cross_ticker_same_day,target_event_keyword,1,1.0232591473116193,0.970279092819692,5.177579367955837,0.05298005449192722
AMD,log_gk,1,95.0,target_sector_weighted,same_day_text,cross_ticker_same_day,target_event_keyword,5,0.8686390617130246,0.8385584484947832,3.462958844945341,0.030080613218241313
AMGN,log_gk,1,95.0,target_sector_weighted,same_day_text,cross_ticker_same_day,target_event_keyword,2,0.8572607141579454,0.8399625175308025,2.01784548637974,0.017298196627142826
AXP,log_gk,1,95.0,target_sector_weighted,same_day_text,cross_ticker_same_day,target_event_keyword,2,1.0188047690991309,1.010785083338504,0.787166099322276,0.008019685760626949
BAC,log_gk,1,95.0,target_sector_weighted,same_day_text,cross_ticker_same_day,target_event_keyword,2,1.1390909327769498,1.131366418715873,0.6781297119313872,0.007724514061076881
ABT,log_gk,3,80.0,target_sector_weighted,same_day_text,cross_ticker_same_day,target_event_keyword,15,0.5812035140558642,0.583214611012182,-0.34602284874079997,-0.002011096956317774
AMD,log_gk,3,80.0,target_sector_weighted,same_day_text,cross_ticker_same_day,target_event_keyword,20,0.6130731960405776,0.6163334829778012,-0.5317940758590575,-0.0032602869372237997
AMGN,log_gk,3,80.0,target_sector_weighted,same_day_text,cross_ticker_same_day,target_event_keyword,9,0.6176728055449523,0.6250290519516545,-1.1909616775522456,-0.007356246406702145
AXP,log_gk,3,80.0,target_sector_weighted,same_day_text,cross_ticker_same_day,target_event_keyword,8,0.863204083330072,0.861410577470502,0.20777309725540932,0.0017935058595700548
BAC,log_gk,3,80.0,target_sector_weighted,same_day_text,cross_ticker_same_day,target_event_keyword,7,0.7105616199097647,0.7048148596022876,0.8087631172940224,0.0057467603074771645
BX,log_gk,3,80.0,target_sector_weighted,same_day_text,cross_ticker_same_day,target_event_keyword,12,0.5326304104925836,0.5271610580058681,1.0268569685417344,0.0051866610439718075
C,log_gk,3,80.0,target_sector_weighted,same_day_text,cross_ticker_same_day,target_event_keyword,8,0.6449256551447198,0.6322965496055553,1.958226570523168,0.012629105539164631
ABT,log_gk,3,85.0,target_sector_weighted,same_day_text,cross_ticker_same_day,target_event_keyword,9,0.7043317084518211,0.71055086588109,-0.8829870009599647,-0.006219157429268781
AMD,log_gk,3,85.0,target_sector_weighted,same_day_text,cross_ticker_same_day,target_event_keyword,14,0.6674724687930441,0.6709579064594493,-0.522184483909535,-0.003485437666405427
AMGN,log_gk,3,85.0,target_sector_weighted,same_day_text,cross_ticker_same_day,target_event_keyword,8,0.6448734654610025,0.6419796917515038,0.44873511851352815,0.002893773709498726
AXP,log_gk,3,85.0,target_sector_weighted,same_day_text,cross_ticker_same_day,target_event_keyword,6,0.9457261966618753,0.945691250493159,0.0036951676753369687,3.494616871642838e-05
BAC,log_gk,3,85.0,target_sector_weighted,same_day_text,cross_ticker_same_day,target_event_keyword,5,0.8117910153010023,0.8056435238282826,0.7572751307724477,0.006147491472719579
BX,log_gk,3,85.0,target_sector_weighted,same_day_text,cross_ticker_same_day,target_event_keyword,9,0.6131236700806618,0.6069755528999958,1.002753193308807,0.006148117180666003
C,log_gk,3,85.0,target_sector_weighted,same_day_text,cross_ticker_same_day,target_event_keyword,4,0.7807717070891225,0.7664993138499756,1.8279854545904695,0.014272393239146863
ABT,log_gk,3,90.0,target_sector_weighted,same_day_text,cross_ticker_same_day,target_event_keyword,4,0.9270294448927492,0.9319451873358777,-0.5302682099485255,-0.004915742443128535
AMD,log_gk,3,90.0,target_sector_weighted,same_day_text,cross_ticker_same_day,target_event_keyword,6,0.8872633855122469,0.8884158092934417,-0.12988519531090542,-0.0011524237811946965
AMGN,log_gk,3,90.0,target_sector_weighted,same_day_text,cross_ticker_same_day,target_event_keyword,1,0.6283190808500185,0.6344315706628452,-0.972832116535023,-0.006112489812826638
AXP,log_gk,3,90.0,target_sector_weighted,same_day_text,cross_ticker_same_day,target_event_keyword,4,1.1005966607601765,1.0910861221754014,0.8641256987102114,0.00951053858477513
BAC,log_gk,3,90.0,target_sector_weighted,same_day_text,cross_ticker_same_day,target_event_keyword,3,1.0933454778914515,1.0767363935216048,1.5191066964376037,0.016609084369846688
BX,log_gk,3,90.0,target_sector_weighted,same_day_text,cross_ticker_same_day,target_event_keyword,6,0.6321752616522828,0.6231583029968882,1.4263384226436497,0.009016958655394536
C,log_gk,3,90.0,target_sector_weighted,same_day_text,cross_ticker_same_day,target_event_keyword,3,0.8318629655790103,0.8064340913323974,3.0568585570958025,0.02542887424661296
ABT,log_gk,3,95.0,target_sector_weighted,same_day_text,cross_ticker_same_day,target_event_keyword,1,1.0276705618993436,1.057674886957102,-2.919644307248067,-0.030004325057758408
AMD,log_gk,3,95.0,target_sector_weighted,same_day_text,cross_ticker_same_day,target_event_keyword,5,0.9456344229299953,0.9424393975907911,0.3378710907439929,0.0031950253392041715
AXP,log_gk,3,95.0,target_sector_weighted,same_day_text,cross_ticker_same_day,target_event_keyword,3,1.087494897991131,1.0813023372973853,0.5694335398892265,0.0061925606937457784
BAC,log_gk,3,95.0,target_sector_weighted,same_day_text,cross_ticker_same_day,target_event_keyword,2,1.2828557361827784,1.2754812627902874,0.5748482221729941,0.007374473392490977
BX,log_gk,3,95.0,target_sector_weighted,same_day_text,cross_ticker_same_day,target_event_keyword,2,0.7731724747526869,0.7676922975391367,0.7087910385458486,0.005480177213550208
C,log_gk,3,95.0,target_sector_weighted,same_day_text,cross_ticker_same_day,target_event_keyword,1,0.703203212709496,0.6613615867718363,5.950147152547941,0.04184162593765972
ABT,log_abs_return,1,80.0,target_sector_weighted,same_day_text,cross_ticker_same_day,target_event_keyword,15,2.1286364484420703,2.191661870832362,-2.960835441694117,-0.06302542239029166
AMD,log_abs_return,1,80.0,target_sector_weighted,same_day_text,cross_ticker_same_day,target_event_keyword,23,2.307253961053972,2.143828909576701,7.083097666570574,0.16342505147727118
AMGN,log_abs_return,1,80.0,target_sector_weighted,same_day_text,cross_ticker_same_day,target_event_keyword,19,2.011413646066492,1.9797533338760518,1.574032882413565,0.03166031219044
AXP,log_abs_return,1,80.0,target_sector_weighted,same_day_text,cross_ticker_same_day,target_event_keyword,10,1.7821010496831318,1.4849843146026642,16.672272042783245,0.2971167350804674
BAC,log_abs_return,1,80.0,target_sector_weighted,same_day_text,cross_ticker_same_day,target_event_keyword,20,2.100610763211964,1.9125870082646634,8.950908861373277,0.19818914551240224
BX,log_abs_return,1,80.0,target_sector_weighted,same_day_text,cross_ticker_same_day,target_event_keyword,15,1.9234859842492633,1.8303125561213525,4.843987889221686,0.10725246891807648
C,log_abs_return,1,80.0,target_sector_weighted,same_day_text,cross_ticker_same_day,target_event_keyword,10,1.6156311430140455,1.373129294332733,15.009728534256439,0.26812495937876274
ABT,log_abs_return,1,85.0,target_sector_weighted,same_day_text,cross_ticker_same_day,target_event_keyword,9,2.1113127479317466,2.087101905184922,1.1467198675583192,0.02421084274682439
AMD,log_abs_return,1,85.0,target_sector_weighted,same_day_text,cross_ticker_same_day,target_event_keyword,15,2.484229061984355,2.157841667090964,13.138377611309274,0.32638739489339064
AMGN,log_abs_return,1,85.0,target_sector_weighted,same_day_text,cross_ticker_same_day,target_event_keyword,16,2.2078219901307676,2.188363036788825,0.8813642326657838,0.01945895334194242
AXP,log_abs_return,1,85.0,target_sector_weighted,same_day_text,cross_ticker_same_day,target_event_keyword,6,1.81726961331852,1.6250930783190458,10.57501504405503,0.1921765349994741
BAC,log_abs_return,1,85.0,target_sector_weighted,same_day_text,cross_ticker_same_day,target_event_keyword,12,2.1518630441143594,1.917624486761281,10.885384085839148,0.2511808749615803
BX,log_abs_return,1,85.0,target_sector_weighted,same_day_text,cross_ticker_same_day,target_event_keyword,9,2.137433607039107,2.0895630806924292,2.2396263532597307,0.04787052634667758
C,log_abs_return,1,85.0,target_sector_weighted,same_day_text,cross_ticker_same_day,target_event_keyword,7,1.550942236156938,1.3863111100623635,10.614910230474612,0.20123556994807437
ABT,log_abs_return,1,90.0,target_sector_weighted,same_day_text,cross_ticker_same_day,target_event_keyword,6,2.4480962642437913,2.443543584151722,0.1859681810133199,0.004552680092069217
AMD,log_abs_return,1,90.0,target_sector_weighted,same_day_text,cross_ticker_same_day,target_event_keyword,12,2.5726500221830615,2.1411912602384597,16.770985490614105,0.4314587619446016
AMGN,log_abs_return,1,90.0,target_sector_weighted,same_day_text,cross_ticker_same_day,target_event_keyword,9,2.3357238502496087,2.352687610887275,-0.7262742398187784,-0.01696376063766615
AXP,log_abs_return,1,90.0,target_sector_weighted,same_day_text,cross_ticker_same_day,target_event_keyword,6,1.81726961331852,1.6250930783190458,10.57501504405503,0.1921765349994741
BAC,log_abs_return,1,90.0,target_sector_weighted,same_day_text,cross_ticker_same_day,target_event_keyword,7,2.2167686684763956,2.0905957947334444,5.6917474311684035,0.15521684678609698
BX,log_abs_return,1,90.0,target_sector_weighted,same_day_text,cross_ticker_same_day,target_event_keyword,5,2.201106277316613,2.0643554562201745,6.2128222751312405,0.13675082109643882
C,log_abs_return,1,90.0,target_sector_weighted,same_day_text,cross_ticker_same_day,target_event_keyword,5,1.695038468780017,1.4335221586199913,15.428340711833451,0.3127625315549256
ABT,log_abs_return,1,95.0,target_sector_weighted,same_day_text,cross_ticker_same_day,target_event_keyword,3,2.345691316634381,2.1728942601413306,7.366572714306718,0.17279705649305033
AMD,log_abs_return,1,95.0,target_sector_weighted,same_day_text,cross_ticker_same_day,target_event_keyword,7,2.90282232098065,2.591843996963143,10.71296447494762,0.3109783240175072
AMGN,log_abs_return,1,95.0,target_sector_weighted,same_day_text,cross_ticker_same_day,target_event_keyword,2,2.9458166120306295,3.1819172689799795,-8.014777837327749,-0.23610065694935
AXP,log_abs_return,1,95.0,target_sector_weighted,same_day_text,cross_ticker_same_day,target_event_keyword,2,1.9015547102869845,1.7731843842098158,6.750808976608141,0.1283703260771687
BAC,log_abs_return,1,95.0,target_sector_weighted,same_day_text,cross_ticker_same_day,target_event_keyword,3,3.0936636881111994,3.0149781789560204,2.5434409518256187,0.07868550915517947
BX,log_abs_return,1,95.0,target_sector_weighted,same_day_text,cross_ticker_same_day,target_event_keyword,2,2.413591038692463,2.2702539091167537,5.938749658822086,0.1433371295757091
C,log_abs_return,1,95.0,target_sector_weighted,same_day_text,cross_ticker_same_day,target_event_keyword,1,0.3871329009508724,0.2562311069745,33.81314108277869,0.3871329009508724
ABT,log_abs_return,3,80.0,target_sector_weighted,same_day_text,cross_ticker_same_day,target_event_keyword,24,1.4698385170987622,1.4482473327446002,1.4689494187960042,0.021591184354162147
AMD,log_abs_return,3,80.0,target_sector_weighted,same_day_text,cross_ticker_same_day,target_event_keyword,27,1.2925204788157958,1.2969561989879592,-0.34318374407710917,-0.00443572017216327
AMGN,log_abs_return,3,80.0,target_sector_weighted,same_day_text,cross_ticker_same_day,target_event_keyword,16,1.3851414301779144,1.37452015667162,0.7668006511746618,0.010621273506294215
AXP,log_abs_return,3,80.0,target_sector_weighted,same_day_text,cross_ticker_same_day,target_event_keyword,13,1.3926869650933786,1.3458889533471348,3.36026780742549,0.04679801174624364
BAC,log_abs_return,3,80.0,target_sector_weighted,same_day_text,cross_ticker_same_day,target_event_keyword,17,1.4765056092179683,1.4504024416455785,1.7679016868899864,0.02610316757238944
BX,log_abs_return,3,80.0,target_sector_weighted,same_day_text,cross_ticker_same_day,target_event_keyword,15,1.145745548102449,1.143608146678841,0.18655114367652298,0.0021374014236077874
C,log_abs_return,3,80.0,target_sector_weighted,same_day_text,cross_ticker_same_day,target_event_keyword,10,1.4326429018771083,1.4224451973046133,0.7118106374682462,0.01019770457249507
ABT,log_abs_return,3,85.0,target_sector_weighted,same_day_text,cross_ticker_same_day,target_event_keyword,18,1.6165463063562908,1.576639949549889,2.468618229461736,0.03990635680640158
AMD,log_abs_return,3,85.0,target_sector_weighted,same_day_text,cross_ticker_same_day,target_event_keyword,19,1.4162332824732167,1.4225548598317705,-0.44636554138272255,-0.006321577358553771
AMGN,log_abs_return,3,85.0,target_sector_weighted,same_day_text,cross_ticker_same_day,target_event_keyword,10,1.565996213071277,1.545156921749971,1.330737018861329,0.020839291321305974
AXP,log_abs_return,3,85.0,target_sector_weighted,same_day_text,cross_ticker_same_day,target_event_keyword,10,1.4388802550788098,1.3964994754723148,2.945400039850692,0.04238077960649513
BAC,log_abs_return,3,85.0,target_sector_weighted,same_day_text,cross_ticker_same_day,target_event_keyword,15,1.5606765975476167,1.5228493745743128,2.4237707563978357,0.03782722297330373
BX,log_abs_return,3,85.0,target_sector_weighted,same_day_text,cross_ticker_same_day,target_event_keyword,7,1.3752024240493863,1.3265330544579679,3.5390695028087458,0.04866936959141859
C,log_abs_return,3,85.0,target_sector_weighted,same_day_text,cross_ticker_same_day,target_event_keyword,6,1.5634776182932566,1.6071756188542132,-2.794923320274888,-0.04369800056095648
ABT,log_abs_return,3,90.0,target_sector_weighted,same_day_text,cross_ticker_same_day,target_event_keyword,10,1.7964011105373736,1.7148531676355172,4.539517506614224,0.08154794290185619
AMD,log_abs_return,3,90.0,target_sector_weighted,same_day_text,cross_ticker_same_day,target_event_keyword,12,1.586581669731857,1.584257496044776,0.14648938226255667,0.002324173687081007
AMGN,log_abs_return,3,90.0,target_sector_weighted,same_day_text,cross_ticker_same_day,target_event_keyword,8,1.6890463232585187,1.6681848502450034,1.2351036633068286,0.020861473013515375
AXP,log_abs_return,3,90.0,target_sector_weighted,same_day_text,cross_ticker_same_day,target_event_keyword,3,1.7855400963896404,1.7812242218902423,0.24171255006397047,0.004315874499398002
BAC,log_abs_return,3,90.0,target_sector_weighted,same_day_text,cross_ticker_same_day,target_event_keyword,8,1.7967386863707893,1.7553516535676146,2.3034530907091364,0.041387032803174795
BX,log_abs_return,3,90.0,target_sector_weighted,same_day_text,cross_ticker_same_day,target_event_keyword,5,1.546478921868183,1.447636986353333,6.391418215739184,0.09884193551485003
C,log_abs_return,3,90.0,target_sector_weighted,same_day_text,cross_ticker_same_day,target_event_keyword,3,1.833864733857567,1.9134648239949081,-4.340564964674403,-0.07960009013734097
ABT,log_abs_return,3,95.0,target_sector_weighted,same_day_text,cross_ticker_same_day,target_event_keyword,4,2.1714381731391503,2.0772508927304214,4.337552944119363,0.09418728040872892
AMD,log_abs_return,3,95.0,target_sector_weighted,same_day_text,cross_ticker_same_day,target_event_keyword,8,1.7242088604242807,1.6825372559866598,2.416853630329136,0.04167160443762086
AMGN,log_abs_return,3,95.0,target_sector_weighted,same_day_text,cross_ticker_same_day,target_event_keyword,2,2.0879177473907022,2.0066328766399772,3.893106941224468,0.08128487075072544
AXP,log_abs_return,3,95.0,target_sector_weighted,same_day_text,cross_ticker_same_day,target_event_keyword,2,1.8977190322700426,1.8901027185532135,0.40134042960608496,0.007616313716829026
BAC,log_abs_return,3,95.0,target_sector_weighted,same_day_text,cross_ticker_same_day,target_event_keyword,3,2.008031200925527,1.9794792487840154,1.421887873472855,0.028551952141511332
BX,log_abs_return,3,95.0,target_sector_weighted,same_day_text,cross_ticker_same_day,target_event_keyword,2,1.7395603916227456,1.5789519017450253,9.232705610634014,0.16060848987772025
C,log_abs_return,3,95.0,target_sector_weighted,same_day_text,cross_ticker_same_day,target_event_keyword,1,2.1476471965192094,2.3447755323982977,-9.178804423677374,-0.1971283358790883
ABT,log_gk,1,80.0,target_sector_weighted,same_day_text,stale_20d,target_event_keyword,14,0.5620180193370048,0.5575168632589642,0.800891772714059,0.0045011560780406435
AMD,log_gk,1,80.0,target_sector_weighted,same_day_text,stale_20d,target_event_keyword,17,0.6041335454385347,0.6008823968623132,0.5381506457916643,0.0032511485762215585
AMGN,log_gk,1,80.0,target_sector_weighted,same_day_text,stale_20d,target_event_keyword,13,0.5839499216471353,0.5652566255095822,3.201181376105902,0.0186932961375531
AXP,log_gk,1,80.0,target_sector_weighted,same_day_text,stale_20d,target_event_keyword,10,0.6462206533101934,0.650310799375958,-0.6329333556291206,-0.004090146065764522
BAC,log_gk,1,80.0,target_sector_weighted,same_day_text,stale_20d,target_event_keyword,9,0.7376931090287666,0.7433834048476895,-0.7713635588130443,-0.0056902958189228615
BX,log_gk,1,80.0,target_sector_weighted,same_day_text,stale_20d,target_event_keyword,10,0.39134399083647553,0.3918525396290274,-0.12994930405469135,-0.0011105000646445262
C,log_gk,1,80.0,target_sector_weighted,same_day_text,stale_20d,target_event_keyword,9,0.4886474269940243,0.49365899844364247,-1.0256007036499661,-0.005011571449618144
ABT,log_gk,1,85.0,target_sector_weighted,same_day_text,stale_20d,target_event_keyword,10,0.6326689371777252,0.6238142847112217,1.3995712364199935,0.008854652466503587
AMD,log_gk,1,85.0,target_sector_weighted,same_day_text,stale_20d,target_event_keyword,13,0.6368999701477859,0.632584723152464,0.6775392051471792,0.004315246995322008
AMGN,log_gk,1,85.0,target_sector_weighted,same_day_text,stale_20d,target_event_keyword,11,0.5972261951454987,0.5793693162947531,2.9899691265878316,0.017856878850745484
AXP,log_gk,1,85.0,target_sector_weighted,same_day_text,stale_20d,target_event_keyword,7,0.7790123383130497,0.7830851815086733,-0.5228213977256584,-0.004072843195623526
BAC,log_gk,1,85.0,target_sector_weighted,same_day_text,stale_20d,target_event_keyword,6,0.8629425569370781,0.8667230025095285,-0.4380877431597152,-0.003780445572450386
BX,log_gk,1,85.0,target_sector_weighted,same_day_text,stale_20d,target_event_keyword,6,0.4191873896020832,0.4248543775879241,-1.3518984889360228,-0.00667024010599541
C,log_gk,1,85.0,target_sector_weighted,same_day_text,stale_20d,target_event_keyword,4,0.7403898281831056,0.7513284227620456,-1.4774101645592508,-0.010938594578939975
ABT,log_gk,1,90.0,target_sector_weighted,same_day_text,stale_20d,target_event_keyword,6,0.8662846179200151,0.8505974242881766,1.8108590764896708,0.015687193631838642
AMD,log_gk,1,90.0,target_sector_weighted,same_day_text,stale_20d,target_event_keyword,6,0.7986908933631663,0.7964780674922943,0.2770566046589239,0.002212825870872163
AMGN,log_gk,1,90.0,target_sector_weighted,same_day_text,stale_20d,target_event_keyword,5,0.7401301966556576,0.7126976651735688,3.7064467314055096,0.02743253148208886
AXP,log_gk,1,90.0,target_sector_weighted,same_day_text,stale_20d,target_event_keyword,4,0.9149140832687737,0.9228459416853736,-0.8669511773456654,-0.007931858416599935
BAC,log_gk,1,90.0,target_sector_weighted,same_day_text,stale_20d,target_event_keyword,5,0.8830063770763807,0.8867627250687804,-0.4254044013630865,-0.0037563479923996114
BX,log_gk,1,90.0,target_sector_weighted,same_day_text,stale_20d,target_event_keyword,3,0.5959605528885588,0.5986739549607113,-0.4552989386631313,-0.0027134020721525745
C,log_gk,1,90.0,target_sector_weighted,same_day_text,stale_20d,target_event_keyword,1,0.9241820403033101,0.8999032297843446,2.6270593303238594,0.02427881051896552
ABT,log_gk,1,95.0,target_sector_weighted,same_day_text,stale_20d,target_event_keyword,1,1.0232591473116193,1.0249631762570637,-0.16652955899992317,-0.0017040289454444135
AMD,log_gk,1,95.0,target_sector_weighted,same_day_text,stale_20d,target_event_keyword,5,0.8686390617130246,0.8596873484996295,1.0305446310164408,0.008951713213395163
AMGN,log_gk,1,95.0,target_sector_weighted,same_day_text,stale_20d,target_event_keyword,2,0.8572607141579454,0.8377602439391301,2.274742082164568,0.01950047021881529
AXP,log_gk,1,95.0,target_sector_weighted,same_day_text,stale_20d,target_event_keyword,2,1.0188047690991309,1.017585235366735,0.11970239729779421,0.0012195337323959166
BAC,log_gk,1,95.0,target_sector_weighted,same_day_text,stale_20d,target_event_keyword,2,1.1390909327769498,1.1326744005492007,0.5633028973469699,0.006416532227749183
ABT,log_gk,3,80.0,target_sector_weighted,same_day_text,stale_20d,target_event_keyword,15,0.5812035140558642,0.5774338211588621,0.6486011880237521,0.0037696928970021304
AMD,log_gk,3,80.0,target_sector_weighted,same_day_text,stale_20d,target_event_keyword,20,0.6130731960405776,0.6031395437112704,1.6203044584989044,0.009933652329307142
AMGN,log_gk,3,80.0,target_sector_weighted,same_day_text,stale_20d,target_event_keyword,9,0.6176728055449523,0.6211577418977198,-0.5642042714982137,-0.003484936352767439
AXP,log_gk,3,80.0,target_sector_weighted,same_day_text,stale_20d,target_event_keyword,8,0.863204083330072,0.8641503952231249,-0.1096278286129215,-0.0009463118930528314
BAC,log_gk,3,80.0,target_sector_weighted,same_day_text,stale_20d,target_event_keyword,7,0.7105616199097647,0.7223549053802422,-1.659713266243548,-0.011793285470477421
BX,log_gk,3,80.0,target_sector_weighted,same_day_text,stale_20d,target_event_keyword,12,0.5326304104925836,0.5243566168597272,1.5533836352311716,0.01006367500603711
C,log_gk,3,80.0,target_sector_weighted,same_day_text,stale_20d,target_event_keyword,8,0.6449256551447198,0.6330020656507269,1.848831628711876,0.01192358949399297
ABT,log_gk,3,85.0,target_sector_weighted,same_day_text,stale_20d,target_event_keyword,9,0.7043317084518211,0.6966763147033759,1.0869017618520178,0.007655393748445248
AMD,log_gk,3,85.0,target_sector_weighted,same_day_text,stale_20d,target_event_keyword,14,0.6674724687930441,0.6592428767954787,1.2329485308130537,0.008229591997565486
AMGN,log_gk,3,85.0,target_sector_weighted,same_day_text,stale_20d,target_event_keyword,8,0.6448734654610025,0.6423501875727738,0.39128263502435795,0.0025232778882287032
AXP,log_gk,3,85.0,target_sector_weighted,same_day_text,stale_20d,target_event_keyword,6,0.9457261966618753,0.9532828151578298,-0.7990281460561223,-0.007556618495954274
BAC,log_gk,3,85.0,target_sector_weighted,same_day_text,stale_20d,target_event_keyword,5,0.8117910153010023,0.830203886645047,-2.268178754998589,-0.018412871344044745
BX,log_gk,3,85.0,target_sector_weighted,same_day_text,stale_20d,target_event_keyword,9,0.6131236700806618,0.5948376506044466,2.9824357415216958,0.018286019476215158
C,log_gk,3,85.0,target_sector_weighted,same_day_text,stale_20d,target_event_keyword,4,0.7807717070891225,0.774652297700632,0.7837642338891664,0.006119409388490427
ABT,log_gk,3,90.0,target_sector_weighted,same_day_text,stale_20d,target_event_keyword,4,0.9270294448927492,0.904215790191047,2.460941756207273,0.022813654701702157
AMD,log_gk,3,90.0,target_sector_weighted,same_day_text,stale_20d,target_event_keyword,6,0.8872633855122469,0.8736034207471475,1.539561418643811,0.013659964765099453
AMGN,log_gk,3,90.0,target_sector_weighted,same_day_text,stale_20d,target_event_keyword,1,0.6283190808500185,0.6168859118835623,1.8196437630047584,0.011433168966456186
AXP,log_gk,3,90.0,target_sector_weighted,same_day_text,stale_20d,target_event_keyword,4,1.1005966607601765,1.1110894915651253,-0.9533765800907881,-0.010492830804948783
BAC,log_gk,3,90.0,target_sector_weighted,same_day_text,stale_20d,target_event_keyword,3,1.0933454778914515,1.0947396192542118,-0.1275115131448592,-0.0013941413627603556
BX,log_gk,3,90.0,target_sector_weighted,same_day_text,stale_20d,target_event_keyword,6,0.6321752616522828,0.611233258453664,3.3126894500559425,0.020942003198618647
C,log_gk,3,90.0,target_sector_weighted,same_day_text,stale_20d,target_event_keyword,3,0.8318629655790103,0.8124740177073629,2.3307862801840042,0.019388947871647428
ABT,log_gk,3,95.0,target_sector_weighted,same_day_text,stale_20d,target_event_keyword,1,1.0276705618993436,1.0252719455296235,0.23340323822129563,0.0023986163697200524
AMD,log_gk,3,95.0,target_sector_weighted,same_day_text,stale_20d,target_event_keyword,5,0.9456344229299953,0.9299064903416806,1.6632148964694635,0.01572793258831471
AXP,log_gk,3,95.0,target_sector_weighted,same_day_text,stale_20d,target_event_keyword,3,1.087494897991131,1.1210207115952853,-3.082847898053101,-0.03352581360415415
BAC,log_gk,3,95.0,target_sector_weighted,same_day_text,stale_20d,target_event_keyword,2,1.2828557361827784,1.2787810045839079,0.31762976022503814,0.004074731598870507
BX,log_gk,3,95.0,target_sector_weighted,same_day_text,stale_20d,target_event_keyword,2,0.7731724747526869,0.7524422176470051,2.681194401328464,0.02073025710568177
C,log_gk,3,95.0,target_sector_weighted,same_day_text,stale_20d,target_event_keyword,1,0.703203212709496,0.6885301720532326,2.086600344120592,0.014673040656263403
ABT,log_abs_return,1,80.0,target_sector_weighted,same_day_text,stale_20d,target_event_keyword,15,2.1286364484420703,2.134163640832038,-0.2596588249728175,0.008832623589496998
AMD,log_abs_return,1,80.0,target_sector_weighted,same_day_text,stale_20d,target_event_keyword,23,2.307253961053972,2.147021184221459,6.9447394841319285,0.16023277683251286
AMGN,log_abs_return,1,80.0,target_sector_weighted,same_day_text,stale_20d,target_event_keyword,19,2.011413646066492,1.8926252995441637,5.9057144588150745,0.11878834652232766
AXP,log_abs_return,1,80.0,target_sector_weighted,same_day_text,stale_20d,target_event_keyword,10,1.7821010496831318,1.679041581048391,5.783031700310451,0.10305946863474054
BAC,log_abs_return,1,80.0,target_sector_weighted,same_day_text,stale_20d,target_event_keyword,20,2.100610763211964,2.088519192157203,0.5756216842511246,0.01209157105476133
BX,log_abs_return,1,80.0,target_sector_weighted,same_day_text,stale_20d,target_event_keyword,15,1.9234859842492633,1.9348225549483111,-0.589376309049243,-0.011336570699047914
C,log_abs_return,1,80.0,target_sector_weighted,same_day_text,stale_20d,target_event_keyword,10,1.6156311430140455,1.5535742622185915,3.841030241573805,0.06205688079545415
ABT,log_abs_return,1,85.0,target_sector_weighted,same_day_text,stale_20d,target_event_keyword,9,2.1113127479317466,2.0311750743241013,3.7956325364941144,0.1040707002400877
AMD,log_abs_return,1,85.0,target_sector_weighted,same_day_text,stale_20d,target_event_keyword,15,2.484229061984355,2.272570696211753,8.520082508153786,0.21165836577260158
AMGN,log_abs_return,1,85.0,target_sector_weighted,same_day_text,stale_20d,target_event_keyword,16,2.2078219901307676,2.079846785521563,5.796445781465585,0.12797520460920475
AXP,log_abs_return,1,85.0,target_sector_weighted,same_day_text,stale_20d,target_event_keyword,6,1.81726961331852,1.6365907651105607,9.942324841828027,0.18067884820795932
BAC,log_abs_return,1,85.0,target_sector_weighted,same_day_text,stale_20d,target_event_keyword,12,2.1518630441143594,2.1925621162810933,-1.891341192835274,-0.040699072166733595
BX,log_abs_return,1,85.0,target_sector_weighted,same_day_text,stale_20d,target_event_keyword,9,2.137433607039107,2.1306266574944073,0.3184636716800395,0.0068069495446997485
C,log_abs_return,1,85.0,target_sector_weighted,same_day_text,stale_20d,target_event_keyword,7,1.550942236156938,1.3535951912424553,12.72433236478792,0.1973470449144827
ABT,log_abs_return,1,90.0,target_sector_weighted,same_day_text,stale_20d,target_event_keyword,6,2.4480962642437913,2.2536968172014156,7.9408416197401905,0.1943994470423757
AMD,log_abs_return,1,90.0,target_sector_weighted,same_day_text,stale_20d,target_event_keyword,12,2.5726500221830615,2.342115254322368,8.960984427453134,0.23053476786069405
AMGN,log_abs_return,1,90.0,target_sector_weighted,same_day_text,stale_20d,target_event_keyword,9,2.3357238502496087,2.0856152533268286,10.707969475760247,0.2501085969227803
AXP,log_abs_return,1,90.0,target_sector_weighted,same_day_text,stale_20d,target_event_keyword,6,1.81726961331852,1.6365907651105607,9.942324841828027,0.18067884820795932
BAC,log_abs_return,1,90.0,target_sector_weighted,same_day_text,stale_20d,target_event_keyword,7,2.2167686684763956,2.359560187890975,-6.441426272625961,-0.14279151941457968
BX,log_abs_return,1,90.0,target_sector_weighted,same_day_text,stale_20d,target_event_keyword,5,2.201106277316613,2.3071546462087875,-4.817957678148051,-0.10604836889217442
C,log_abs_return,1,90.0,target_sector_weighted,same_day_text,stale_20d,target_event_keyword,5,1.695038468780017,1.3641212534749325,19.52269646973016,0.3309172153050846
ABT,log_abs_return,1,95.0,target_sector_weighted,same_day_text,stale_20d,target_event_keyword,3,2.345691316634381,1.9840613429149834,15.41677590546174,0.36162997371939715
AMD,log_abs_return,1,95.0,target_sector_weighted,same_day_text,stale_20d,target_event_keyword,7,2.90282232098065,2.670054338722319,8.018678255846396,0.23276798225833137
AMGN,log_abs_return,1,95.0,target_sector_weighted,same_day_text,stale_20d,target_event_keyword,2,2.9458166120306295,2.791702157798202,5.23163776057982,0.15411445423242753
AXP,log_abs_return,1,95.0,target_sector_weighted,same_day_text,stale_20d,target_event_keyword,2,1.9015547102869845,1.8112122940713233,4.750976436645708,0.09034241621566119
BAC,log_abs_return,1,95.0,target_sector_weighted,same_day_text,stale_20d,target_event_keyword,3,3.0936636881111994,3.2151378768000716,-3.926547968212952,-0.12147418868887201
BX,log_abs_return,1,95.0,target_sector_weighted,same_day_text,stale_20d,target_event_keyword,2,2.413591038692463,2.5934467561879506,-7.451789247316841,-0.17985571749548823
C,log_abs_return,1,95.0,target_sector_weighted,same_day_text,stale_20d,target_event_keyword,1,0.3871329009508724,0.18442072589881997,52.362425036506224,0.2027121750520524
ABT,log_abs_return,3,80.0,target_sector_weighted,same_day_text,stale_20d,target_event_keyword,24,1.4698385170987622,1.4175430051882525,3.557908661540121,0.05229551191050985
AMD,log_abs_return,3,80.0,target_sector_weighted,same_day_text,stale_20d,target_event_keyword,27,1.2925204788157958,1.2888026045135943,0.2876452917487082,0.0037178743022014465
AMGN,log_abs_return,3,80.0,target_sector_weighted,same_day_text,stale_20d,target_event_keyword,16,1.3851414301779144,1.413782493802613,-2.067735683930827,-0.02864106362469837
AXP,log_abs_return,3,80.0,target_sector_weighted,same_day_text,stale_20d,target_event_keyword,13,1.3926869650933786,1.4141136764578592,-1.5385159695986639,-0.021426711364480704
BAC,log_abs_return,3,80.0,target_sector_weighted,same_day_text,stale_20d,target_event_keyword,17,1.4765056092179683,1.4657555716516841,0.7280729242862736,0.010750037566284095
BX,log_abs_return,3,80.0,target_sector_weighted,same_day_text,stale_20d,target_event_keyword,15,1.145745548102449,1.2084207536606801,-5.470255211729342,-0.06267520555823133
C,log_abs_return,3,80.0,target_sector_weighted,same_day_text,stale_20d,target_event_keyword,10,1.4326429018771083,1.4111459427688662,1.5005106352794482,0.02149695910824225
ABT,log_abs_return,3,85.0,target_sector_weighted,same_day_text,stale_20d,target_event_keyword,18,1.6165463063562908,1.5795245439672991,2.290176423862491,0.03702176238899164
AMD,log_abs_return,3,85.0,target_sector_weighted,same_day_text,stale_20d,target_event_keyword,19,1.4162332824732167,1.4088848415154096,0.5188722118558203,0.007348440957807079
AMGN,log_abs_return,3,85.0,target_sector_weighted,same_day_text,stale_20d,target_event_keyword,10,1.565996213071277,1.5995765639624833,-2.144344322860622,-0.033580350891206215
AXP,log_abs_return,3,85.0,target_sector_weighted,same_day_text,stale_20d,target_event_keyword,10,1.4388802550788098,1.472827601928182,-2.3592892271298096,-0.033947346849372284
BAC,log_abs_return,3,85.0,target_sector_weighted,same_day_text,stale_20d,target_event_keyword,15,1.5606765975476167,1.5617575170203748,-0.06925967073874476,-0.0010809194727582276
BX,log_abs_return,3,85.0,target_sector_weighted,same_day_text,stale_20d,target_event_keyword,7,1.3752024240493863,1.4605752822856553,-6.208021215151889,-0.08537285823626885
C,log_abs_return,3,85.0,target_sector_weighted,same_day_text,stale_20d,target_event_keyword,6,1.5634776182932566,1.564257140846174,-0.04985824829193391,-0.0007795225529171704
ABT,log_abs_return,3,90.0,target_sector_weighted,same_day_text,stale_20d,target_event_keyword,10,1.7964011105373736,1.7288282943131446,3.761566157349758,0.06757281622422866
AMD,log_abs_return,3,90.0,target_sector_weighted,same_day_text,stale_20d,target_event_keyword,12,1.586581669731857,1.5657322453984046,1.3141097449446888,0.020849424333452327
AMGN,log_abs_return,3,90.0,target_sector_weighted,same_day_text,stale_20d,target_event_keyword,8,1.6890463232585187,1.7286144402548806,-2.3426306579932588,-0.03956811699636198
AXP,log_abs_return,3,90.0,target_sector_weighted,same_day_text,stale_20d,target_event_keyword,3,1.7855400963896404,1.8190169374223715,-1.8748859855021571,-0.03347684103273085
BAC,log_abs_return,3,90.0,target_sector_weighted,same_day_text,stale_20d,target_event_keyword,8,1.7967386863707893,1.8061594624879933,-0.5243264470601985,-0.009420776117204044
BX,log_abs_return,3,90.0,target_sector_weighted,same_day_text,stale_20d,target_event_keyword,5,1.546478921868183,1.6445240528668612,-6.339894428062263,-0.09804513099867851
C,log_abs_return,3,90.0,target_sector_weighted,same_day_text,stale_20d,target_event_keyword,3,1.833864733857567,1.84981885297599,-0.8699725134504961,-0.015954119118422778
ABT,log_abs_return,3,95.0,target_sector_weighted,same_day_text,stale_20d,target_event_keyword,4,2.1714381731391503,2.117525129947192,2.4828265367564417,0.05391304319195789
AMD,log_abs_return,3,95.0,target_sector_weighted,same_day_text,stale_20d,target_event_keyword,8,1.7242088604242807,1.6947595385124792,1.7079904057884743,0.029449321911801635
AMGN,log_abs_return,3,95.0,target_sector_weighted,same_day_text,stale_20d,target_event_keyword,2,2.0879177473907022,2.146457907725085,-2.8037579740648937,-0.058540160334382474
AXP,log_abs_return,3,95.0,target_sector_weighted,same_day_text,stale_20d,target_event_keyword,2,1.8977190322700426,1.903742638447131,-0.3174129612792577,-0.006023606177088414
BAC,log_abs_return,3,95.0,target_sector_weighted,same_day_text,stale_20d,target_event_keyword,3,2.008031200925527,2.0335084765236595,-1.2687689108809632,-0.02547727559813288
BX,log_abs_return,3,95.0,target_sector_weighted,same_day_text,stale_20d,target_event_keyword,2,1.7395603916227456,1.8235809257518336,-4.829986618096636,-0.08402053412908805
C,log_abs_return,3,95.0,target_sector_weighted,same_day_text,stale_20d,target_event_keyword,1,2.1476471965192094,2.048810608587646,4.602086790221055,0.09883658793156336
ABT,log_gk,1,80.0,target_sector_event_weighted,shifted_1_day_text,correct_text,target_event_keyword,14,0.5620180193370048,0.5689785939498799,-1.2384966982173116,-0.00696057461287501
AMD,log_gk,1,80.0,target_sector_event_weighted,shifted_1_day_text,correct_text,target_event_keyword,17,0.6041335454385347,0.6017438665396192,0.39555474397318213,0.0023896788989154123
AMGN,log_gk,1,80.0,target_sector_event_weighted,shifted_1_day_text,correct_text,target_event_keyword,13,0.5839499216471353,0.5743183876119076,1.6493767150546568,0.009631534035227797
AXP,log_gk,1,80.0,target_sector_event_weighted,shifted_1_day_text,correct_text,target_event_keyword,10,0.6462206533101934,0.6520199168411139,-0.8974122849857005,-0.005799263530920395
BAC,log_gk,1,80.0,target_sector_event_weighted,shifted_1_day_text,correct_text,target_event_keyword,9,0.7376931090287666,0.7281626952277942,1.2919212182312485,0.009530413800972463
BX,log_gk,1,80.0,target_sector_event_weighted,shifted_1_day_text,correct_text,target_event_keyword,10,0.39134399083647553,0.3915694445379939,-0.05761010946826883,-0.00037431232406959225
C,log_gk,1,80.0,target_sector_event_weighted,shifted_1_day_text,correct_text,target_event_keyword,9,0.4886474269940243,0.4899437830197335,-0.2652947614364629,-0.001296356025709174
ABT,log_gk,1,85.0,target_sector_event_weighted,shifted_1_day_text,correct_text,target_event_keyword,10,0.6326689371777252,0.6324381175977931,0.036483469689812704,0.00023081957993205117
AMD,log_gk,1,85.0,target_sector_event_weighted,shifted_1_day_text,correct_text,target_event_keyword,13,0.6368999701477859,0.6341477350341967,0.43212988578889444,0.002752235113589164
AMGN,log_gk,1,85.0,target_sector_event_weighted,shifted_1_day_text,correct_text,target_event_keyword,11,0.5972261951454987,0.5836305892477192,2.2764584019070546,0.013595605897779446
AXP,log_gk,1,85.0,target_sector_event_weighted,shifted_1_day_text,correct_text,target_event_keyword,7,0.7790123383130497,0.7804395604424853,-0.1832091815806444,-0.001427222129435484
BAC,log_gk,1,85.0,target_sector_event_weighted,shifted_1_day_text,correct_text,target_event_keyword,6,0.8629425569370781,0.8433867247349113,2.266180065516546,0.019555832202167018
BX,log_gk,1,85.0,target_sector_event_weighted,shifted_1_day_text,correct_text,target_event_keyword,6,0.4191873896020832,0.41925941324678423,-0.017181729815254208,-0.00032012134895305816
C,log_gk,1,85.0,target_sector_event_weighted,shifted_1_day_text,correct_text,target_event_keyword,4,0.7403898281831056,0.7514158913148321,-1.4892240157842418,-0.011026063131726493
ABT,log_gk,1,90.0,target_sector_event_weighted,shifted_1_day_text,correct_text,target_event_keyword,6,0.8662846179200151,0.8769381772075843,-1.2297989675897516,-0.010653559287569022
AMD,log_gk,1,90.0,target_sector_event_weighted,shifted_1_day_text,correct_text,target_event_keyword,6,0.7986908933631663,0.7889033192358198,1.2254520752243152,0.009787574127346618
AMGN,log_gk,1,90.0,target_sector_event_weighted,shifted_1_day_text,correct_text,target_event_keyword,5,0.7401301966556576,0.7225738367598361,2.3720637227276264,0.017556359895821494
AXP,log_gk,1,90.0,target_sector_event_weighted,shifted_1_day_text,correct_text,target_event_keyword,4,0.9149140832687737,0.9246137015757134,-1.0601671221723148,-0.009699618306939772
BAC,log_gk,1,90.0,target_sector_event_weighted,shifted_1_day_text,correct_text,target_event_keyword,5,0.8830063770763807,0.8547982002166915,3.1945609445184346,0.02820817685968944
BX,log_gk,1,90.0,target_sector_event_weighted,shifted_1_day_text,correct_text,target_event_keyword,3,0.5959605528885588,0.5971904571459506,-0.20637343385072582,-0.0012299042573918524
C,log_gk,1,90.0,target_sector_event_weighted,shifted_1_day_text,correct_text,target_event_keyword,1,0.9241820403033101,0.9372737872307395,-1.416576643615884,-0.013091746927429426
ABT,log_gk,1,95.0,target_sector_event_weighted,shifted_1_day_text,correct_text,target_event_keyword,1,1.0232591473116193,1.0531117797317986,-2.9174068464093708,-0.029852632420179326
AMD,log_gk,1,95.0,target_sector_event_weighted,shifted_1_day_text,correct_text,target_event_keyword,5,0.8686390617130246,0.8603595477120024,0.9531593001003629,0.008279514001022292
AMGN,log_gk,1,95.0,target_sector_event_weighted,shifted_1_day_text,correct_text,target_event_keyword,2,0.8572607141579454,0.8356547173848554,2.5203530753549916,0.02160599677308994
AXP,log_gk,1,95.0,target_sector_event_weighted,shifted_1_day_text,correct_text,target_event_keyword,2,1.0188047690991309,1.0165181320786139,0.22444310135483087,0.002286637020517013
BAC,log_gk,1,95.0,target_sector_event_weighted,shifted_1_day_text,correct_text,target_event_keyword,2,1.1390909327769498,1.1253754151451019,1.204075744717886,0.013715517631847973
ABT,log_gk,3,80.0,target_sector_event_weighted,shifted_1_day_text,correct_text,target_event_keyword,15,0.5812035140558642,0.5832696320141247,-0.35548958467961245,-0.002066117958260468
AMD,log_gk,3,80.0,target_sector_event_weighted,shifted_1_day_text,correct_text,target_event_keyword,20,0.6130731960405776,0.6090245064839893,0.6603925245363937,0.004048689556588303
AMGN,log_gk,3,80.0,target_sector_event_weighted,shifted_1_day_text,correct_text,target_event_keyword,9,0.6176728055449523,0.6092802193793027,1.3587430254833932,0.008392586165649677
AXP,log_gk,3,80.0,target_sector_event_weighted,shifted_1_day_text,correct_text,target_event_keyword,8,0.863204083330072,0.8543438868611948,1.0264312507299962,0.008860196468877257
BAC,log_gk,3,80.0,target_sector_event_weighted,shifted_1_day_text,correct_text,target_event_keyword,7,0.7105616199097647,0.6875051939911233,3.2448172364797023,0.02305642591864134
BX,log_gk,3,80.0,target_sector_event_weighted,shifted_1_day_text,correct_text,target_event_keyword,12,0.5326304104925836,0.5301389644315848,0.46776263839210813,0.008523018031617332
C,log_gk,3,80.0,target_sector_event_weighted,shifted_1_day_text,correct_text,target_event_keyword,8,0.6449256551447198,0.629772010138361,2.3496731577468877,0.01515364500635874
ABT,log_gk,3,85.0,target_sector_event_weighted,shifted_1_day_text,correct_text,target_event_keyword,9,0.7043317084518211,0.6818583125964103,3.190740326714699,0.02247339585541091
AMD,log_gk,3,85.0,target_sector_event_weighted,shifted_1_day_text,correct_text,target_event_keyword,14,0.6674724687930441,0.6647073586885347,0.4142657912931482,0.002765110104509226
AMGN,log_gk,3,85.0,target_sector_event_weighted,shifted_1_day_text,correct_text,target_event_keyword,8,0.6448734654610025,0.6339277961130287,1.6973359789503892,0.010945669347973808
AXP,log_gk,3,85.0,target_sector_event_weighted,shifted_1_day_text,correct_text,target_event_keyword,6,0.9457261966618753,0.9304066593348671,1.6198702522021153,0.015319537327008378
BAC,log_gk,3,85.0,target_sector_event_weighted,shifted_1_day_text,correct_text,target_event_keyword,5,0.8117910153010023,0.7728755766362365,4.793775483008567,0.038915438664765746
BX,log_gk,3,85.0,target_sector_event_weighted,shifted_1_day_text,correct_text,target_event_keyword,9,0.6131236700806618,0.602312185800665,1.7633447879404882,0.010811484279996848
C,log_gk,3,85.0,target_sector_event_weighted,shifted_1_day_text,correct_text,target_event_keyword,4,0.7807717070891225,0.77567546085873,0.6527191218790911,0.005096246230392509
ABT,log_gk,3,90.0,target_sector_event_weighted,shifted_1_day_text,correct_text,target_event_keyword,4,0.9270294448927492,0.9121733074300264,1.6025529226249648,0.01485613746272274
AMD,log_gk,3,90.0,target_sector_event_weighted,shifted_1_day_text,correct_text,target_event_keyword,6,0.8872633855122469,0.8773314656614432,1.1193879983078239,0.009931919850803808
AMGN,log_gk,3,90.0,target_sector_event_weighted,shifted_1_day_text,correct_text,target_event_keyword,1,0.6283190808500185,0.6631873780870352,-5.549457003572972,-0.03486829723701668
AXP,log_gk,3,90.0,target_sector_event_weighted,shifted_1_day_text,correct_text,target_event_keyword,4,1.1005966607601765,1.0931668867150797,0.6750678345657626,0.007429774045096815
BAC,log_gk,3,90.0,target_sector_event_weighted,shifted_1_day_text,correct_text,target_event_keyword,3,1.0933454778914515,1.0801576624624336,1.2061892325608745,0.013187815429017924
BX,log_gk,3,90.0,target_sector_event_weighted,shifted_1_day_text,correct_text,target_event_keyword,6,0.6321752616522828,0.6226690666948188,1.5037277688813906,0.00950619495746389
C,log_gk,3,90.0,target_sector_event_weighted,shifted_1_day_text,correct_text,target_event_keyword,3,0.8318629655790103,0.8042758977298702,3.3162995578170014,0.027587067849140112
ABT,log_gk,3,95.0,target_sector_event_weighted,shifted_1_day_text,correct_text,target_event_keyword,1,1.0276705618993436,1.0139784711804136,1.3323424087991973,0.013692090718929961
AMD,log_gk,3,95.0,target_sector_event_weighted,shifted_1_day_text,correct_text,target_event_keyword,5,0.9456344229299953,0.9281050394807284,1.8537167243714645,0.017529383449266956
AXP,log_gk,3,95.0,target_sector_event_weighted,shifted_1_day_text,correct_text,target_event_keyword,3,1.087494897991131,1.0831794454674066,0.39682508227818225,0.004315452523724339
BAC,log_gk,3,95.0,target_sector_event_weighted,shifted_1_day_text,correct_text,target_event_keyword,2,1.2828557361827784,1.2479089944076152,2.724136533009514,0.034946741775163215
BX,log_gk,3,95.0,target_sector_event_weighted,shifted_1_day_text,correct_text,target_event_keyword,2,0.7731724747526869,0.7276370974956574,5.889420374360172,0.0455353772570295
C,log_gk,3,95.0,target_sector_event_weighted,shifted_1_day_text,correct_text,target_event_keyword,1,0.703203212709496,0.6296664115079138,10.45740404373855,0.07353680120158224
ABT,log_abs_return,1,80.0,target_sector_event_weighted,shifted_1_day_text,correct_text,target_event_keyword,15,2.1286364484420703,2.3564733872156465,-10.703421852065341,-0.22783693877357616
AMD,log_abs_return,1,80.0,target_sector_event_weighted,shifted_1_day_text,correct_text,target_event_keyword,23,2.307253961053972,2.1913818656419117,5.022078079308146,0.11587209541206035
AMGN,log_abs_return,1,80.0,target_sector_event_weighted,shifted_1_day_text,correct_text,target_event_keyword,19,2.011413646066492,2.1346232207633156,-6.1255214678378795,-0.12320957469682424
AXP,log_abs_return,1,80.0,target_sector_event_weighted,shifted_1_day_text,correct_text,target_event_keyword,10,1.7821010496831318,1.7870962252902474,-0.2802969903420331,-0.004995175607115776
BAC,log_abs_return,1,80.0,target_sector_event_weighted,shifted_1_day_text,correct_text,target_event_keyword,20,2.100610763211964,1.9930136876069955,5.122180533838923,0.10759707560496853
BX,log_abs_return,1,80.0,target_sector_event_weighted,shifted_1_day_text,correct_text,target_event_keyword,15,1.9234859842492633,1.9557309113704215,-1.6763796245566835,-0.03224492712115842
C,log_abs_return,1,80.0,target_sector_event_weighted,shifted_1_day_text,correct_text,target_event_keyword,10,1.6156311430140455,1.6714839162436068,-3.4570250438082653,-0.049675897723449845
ABT,log_abs_return,1,85.0,target_sector_event_weighted,shifted_1_day_text,correct_text,target_event_keyword,9,2.1113127479317466,2.2706191389245474,-7.545371530052009,-0.1593063909928007
AMD,log_abs_return,1,85.0,target_sector_event_weighted,shifted_1_day_text,correct_text,target_event_keyword,15,2.484229061984355,2.4109305184076555,2.9505549507640825,0.07329854357669957
AMGN,log_abs_return,1,85.0,target_sector_event_weighted,shifted_1_day_text,correct_text,target_event_keyword,16,2.2078219901307676,2.3201600187426874,-5.088183246388722,-0.11233802861191972
AXP,log_abs_return,1,85.0,target_sector_event_weighted,shifted_1_day_text,correct_text,target_event_keyword,6,1.81726961331852,1.823115131949444,-0.32166490806224235,-0.0058455186309241585
BAC,log_abs_return,1,85.0,target_sector_event_weighted,shifted_1_day_text,correct_text,target_event_keyword,12,2.1518630441143594,1.9790005412895446,8.0331554230469,0.17286250282481497
BX,log_abs_return,1,85.0,target_sector_event_weighted,shifted_1_day_text,correct_text,target_event_keyword,9,2.137433607039107,2.100567979585461,1.7247612899992908,0.03686562745364593
C,log_abs_return,1,85.0,target_sector_event_weighted,shifted_1_day_text,correct_text,target_event_keyword,7,1.550942236156938,1.5007046488740057,3.239165593131019,0.0590616951488055
ABT,log_abs_return,1,90.0,target_sector_event_weighted,shifted_1_day_text,correct_text,target_event_keyword,6,2.4480962642437913,2.569789378977046,-4.970928492913864,-0.12169311473325443
AMD,log_abs_return,1,90.0,target_sector_event_weighted,shifted_1_day_text,correct_text,target_event_keyword,12,2.5726500221830615,2.421701674386974,5.867426447224176,0.15094834779608765
AMGN,log_abs_return,1,90.0,target_sector_event_weighted,shifted_1_day_text,correct_text,target_event_keyword,9,2.3357238502496087,2.374265235181868,-1.650083117836922,-0.03854138493225959
AXP,log_abs_return,1,90.0,target_sector_event_weighted,shifted_1_day_text,correct_text,target_event_keyword,6,1.81726961331852,1.823115131949444,-0.32166490806224235,-0.0058455186309241585
BAC,log_abs_return,1,90.0,target_sector_event_weighted,shifted_1_day_text,correct_text,target_event_keyword,7,2.2167686684763956,2.027518257553924,8.537219675364005,0.18925041092247152
BX,log_abs_return,1,90.0,target_sector_event_weighted,shifted_1_day_text,correct_text,target_event_keyword,5,2.201106277316613,2.0107182636177736,8.649651116843982,0.19038801369883956
C,log_abs_return,1,90.0,target_sector_event_weighted,shifted_1_day_text,correct_text,target_event_keyword,5,1.695038468780017,1.7397748694765358,-2.639255776225374,-0.03238264968429636
ABT,log_abs_return,1,95.0,target_sector_event_weighted,shifted_1_day_text,correct_text,target_event_keyword,3,2.345691316634381,2.5448123651621497,-8.4888001722865,-0.1991210485277691
AMD,log_abs_return,1,95.0,target_sector_event_weighted,shifted_1_day_text,correct_text,target_event_keyword,7,2.90282232098065,2.838112649319735,2.2291985008250306,0.06470967166091501
AMGN,log_abs_return,1,95.0,target_sector_event_weighted,shifted_1_day_text,correct_text,target_event_keyword,2,2.9458166120306295,2.89886484402761,1.5938455846596054,0.04695176800301937
AXP,log_abs_return,1,95.0,target_sector_event_weighted,shifted_1_day_text,correct_text,target_event_keyword,2,1.9015547102869845,1.9959589276282534,-4.964580657635738,-0.09440421734126891
BAC,log_abs_return,1,95.0,target_sector_event_weighted,shifted_1_day_text,correct_text,target_event_keyword,3,3.0936636881111994,2.881306347002029,6.864267176980149,0.21235734110917104
BX,log_abs_return,1,95.0,target_sector_event_weighted,shifted_1_day_text,correct_text,target_event_keyword,2,2.413591038692463,2.2822182967361293,5.443040674674666,0.13137274195633353
C,log_abs_return,1,95.0,target_sector_event_weighted,shifted_1_day_text,correct_text,target_event_keyword,1,0.3871329009508724,0.061768755061111236,84.04456068977983,0.3871329009508724
ABT,log_abs_return,3,80.0,target_sector_event_weighted,shifted_1_day_text,correct_text,target_event_keyword,24,1.4698385170987622,1.4762676121439335,-0.43740145399518876,-0.006429095045171344
AMD,log_abs_return,3,80.0,target_sector_event_weighted,shifted_1_day_text,correct_text,target_event_keyword,27,1.2925204788157958,1.248449728070239,3.409675240576026,0.04407075074555703
AMGN,log_abs_return,3,80.0,target_sector_event_weighted,shifted_1_day_text,correct_text,target_event_keyword,16,1.3851414301779144,1.3559889856435166,2.1046547232836232,0.029152444534397803
AXP,log_abs_return,3,80.0,target_sector_event_weighted,shifted_1_day_text,correct_text,target_event_keyword,13,1.3926869650933786,1.3220725087937593,5.070375329813238,0.07061445629961947
BAC,log_abs_return,3,80.0,target_sector_event_weighted,shifted_1_day_text,correct_text,target_event_keyword,17,1.4765056092179683,1.465410170137049,0.7514660974973173,0.011095439080919256
BX,log_abs_return,3,80.0,target_sector_event_weighted,shifted_1_day_text,correct_text,target_event_keyword,15,1.145745548102449,1.1117639613367893,2.965892978762954,0.03398158676565943
C,log_abs_return,3,80.0,target_sector_event_weighted,shifted_1_day_text,correct_text,target_event_keyword,10,1.4326429018771083,1.4051274859098548,1.9206053323687042,0.027515415967253487
ABT,log_abs_return,3,85.0,target_sector_event_weighted,shifted_1_day_text,correct_text,target_event_keyword,18,1.6165463063562908,1.6066192634339456,0.6140896108767148,0.00992704292234513
AMD,log_abs_return,3,85.0,target_sector_event_weighted,shifted_1_day_text,correct_text,target_event_keyword,19,1.4162332824732167,1.3553647679449103,4.297915836436887,0.06086851452830626
AMGN,log_abs_return,3,85.0,target_sector_event_weighted,shifted_1_day_text,correct_text,target_event_keyword,10,1.565996213071277,1.5144569792213445,3.2911467741580482,0.05153923384993266
AXP,log_abs_return,3,85.0,target_sector_event_weighted,shifted_1_day_text,correct_text,target_event_keyword,10,1.4388802550788098,1.3880606832643037,3.531883326296855,0.05081957181450623
BAC,log_abs_return,3,85.0,target_sector_event_weighted,shifted_1_day_text,correct_text,target_event_keyword,15,1.5606765975476167,1.532311887125775,1.8174624048577892,0.028364710421841247
BX,log_abs_return,3,85.0,target_sector_event_weighted,shifted_1_day_text,correct_text,target_event_keyword,7,1.3752024240493863,1.29814620521013,5.603263744428147,0.07705621883925654
C,log_abs_return,3,85.0,target_sector_event_weighted,shifted_1_day_text,correct_text,target_event_keyword,6,1.5634776182932566,1.5361363158540862,1.74874920620975,0.027341302439170434
ABT,log_abs_return,3,90.0,target_sector_event_weighted,shifted_1_day_text,correct_text,target_event_keyword,10,1.7964011105373736,1.7592739398198227,2.0667528259568213,0.03712717071755085
AMD,log_abs_return,3,90.0,target_sector_event_weighted,shifted_1_day_text,correct_text,target_event_keyword,12,1.586581669731857,1.5067260729752459,5.03318538717943,0.07985559675661102
AMGN,log_abs_return,3,90.0,target_sector_event_weighted,shifted_1_day_text,correct_text,target_event_keyword,8,1.6890463232585187,1.6403999705369057,2.8801076709230893,0.048646352721612995
AXP,log_abs_return,3,90.0,target_sector_event_weighted,shifted_1_day_text,correct_text,target_event_keyword,3,1.7855400963896404,1.7670071390285205,1.0379468598097317,0.01853295736112
BAC,log_abs_return,3,90.0,target_sector_event_weighted,shifted_1_day_text,correct_text,target_event_keyword,8,1.7967386863707893,1.799038280335801,-0.12798711256429796,-0.0022995939650114483
BX,log_abs_return,3,90.0,target_sector_event_weighted,shifted_1_day_text,correct_text,target_event_keyword,5,1.546478921868183,1.5018487343460813,2.8859227818111646,0.04463018752210166
C,log_abs_return,3,90.0,target_sector_event_weighted,shifted_1_day_text,correct_text,target_event_keyword,3,1.833864733857567,1.8398013911719548,-0.32372383877516886,-0.005936657314387676
ABT,log_abs_return,3,95.0,target_sector_event_weighted,shifted_1_day_text,correct_text,target_event_keyword,4,2.1714381731391503,2.0964149568170685,3.455001263684344,0.07502321632208186
AMD,log_abs_return,3,95.0,target_sector_event_weighted,shifted_1_day_text,correct_text,target_event_keyword,8,1.7242088604242807,1.6367199700300044,5.0741468973049875,0.08748889039427626
AMGN,log_abs_return,3,95.0,target_sector_event_weighted,shifted_1_day_text,correct_text,target_event_keyword,2,2.0879177473907022,2.009348538582188,3.7630413797048914,0.07856920880851481
AXP,log_abs_return,3,95.0,target_sector_event_weighted,shifted_1_day_text,correct_text,target_event_keyword,2,1.8977190322700426,1.915406217137329,-0.9320233694515383,-0.017687184867286376
BAC,log_abs_return,3,95.0,target_sector_event_weighted,shifted_1_day_text,correct_text,target_event_keyword,3,2.008031200925527,1.9963031110559004,0.5840591453071419,0.011728089869626443
BX,log_abs_return,3,95.0,target_sector_event_weighted,shifted_1_day_text,correct_text,target_event_keyword,2,1.7395603916227456,1.698043041446406,2.386657593279077,0.04151735017633951
C,log_abs_return,3,95.0,target_sector_event_weighted,shifted_1_day_text,correct_text,target_event_keyword,1,2.1476471965192094,2.2443944657891746,-4.504802717446696,-0.09674726926996513
ABT,log_gk,1,80.0,target_sector_event_weighted,shifted_1_day_text,shuffled_within_ticker,target_event_keyword,14,0.5620180193370048,0.5673573161242321,-0.95002234866525,-0.005339296787227253
AMD,log_gk,1,80.0,target_sector_event_weighted,shifted_1_day_text,shuffled_within_ticker,target_event_keyword,17,0.6041335454385347,0.6039799597281907,0.025422476785737093,0.00015358571034395542
AMGN,log_gk,1,80.0,target_sector_event_weighted,shifted_1_day_text,shuffled_within_ticker,target_event_keyword,13,0.5839499216471353,0.5829409069758256,0.17279130177184607,0.0010090146713097946
AXP,log_gk,1,80.0,target_sector_event_weighted,shifted_1_day_text,shuffled_within_ticker,target_event_keyword,10,0.6462206533101934,0.6384619462433365,1.2006281487776305,0.0077587070668569515
BAC,log_gk,1,80.0,target_sector_event_weighted,shifted_1_day_text,shuffled_within_ticker,target_event_keyword,9,0.7376931090287666,0.7464539409854556,-1.1875984538100575,-0.008760831956688975
BX,log_gk,1,80.0,target_sector_event_weighted,shifted_1_day_text,shuffled_within_ticker,target_event_keyword,10,0.39134399083647553,0.3925222036685442,-0.30106833365456437,-0.0030548833023817945
C,log_gk,1,80.0,target_sector_event_weighted,shifted_1_day_text,shuffled_within_ticker,target_event_keyword,9,0.4886474269940243,0.48546921275968125,0.650410512523158,0.0031782142343430822
ABT,log_gk,1,85.0,target_sector_event_weighted,shifted_1_day_text,shuffled_within_ticker,target_event_keyword,10,0.6326689371777252,0.6359613790525377,-0.5204051726483907,-0.0032924418748125463
AMD,log_gk,1,85.0,target_sector_event_weighted,shifted_1_day_text,shuffled_within_ticker,target_event_keyword,13,0.6368999701477859,0.6315341320812343,0.8424930629697578,0.005365838066551691
AMGN,log_gk,1,85.0,target_sector_event_weighted,shifted_1_day_text,shuffled_within_ticker,target_event_keyword,11,0.5972261951454987,0.5997169899899107,-0.41706054835810424,-0.0024907948444120686
AXP,log_gk,1,85.0,target_sector_event_weighted,shifted_1_day_text,shuffled_within_ticker,target_event_keyword,7,0.7790123383130497,0.7689590679050432,1.290514914022654,0.010053270408006552
BAC,log_gk,1,85.0,target_sector_event_weighted,shifted_1_day_text,shuffled_within_ticker,target_event_keyword,6,0.8629425569370781,0.8788669061921023,-1.845354493993892,-0.01592434925502406
BX,log_gk,1,85.0,target_sector_event_weighted,shifted_1_day_text,shuffled_within_ticker,target_event_keyword,6,0.4191873896020832,0.42465385741924694,-1.3040630402438496,-0.008594251934352334
C,log_gk,1,85.0,target_sector_event_weighted,shifted_1_day_text,shuffled_within_ticker,target_event_keyword,4,0.7403898281831056,0.729488456831203,1.4723826472135968,0.010901371351902611
ABT,log_gk,1,90.0,target_sector_event_weighted,shifted_1_day_text,shuffled_within_ticker,target_event_keyword,6,0.8662846179200151,0.8649803767763226,0.15055573153591,0.0013042411436927637
AMD,log_gk,1,90.0,target_sector_event_weighted,shifted_1_day_text,shuffled_within_ticker,target_event_keyword,6,0.7986908933631663,0.7891837553260332,1.1903401073098483,0.009507138037133137
AMGN,log_gk,1,90.0,target_sector_event_weighted,shifted_1_day_text,shuffled_within_ticker,target_event_keyword,5,0.7401301966556576,0.7467820819983776,-0.8987452981620135,-0.006651885342719943
AXP,log_gk,1,90.0,target_sector_event_weighted,shifted_1_day_text,shuffled_within_ticker,target_event_keyword,4,0.9149140832687737,0.9002108877113806,1.607057517888675,0.014703195557393078
BAC,log_gk,1,90.0,target_sector_event_weighted,shifted_1_day_text,shuffled_within_ticker,target_event_keyword,5,0.8830063770763807,0.8954035461980905,-1.4039727734194354,-0.012397169121709517
BX,log_gk,1,90.0,target_sector_event_weighted,shifted_1_day_text,shuffled_within_ticker,target_event_keyword,3,0.5959605528885588,0.6087114037778725,-2.139546120546346,-0.012750850889313714
C,log_gk,1,90.0,target_sector_event_weighted,shifted_1_day_text,shuffled_within_ticker,target_event_keyword,1,0.9241820403033101,0.891009910560423,3.5893501817023212,0.03317212974288708
ABT,log_gk,1,95.0,target_sector_event_weighted,shifted_1_day_text,shuffled_within_ticker,target_event_keyword,1,1.0232591473116193,1.0128119528998507,1.0209724915937655,0.010447194411768557
AMD,log_gk,1,95.0,target_sector_event_weighted,shifted_1_day_text,shuffled_within_ticker,target_event_keyword,5,0.8686390617130246,0.8573815420340463,1.2959951002868386,0.011257519678978234
AMGN,log_gk,1,95.0,target_sector_event_weighted,shifted_1_day_text,shuffled_within_ticker,target_event_keyword,2,0.8572607141579454,0.8796317531391713,-2.6095957287859814,-0.022371038981225944
AXP,log_gk,1,95.0,target_sector_event_weighted,shifted_1_day_text,shuffled_within_ticker,target_event_keyword,2,1.0188047690991309,1.0138597259463227,0.4853769144780117,0.004945043152808193
BAC,log_gk,1,95.0,target_sector_event_weighted,shifted_1_day_text,shuffled_within_ticker,target_event_keyword,2,1.1390909327769498,1.1604869530926623,-1.8783417284827126,-0.021396020315712416
ABT,log_gk,3,80.0,target_sector_event_weighted,shifted_1_day_text,shuffled_within_ticker,target_event_keyword,15,0.5812035140558642,0.5792404907548973,0.33775145082455565,0.001963023300966782
AMD,log_gk,3,80.0,target_sector_event_weighted,shifted_1_day_text,shuffled_within_ticker,target_event_keyword,20,0.6130731960405776,0.6154137506646056,-0.38177409143703944,-0.002340554624028046
AMGN,log_gk,3,80.0,target_sector_event_weighted,shifted_1_day_text,shuffled_within_ticker,target_event_keyword,9,0.6176728055449523,0.6107926393904808,1.1138852306119207,0.006880166154471488
AXP,log_gk,3,80.0,target_sector_event_weighted,shifted_1_day_text,shuffled_within_ticker,target_event_keyword,8,0.863204083330072,0.874841297234872,-1.348141665399207,-0.011637213904799992
BAC,log_gk,3,80.0,target_sector_event_weighted,shifted_1_day_text,shuffled_within_ticker,target_event_keyword,7,0.7105616199097647,0.7174642624588612,-0.9714347574771947,-0.006902642549096402
BX,log_gk,3,80.0,target_sector_event_weighted,shifted_1_day_text,shuffled_within_ticker,target_event_keyword,12,0.5326304104925836,0.5282842366407187,0.8159830468270816,0.004026360428566855
C,log_gk,3,80.0,target_sector_event_weighted,shifted_1_day_text,shuffled_within_ticker,target_event_keyword,8,0.6449256551447198,0.637555095061282,1.1428542227528211,0.007370560083437727
ABT,log_gk,3,85.0,target_sector_event_weighted,shifted_1_day_text,shuffled_within_ticker,target_event_keyword,9,0.7043317084518211,0.7039407490337747,0.05550785423331511,0.0003909594180464795
AMD,log_gk,3,85.0,target_sector_event_weighted,shifted_1_day_text,shuffled_within_ticker,target_event_keyword,14,0.6674724687930441,0.6666391078660883,0.12485322854780423,0.0008333609269557396
AMGN,log_gk,3,85.0,target_sector_event_weighted,shifted_1_day_text,shuffled_within_ticker,target_event_keyword,8,0.6448734654610025,0.6395171869306913,0.830593723759781,0.005356278530311287
AXP,log_gk,3,85.0,target_sector_event_weighted,shifted_1_day_text,shuffled_within_ticker,target_event_keyword,6,0.9457261966618753,0.9640922386813958,-1.9420041534586905,-0.018366042019520485
BAC,log_gk,3,85.0,target_sector_event_weighted,shifted_1_day_text,shuffled_within_ticker,target_event_keyword,5,0.8117910153010023,0.816195544991519,-0.5425694061030719,-0.004404529690516768
BX,log_gk,3,85.0,target_sector_event_weighted,shifted_1_day_text,shuffled_within_ticker,target_event_keyword,9,0.6131236700806618,0.6121483542264866,0.15907326723283996,0.0009753158541752072
C,log_gk,3,85.0,target_sector_event_weighted,shifted_1_day_text,shuffled_within_ticker,target_event_keyword,4,0.7807717070891225,0.7719370831341821,1.1315246024830594,0.00883462395494039
ABT,log_gk,3,90.0,target_sector_event_weighted,shifted_1_day_text,shuffled_within_ticker,target_event_keyword,4,0.9270294448927492,0.9221378634014172,0.527661933316247,0.004891581491331953
AMD,log_gk,3,90.0,target_sector_event_weighted,shifted_1_day_text,shuffled_within_ticker,target_event_keyword,6,0.8872633855122469,0.8864998945544755,0.08605009180341715,0.0007634909577712475
AMGN,log_gk,3,90.0,target_sector_event_weighted,shifted_1_day_text,shuffled_within_ticker,target_event_keyword,1,0.6283190808500185,0.6245799603622002,0.5950989874061877,0.003739120487818326
AXP,log_gk,3,90.0,target_sector_event_weighted,shifted_1_day_text,shuffled_within_ticker,target_event_keyword,4,1.1005966607601765,1.1224430034510153,-1.9849544769425063,-0.02184634269083885
BAC,log_gk,3,90.0,target_sector_event_weighted,shifted_1_day_text,shuffled_within_ticker,target_event_keyword,3,1.0933454778914515,1.1050023657116224,-1.0661669212417169,-0.0116568878201709
BX,log_gk,3,90.0,target_sector_event_weighted,shifted_1_day_text,shuffled_within_ticker,target_event_keyword,6,0.6321752616522828,0.630490455738705,0.2665093077470784,0.0016848059135777433
C,log_gk,3,90.0,target_sector_event_weighted,shifted_1_day_text,shuffled_within_ticker,target_event_keyword,3,0.8318629655790103,0.8292654411496297,0.31225388517837993,0.002597524429380549
ABT,log_gk,3,95.0,target_sector_event_weighted,shifted_1_day_text,shuffled_within_ticker,target_event_keyword,1,1.0276705618993436,1.0421494536900608,-1.4089040133598199,-0.014478891790717263
AMD,log_gk,3,95.0,target_sector_event_weighted,shifted_1_day_text,shuffled_within_ticker,target_event_keyword,5,0.9456344229299953,0.9455923722884932,0.004446817975576419,4.2050641502111576e-05
AXP,log_gk,3,95.0,target_sector_event_weighted,shifted_1_day_text,shuffled_within_ticker,target_event_keyword,3,1.087494897991131,1.1087719916249545,-1.9565235361680842,-0.0212770936338235
BAC,log_gk,3,95.0,target_sector_event_weighted,shifted_1_day_text,shuffled_within_ticker,target_event_keyword,2,1.2828557361827784,1.2862213848669137,-0.26235597575063796,-0.0033656486841353583
BX,log_gk,3,95.0,target_sector_event_weighted,shifted_1_day_text,shuffled_within_ticker,target_event_keyword,2,0.7731724747526869,0.8001254687108108,-3.4860260599351127,-0.026952993958123894
C,log_gk,3,95.0,target_sector_event_weighted,shifted_1_day_text,shuffled_within_ticker,target_event_keyword,1,0.703203212709496,0.6959591631556425,1.0301502357962238,0.007244049553853493
ABT,log_abs_return,1,80.0,target_sector_event_weighted,shifted_1_day_text,shuffled_within_ticker,target_event_keyword,15,2.1286364484420703,2.1717893662104126,-2.0272563593433497,-0.02565841083178837
AMD,log_abs_return,1,80.0,target_sector_event_weighted,shifted_1_day_text,shuffled_within_ticker,target_event_keyword,23,2.307253961053972,2.247318424661903,2.597700010652067,0.05993553639206903
AMGN,log_abs_return,1,80.0,target_sector_event_weighted,shifted_1_day_text,shuffled_within_ticker,target_event_keyword,19,2.011413646066492,2.1442325898189774,-6.603263531209767,-0.13281894375248557
AXP,log_abs_return,1,80.0,target_sector_event_weighted,shifted_1_day_text,shuffled_within_ticker,target_event_keyword,10,1.7821010496831318,1.8880908640146998,-5.947463773191408,-0.10598981433156843
BAC,log_abs_return,1,80.0,target_sector_event_weighted,shifted_1_day_text,shuffled_within_ticker,target_event_keyword,20,2.100610763211964,2.087447928111911,0.6266194256724752,0.013162835100053182
BX,log_abs_return,1,80.0,target_sector_event_weighted,shifted_1_day_text,shuffled_within_ticker,target_event_keyword,15,1.9234859842492633,1.912393148656392,0.5767047789121663,0.011092835592871383
C,log_abs_return,1,80.0,target_sector_event_weighted,shifted_1_day_text,shuffled_within_ticker,target_event_keyword,10,1.6156311430140455,1.6360967497296346,-1.2667251930666168,-0.01831087879352804
ABT,log_abs_return,1,85.0,target_sector_event_weighted,shifted_1_day_text,shuffled_within_ticker,target_event_keyword,9,2.1113127479317466,2.168583605497454,-2.712571011651879,-0.028113346004784063
AMD,log_abs_return,1,85.0,target_sector_event_weighted,shifted_1_day_text,shuffled_within_ticker,target_event_keyword,15,2.484229061984355,2.4601572638746423,0.9689846430861984,0.024071798109712123
AMGN,log_abs_return,1,85.0,target_sector_event_weighted,shifted_1_day_text,shuffled_within_ticker,target_event_keyword,16,2.2078219901307676,2.3023681310529582,-4.282326262933485,-0.09454614092219071
AXP,log_abs_return,1,85.0,target_sector_event_weighted,shifted_1_day_text,shuffled_within_ticker,target_event_keyword,6,1.81726961331852,1.981016280622242,-9.01058742762467,-0.16374666730372164
BAC,log_abs_return,1,85.0,target_sector_event_weighted,shifted_1_day_text,shuffled_within_ticker,target_event_keyword,12,2.1518630441143594,2.0820766810893816,3.243067128080155,0.06978636302497813
BX,log_abs_return,1,85.0,target_sector_event_weighted,shifted_1_day_text,shuffled_within_ticker,target_event_keyword,9,2.137433607039107,2.1197720511456315,0.8262972863957819,0.017661555893475327
C,log_abs_return,1,85.0,target_sector_event_weighted,shifted_1_day_text,shuffled_within_ticker,target_event_keyword,7,1.550942236156938,1.577970755999626,-1.7427160865553393,-0.023950337096886924
ABT,log_abs_return,1,90.0,target_sector_event_weighted,shifted_1_day_text,shuffled_within_ticker,target_event_keyword,6,2.4480962642437913,2.5492949431078684,-4.13377040528008,-0.10119867886407745
AMD,log_abs_return,1,90.0,target_sector_event_weighted,shifted_1_day_text,shuffled_within_ticker,target_event_keyword,12,2.5726500221830615,2.57009525384656,0.09930493127602295,0.0025547683365014042
AMGN,log_abs_return,1,90.0,target_sector_event_weighted,shifted_1_day_text,shuffled_within_ticker,target_event_keyword,9,2.3357238502496087,2.4754936230469244,-5.9840024659755535,-0.1397697727973149
AXP,log_abs_return,1,90.0,target_sector_event_weighted,shifted_1_day_text,shuffled_within_ticker,target_event_keyword,6,1.81726961331852,1.981016280622242,-9.01058742762467,-0.16374666730372164
BAC,log_abs_return,1,90.0,target_sector_event_weighted,shifted_1_day_text,shuffled_within_ticker,target_event_keyword,7,2.2167686684763956,2.157757504874779,2.6620352606379765,0.05901116360161675
BX,log_abs_return,1,90.0,target_sector_event_weighted,shifted_1_day_text,shuffled_within_ticker,target_event_keyword,5,2.201106277316613,2.1412277739914853,2.7203821979066847,0.059878503325127855
C,log_abs_return,1,90.0,target_sector_event_weighted,shifted_1_day_text,shuffled_within_ticker,target_event_keyword,5,1.695038468780017,1.7630988208742764,-4.015268877245299,-0.06806035209425927
ABT,log_abs_return,1,95.0,target_sector_event_weighted,shifted_1_day_text,shuffled_within_ticker,target_event_keyword,3,2.345691316634381,2.50336252368578,-6.721737252181473,-0.15767120705139956
AMD,log_abs_return,1,95.0,target_sector_event_weighted,shifted_1_day_text,shuffled_within_ticker,target_event_keyword,7,2.90282232098065,2.934375177929193,-1.0869716937371292,-0.031552856948542186
AMGN,log_abs_return,1,95.0,target_sector_event_weighted,shifted_1_day_text,shuffled_within_ticker,target_event_keyword,2,2.9458166120306295,3.025770526261257,-2.7141511085278665,-0.07995391423062737
AXP,log_abs_return,1,95.0,target_sector_event_weighted,shifted_1_day_text,shuffled_within_ticker,target_event_keyword,2,1.9015547102869845,2.129551540284524,-11.990022099502461,-0.22799682999753967
BAC,log_abs_return,1,95.0,target_sector_event_weighted,shifted_1_day_text,shuffled_within_ticker,target_event_keyword,3,3.0936636881111994,3.0131278380374726,2.6032516198584275,0.08053585007372692
BX,log_abs_return,1,95.0,target_sector_event_weighted,shifted_1_day_text,shuffled_within_ticker,target_event_keyword,2,2.413591038692463,2.542312849418426,-5.333207186404578,-0.12872181072596334
C,log_abs_return,1,95.0,target_sector_event_weighted,shifted_1_day_text,shuffled_within_ticker,target_event_keyword,1,0.3871329009508724,0.5141158899740925,-32.800877608522974,-0.12698298902322014
ABT,log_abs_return,3,80.0,target_sector_event_weighted,shifted_1_day_text,shuffled_within_ticker,target_event_keyword,24,1.4698385170987622,1.4611114656060795,0.5937421962453798,0.008727051492682639
AMD,log_abs_return,3,80.0,target_sector_event_weighted,shifted_1_day_text,shuffled_within_ticker,target_event_keyword,27,1.2925204788157958,1.280329445637187,0.9431984543701937,0.012191033178609091
AMGN,log_abs_return,3,80.0,target_sector_event_weighted,shifted_1_day_text,shuffled_within_ticker,target_event_keyword,16,1.3851414301779144,1.3404789344012595,3.2243996752676836,0.044662495776654876
AXP,log_abs_return,3,80.0,target_sector_event_weighted,shifted_1_day_text,shuffled_within_ticker,target_event_keyword,13,1.3926869650933786,1.4010233644229966,-0.5985838554221687,-0.008336399329617956
BAC,log_abs_return,3,80.0,target_sector_event_weighted,shifted_1_day_text,shuffled_within_ticker,target_event_keyword,17,1.4765056092179683,1.4582629085148737,1.2355320961331655,0.01824270070309458
BX,log_abs_return,3,80.0,target_sector_event_weighted,shifted_1_day_text,shuffled_within_ticker,target_event_keyword,15,1.145745548102449,1.1517801347051786,-0.5266951822526307,-0.006034586602729685
C,log_abs_return,3,80.0,target_sector_event_weighted,shifted_1_day_text,shuffled_within_ticker,target_event_keyword,10,1.4326429018771083,1.4258840694156674,0.4717737024756993,0.006758832461440978
ABT,log_abs_return,3,85.0,target_sector_event_weighted,shifted_1_day_text,shuffled_within_ticker,target_event_keyword,18,1.6165463063562908,1.5897702858386085,1.6563720081756106,0.026776020517682478
AMD,log_abs_return,3,85.0,target_sector_event_weighted,shifted_1_day_text,shuffled_within_ticker,target_event_keyword,19,1.4162332824732167,1.4100091569574176,0.43948448273505414,0.006224125515799422
AMGN,log_abs_return,3,85.0,target_sector_event_weighted,shifted_1_day_text,shuffled_within_ticker,target_event_keyword,10,1.565996213071277,1.5583323604711627,0.4893915155186546,0.007663852600114573
AXP,log_abs_return,3,85.0,target_sector_event_weighted,shifted_1_day_text,shuffled_within_ticker,target_event_keyword,10,1.4388802550788098,1.4436766511369559,-0.3333422667533493,-0.004796396058145902
BAC,log_abs_return,3,85.0,target_sector_event_weighted,shifted_1_day_text,shuffled_within_ticker,target_event_keyword,15,1.5606765975476167,1.5398987481086617,1.331336003346527,0.02077784943895488
BX,log_abs_return,3,85.0,target_sector_event_weighted,shifted_1_day_text,shuffled_within_ticker,target_event_keyword,7,1.3752024240493863,1.3385814734128612,2.6629498316831075,0.036620950636525026
C,log_abs_return,3,85.0,target_sector_event_weighted,shifted_1_day_text,shuffled_within_ticker,target_event_keyword,6,1.5634776182932566,1.5583985365476103,0.3248579759773472,0.005079081745646678
ABT,log_abs_return,3,90.0,target_sector_event_weighted,shifted_1_day_text,shuffled_within_ticker,target_event_keyword,10,1.7964011105373736,1.805230236871666,-0.4914896947292134,-0.008829126334292513
AMD,log_abs_return,3,90.0,target_sector_event_weighted,shifted_1_day_text,shuffled_within_ticker,target_event_keyword,12,1.586581669731857,1.5696471150895546,1.067361042004512,0.016934554642302535
AMGN,log_abs_return,3,90.0,target_sector_event_weighted,shifted_1_day_text,shuffled_within_ticker,target_event_keyword,8,1.6890463232585187,1.6894497098125154,-0.02388250389832572,-0.00040338655399685397
AXP,log_abs_return,3,90.0,target_sector_event_weighted,shifted_1_day_text,shuffled_within_ticker,target_event_keyword,3,1.7855400963896404,1.823204051100749,-2.1093872261544324,-0.037663954711108616
BAC,log_abs_return,3,90.0,target_sector_event_weighted,shifted_1_day_text,shuffled_within_ticker,target_event_keyword,8,1.7967386863707893,1.829437154957255,-1.819878919205162,-0.032698468586465634
BX,log_abs_return,3,90.0,target_sector_event_weighted,shifted_1_day_text,shuffled_within_ticker,target_event_keyword,5,1.546478921868183,1.5606944597944983,-0.9192196366402882,-0.014215537926315224
C,log_abs_return,3,90.0,target_sector_event_weighted,shifted_1_day_text,shuffled_within_ticker,target_event_keyword,3,1.833864733857567,1.8584422757777448,-1.3402047308297593,-0.02457754192017762
ABT,log_abs_return,3,95.0,target_sector_event_weighted,shifted_1_day_text,shuffled_within_ticker,target_event_keyword,4,2.1714381731391503,2.2188764024999155,-2.184645639354577,-0.047438229360764916
AMD,log_abs_return,3,95.0,target_sector_event_weighted,shifted_1_day_text,shuffled_within_ticker,target_event_keyword,8,1.7242088604242807,1.7051236242982843,1.1068981585734325,0.019085236125996385
AMGN,log_abs_return,3,95.0,target_sector_event_weighted,shifted_1_day_text,shuffled_within_ticker,target_event_keyword,2,2.0879177473907022,2.0431101981193143,2.1460399638532,0.04480754927138797
AXP,log_abs_return,3,95.0,target_sector_event_weighted,shifted_1_day_text,shuffled_within_ticker,target_event_keyword,2,1.8977190322700426,1.9931444337535802,-5.028426224370539,-0.09542540148353762
BAC,log_abs_return,3,95.0,target_sector_event_weighted,shifted_1_day_text,shuffled_within_ticker,target_event_keyword,3,2.008031200925527,2.0689270714100125,-3.0326157510111433,-0.06089587048448575
BX,log_abs_return,3,95.0,target_sector_event_weighted,shifted_1_day_text,shuffled_within_ticker,target_event_keyword,2,1.7395603916227456,1.763976604220213,-1.4035852227407168,-0.0244162125974674
C,log_abs_return,3,95.0,target_sector_event_weighted,shifted_1_day_text,shuffled_within_ticker,target_event_keyword,1,2.1476471965192094,2.2196621025545853,-3.353200011253884,-0.07201490603537586
ABT,log_gk,1,80.0,target_sector_event_weighted,shifted_1_day_text,cross_ticker_same_day,target_event_keyword,14,0.5620180193370048,0.5549525580899907,1.2571592020037066,0.007065461247014111
AMD,log_gk,1,80.0,target_sector_event_weighted,shifted_1_day_text,cross_ticker_same_day,target_event_keyword,17,0.6041335454385347,0.6005090770076158,0.5999449059376329,0.003624468430918897
AMGN,log_gk,1,80.0,target_sector_event_weighted,shifted_1_day_text,cross_ticker_same_day,target_event_keyword,13,0.5839499216471353,0.5717910707474956,2.082173564702866,0.012158850899639698
AXP,log_gk,1,80.0,target_sector_event_weighted,shifted_1_day_text,cross_ticker_same_day,target_event_keyword,10,0.6462206533101934,0.663622304809304,-2.6928343144052307,-0.017401651499110483
BAC,log_gk,1,80.0,target_sector_event_weighted,shifted_1_day_text,cross_ticker_same_day,target_event_keyword,9,0.7376931090287666,0.7327975968598133,0.6636244949337652,0.0048955121689533915
BX,log_gk,1,80.0,target_sector_event_weighted,shifted_1_day_text,cross_ticker_same_day,target_event_keyword,10,0.39134399083647553,0.38973860059697746,0.4102248346950829,0.0029939042773051037
C,log_gk,1,80.0,target_sector_event_weighted,shifted_1_day_text,cross_ticker_same_day,target_event_keyword,9,0.4886474269940243,0.49196484454798206,-0.678897988753418,-0.0033174175539577456
ABT,log_gk,1,85.0,target_sector_event_weighted,shifted_1_day_text,cross_ticker_same_day,target_event_keyword,10,0.6326689371777252,0.6225247821670716,1.6033907174114899,0.010144155010653666
AMD,log_gk,1,85.0,target_sector_event_weighted,shifted_1_day_text,cross_ticker_same_day,target_event_keyword,13,0.6368999701477859,0.6315883704700122,0.8339770649606446,0.005311599677773777
AMGN,log_gk,1,85.0,target_sector_event_weighted,shifted_1_day_text,cross_ticker_same_day,target_event_keyword,11,0.5972261951454987,0.5846872599528354,2.0995286701395375,0.012538935192663187
AXP,log_gk,1,85.0,target_sector_event_weighted,shifted_1_day_text,cross_ticker_same_day,target_event_keyword,7,0.7790123383130497,0.7821140625319604,-0.39816111585952796,-0.0031017242189106398
BAC,log_gk,1,85.0,target_sector_event_weighted,shifted_1_day_text,cross_ticker_same_day,target_event_keyword,6,0.8629425569370781,0.8534806856062066,1.0964659530126086,0.009461871330871693
BX,log_gk,1,85.0,target_sector_event_weighted,shifted_1_day_text,cross_ticker_same_day,target_event_keyword,6,0.4191873896020832,0.42305384789337275,-0.9223698964226548,-0.0015522682282778828
C,log_gk,1,85.0,target_sector_event_weighted,shifted_1_day_text,cross_ticker_same_day,target_event_keyword,4,0.7403898281831056,0.7380080719425861,0.3216894870590354,0.002381756240519506
ABT,log_gk,1,90.0,target_sector_event_weighted,shifted_1_day_text,cross_ticker_same_day,target_event_keyword,6,0.8662846179200151,0.860061504253709,0.7183682519087173,0.0062231136663063085
AMD,log_gk,1,90.0,target_sector_event_weighted,shifted_1_day_text,cross_ticker_same_day,target_event_keyword,6,0.7986908933631663,0.7873335644453432,1.4219930403862702,0.011357328917823114
AMGN,log_gk,1,90.0,target_sector_event_weighted,shifted_1_day_text,cross_ticker_same_day,target_event_keyword,5,0.7401301966556576,0.7329379975174029,0.9717478317670765,0.007192199138254729
AXP,log_gk,1,90.0,target_sector_event_weighted,shifted_1_day_text,cross_ticker_same_day,target_event_keyword,4,0.9149140832687737,0.9225797744080624,-0.8378591257335336,-0.007665691139288722
BAC,log_gk,1,90.0,target_sector_event_weighted,shifted_1_day_text,cross_ticker_same_day,target_event_keyword,5,0.8830063770763807,0.873235554219012,1.1065404634697855,0.009770822857368877
BX,log_gk,1,90.0,target_sector_event_weighted,shifted_1_day_text,cross_ticker_same_day,target_event_keyword,3,0.5959605528885588,0.6061444609236614,-1.7088225027214072,-0.01018390803510257
C,log_gk,1,90.0,target_sector_event_weighted,shifted_1_day_text,cross_ticker_same_day,target_event_keyword,1,0.9241820403033101,0.9269481261818244,-0.2993009772843601,-0.002766085878514346
ABT,log_gk,1,95.0,target_sector_event_weighted,shifted_1_day_text,cross_ticker_same_day,target_event_keyword,1,1.0232591473116193,1.0524156601303893,-2.8493771978850306,-0.029156512818770075
AMD,log_gk,1,95.0,target_sector_event_weighted,shifted_1_day_text,cross_ticker_same_day,target_event_keyword,5,0.8686390617130246,0.8626612220159651,0.6881845360800135,0.005977839697059473
AMGN,log_gk,1,95.0,target_sector_event_weighted,shifted_1_day_text,cross_ticker_same_day,target_event_keyword,2,0.8572607141579454,0.8554132962449668,0.2155024582916118,0.0018474179129785995
AXP,log_gk,1,95.0,target_sector_event_weighted,shifted_1_day_text,cross_ticker_same_day,target_event_keyword,2,1.0188047690991309,0.9916420769417895,2.6661331965848296,0.02716269215734135
BAC,log_gk,1,95.0,target_sector_event_weighted,shifted_1_day_text,cross_ticker_same_day,target_event_keyword,2,1.1390909327769498,1.124070826646618,1.3186046607986686,0.01502010613033189
ABT,log_gk,3,80.0,target_sector_event_weighted,shifted_1_day_text,cross_ticker_same_day,target_event_keyword,15,0.5812035140558642,0.5836212468545199,-0.4159872988006847,-0.0024177327986556916
AMD,log_gk,3,80.0,target_sector_event_weighted,shifted_1_day_text,cross_ticker_same_day,target_event_keyword,20,0.6130731960405776,0.6150745955632146,-0.3264536005753768,-0.002001399522637071
AMGN,log_gk,3,80.0,target_sector_event_weighted,shifted_1_day_text,cross_ticker_same_day,target_event_keyword,9,0.6176728055449523,0.6086933576502287,1.4537547734194534,0.008979447894723554
AXP,log_gk,3,80.0,target_sector_event_weighted,shifted_1_day_text,cross_ticker_same_day,target_event_keyword,8,0.863204083330072,0.8512270593608433,1.3875077980428128,0.011977023969228728
BAC,log_gk,3,80.0,target_sector_event_weighted,shifted_1_day_text,cross_ticker_same_day,target_event_keyword,7,0.7105616199097647,0.7140306437744787,-0.48820873060304937,-0.0034690238647139588
BX,log_gk,3,80.0,target_sector_event_weighted,shifted_1_day_text,cross_ticker_same_day,target_event_keyword,12,0.5326304104925836,0.5385799151301973,-1.1170043092566755,-0.0063260504582716886
C,log_gk,3,80.0,target_sector_event_weighted,shifted_1_day_text,cross_ticker_same_day,target_event_keyword,8,0.6449256551447198,0.6453806411372744,-0.07054859562883581,-0.00045498599255466843
ABT,log_gk,3,85.0,target_sector_event_weighted,shifted_1_day_text,cross_ticker_same_day,target_event_keyword,9,0.7043317084518211,0.6990389494604958,0.7514582870277453,0.0052927589913253454
AMD,log_gk,3,85.0,target_sector_event_weighted,shifted_1_day_text,cross_ticker_same_day,target_event_keyword,14,0.6674724687930441,0.6629179794852726,0.6823486391891365,0.004554489307771359
AMGN,log_gk,3,85.0,target_sector_event_weighted,shifted_1_day_text,cross_ticker_same_day,target_event_keyword,8,0.6448734654610025,0.6342310221699448,1.6503149627112967,0.01064244329105779
AXP,log_gk,3,85.0,target_sector_event_weighted,shifted_1_day_text,cross_ticker_same_day,target_event_keyword,6,0.9457261966618753,0.923329230747627,2.3682294086071405,0.02239696591424852
BAC,log_gk,3,85.0,target_sector_event_weighted,shifted_1_day_text,cross_ticker_same_day,target_event_keyword,5,0.8117910153010023,0.8161753039547891,-0.5400760258674673,-0.004384288653786861
BX,log_gk,3,85.0,target_sector_event_weighted,shifted_1_day_text,cross_ticker_same_day,target_event_keyword,9,0.6131236700806618,0.6197726280510033,-1.0844399416950834,-0.006648957970341584
C,log_gk,3,85.0,target_sector_event_weighted,shifted_1_day_text,cross_ticker_same_day,target_event_keyword,4,0.7807717070891225,0.7848909373396986,-0.5275844671592266,-0.004119230250576145
ABT,log_gk,3,90.0,target_sector_event_weighted,shifted_1_day_text,cross_ticker_same_day,target_event_keyword,4,0.9270294448927492,0.9265584470101627,0.050807219250843055,0.0004709978825865324
AMD,log_gk,3,90.0,target_sector_event_weighted,shifted_1_day_text,cross_ticker_same_day,target_event_keyword,6,0.8872633855122469,0.8802350288055187,0.7921387066671847,0.007028356706728189
AMGN,log_gk,3,90.0,target_sector_event_weighted,shifted_1_day_text,cross_ticker_same_day,target_event_keyword,1,0.6283190808500185,0.5812059410340478,7.498282521077343,0.04711313981597076
AXP,log_gk,3,90.0,target_sector_event_weighted,shifted_1_day_text,cross_ticker_same_day,target_event_keyword,4,1.1005966607601765,1.0680475543126036,2.957405524480823,0.03254910644757292
BAC,log_gk,3,90.0,target_sector_event_weighted,shifted_1_day_text,cross_ticker_same_day,target_event_keyword,3,1.0933454778914515,1.1050023415043175,-1.0661647071835516,-0.011656863612865997
BX,log_gk,3,90.0,target_sector_event_weighted,shifted_1_day_text,cross_ticker_same_day,target_event_keyword,6,0.6321752616522828,0.649308397530687,-2.7101876517003047,-0.017133135878404298
C,log_gk,3,90.0,target_sector_event_weighted,shifted_1_day_text,cross_ticker_same_day,target_event_keyword,3,0.8318629655790103,0.8375746115300918,-0.6866089954017844,-0.0057116459510814606
ABT,log_gk,3,95.0,target_sector_event_weighted,shifted_1_day_text,cross_ticker_same_day,target_event_keyword,1,1.0276705618993436,1.0392705448399955,-1.1287647394718379,-0.011599982940651898
AMD,log_gk,3,95.0,target_sector_event_weighted,shifted_1_day_text,cross_ticker_same_day,target_event_keyword,5,0.9456344229299953,0.9403134192754518,0.5626914085949563,0.00532100365454351
AXP,log_gk,3,95.0,target_sector_event_weighted,shifted_1_day_text,cross_ticker_same_day,target_event_keyword,3,1.087494897991131,1.0470065187621305,3.723086821261639,0.04048837922900065
BAC,log_gk,3,95.0,target_sector_event_weighted,shifted_1_day_text,cross_ticker_same_day,target_event_keyword,2,1.2828557361827784,1.2795540634007128,0.2573689845975945,0.003301672782065612
BX,log_gk,3,95.0,target_sector_event_weighted,shifted_1_day_text,cross_ticker_same_day,target_event_keyword,2,0.7731724747526869,0.7958637322854325,-2.934824799602934,-0.02269125753274559
C,log_gk,3,95.0,target_sector_event_weighted,shifted_1_day_text,cross_ticker_same_day,target_event_keyword,1,0.703203212709496,0.705851500838198,-0.3766035309335312,-0.002648288128701992
ABT,log_abs_return,1,80.0,target_sector_event_weighted,shifted_1_day_text,cross_ticker_same_day,target_event_keyword,15,2.1286364484420703,2.164857393582635,-1.7016031632397537,-0.036220945140564884
AMD,log_abs_return,1,80.0,target_sector_event_weighted,shifted_1_day_text,cross_ticker_same_day,target_event_keyword,23,2.307253961053972,2.2733974039351925,1.4673962073647806,0.033856557118779586
AMGN,log_abs_return,1,80.0,target_sector_event_weighted,shifted_1_day_text,cross_ticker_same_day,target_event_keyword,19,2.011413646066492,2.213269518671469,-10.035522678277783,-0.20185587260497737
AXP,log_abs_return,1,80.0,target_sector_event_weighted,shifted_1_day_text,cross_ticker_same_day,target_event_keyword,10,1.7821010496831318,1.633941936786845,8.313732429630198,0.1481591128962866
BAC,log_abs_return,1,80.0,target_sector_event_weighted,shifted_1_day_text,cross_ticker_same_day,target_event_keyword,20,2.100610763211964,2.2681134157878593,-7.973997634848516,-0.16750265257589492
BX,log_abs_return,1,80.0,target_sector_event_weighted,shifted_1_day_text,cross_ticker_same_day,target_event_keyword,15,1.9234859842492633,1.8724840205739512,2.6515380976492082,0.07655395846106468
C,log_abs_return,1,80.0,target_sector_event_weighted,shifted_1_day_text,cross_ticker_same_day,target_event_keyword,10,1.6156311430140455,1.522236317955484,5.78070220188554,0.09339482505856123
ABT,log_abs_return,1,85.0,target_sector_event_weighted,shifted_1_day_text,cross_ticker_same_day,target_event_keyword,9,2.1113127479317466,2.1223014557260567,-0.520468026590312,-0.010988707794310097
AMD,log_abs_return,1,85.0,target_sector_event_weighted,shifted_1_day_text,cross_ticker_same_day,target_event_keyword,15,2.484229061984355,2.3942545064001473,3.621830086487185,0.08997455558420775
AMGN,log_abs_return,1,85.0,target_sector_event_weighted,shifted_1_day_text,cross_ticker_same_day,target_event_keyword,16,2.2078219901307676,2.3679418738885607,-7.252391020360717,-0.16011988375779312
AXP,log_abs_return,1,85.0,target_sector_event_weighted,shifted_1_day_text,cross_ticker_same_day,target_event_keyword,6,1.81726961331852,1.662045513533224,8.541610922654508,0.15522409978529605
BAC,log_abs_return,1,85.0,target_sector_event_weighted,shifted_1_day_text,cross_ticker_same_day,target_event_keyword,12,2.1518630441143594,2.153465755432502,-0.07448017300758748,-0.0016027113181425652
BX,log_abs_return,1,85.0,target_sector_event_weighted,shifted_1_day_text,cross_ticker_same_day,target_event_keyword,9,2.137433607039107,1.9987206397495254,6.489697122416574,0.13871296728958146
C,log_abs_return,1,85.0,target_sector_event_weighted,shifted_1_day_text,cross_ticker_same_day,target_event_keyword,7,1.550942236156938,1.4870467207908658,4.119786918976316,0.0638955153660724
ABT,log_abs_return,1,90.0,target_sector_event_weighted,shifted_1_day_text,cross_ticker_same_day,target_event_keyword,6,2.4480962642437913,2.3772895731181607,2.892316456661176,0.07080669112563065
AMD,log_abs_return,1,90.0,target_sector_event_weighted,shifted_1_day_text,cross_ticker_same_day,target_event_keyword,12,2.5726500221830615,2.462332068767645,4.288105745600197,0.11031795341541654
AMGN,log_abs_return,1,90.0,target_sector_event_weighted,shifted_1_day_text,cross_ticker_same_day,target_event_keyword,9,2.3357238502496087,2.5394709355424183,-8.723081081311733,-0.20374708529280966
AXP,log_abs_return,1,90.0,target_sector_event_weighted,shifted_1_day_text,cross_ticker_same_day,target_event_keyword,6,1.81726961331852,1.662045513533224,8.541610922654508,0.15522409978529605
BAC,log_abs_return,1,90.0,target_sector_event_weighted,shifted_1_day_text,cross_ticker_same_day,target_event_keyword,7,2.2167686684763956,2.396514210215939,-8.108448314685184,-0.1797455417395435
BX,log_abs_return,1,90.0,target_sector_event_weighted,shifted_1_day_text,cross_ticker_same_day,target_event_keyword,5,2.201106277316613,1.9097623349079378,13.23625058049696,0.2913439424086751
C,log_abs_return,1,90.0,target_sector_event_weighted,shifted_1_day_text,cross_ticker_same_day,target_event_keyword,5,1.695038468780017,1.6728058882095265,1.3116269028685954,0.02223258057049051
ABT,log_abs_return,1,95.0,target_sector_event_weighted,shifted_1_day_text,cross_ticker_same_day,target_event_keyword,3,2.345691316634381,2.266358509759429,3.3820650787410136,0.07933280687495141
AMD,log_abs_return,1,95.0,target_sector_event_weighted,shifted_1_day_text,cross_ticker_same_day,target_event_keyword,7,2.90282232098065,2.8269727809868264,2.6129584110473467,0.07584953999382371
AMGN,log_abs_return,1,95.0,target_sector_event_weighted,shifted_1_day_text,cross_ticker_same_day,target_event_keyword,2,2.9458166120306295,2.834964065779701,3.763049804193848,0.11085254625092844
AXP,log_abs_return,1,95.0,target_sector_event_weighted,shifted_1_day_text,cross_ticker_same_day,target_event_keyword,2,1.9015547102869845,1.6687634999836585,12.242151595427565,0.23279121030332606
BAC,log_abs_return,1,95.0,target_sector_event_weighted,shifted_1_day_text,cross_ticker_same_day,target_event_keyword,3,3.0936636881111994,3.2262844763366023,-4.286852146697724,-0.13262078822540305
BX,log_abs_return,1,95.0,target_sector_event_weighted,shifted_1_day_text,cross_ticker_same_day,target_event_keyword,2,2.413591038692463,2.3659866173962874,1.9723482782718924,0.04760442129617504
C,log_abs_return,1,95.0,target_sector_event_weighted,shifted_1_day_text,cross_ticker_same_day,target_event_keyword,1,0.3871329009508724,0.5096187135044143,-31.639215435498606,-0.12248581255354196
ABT,log_abs_return,3,80.0,target_sector_event_weighted,shifted_1_day_text,cross_ticker_same_day,target_event_keyword,24,1.4698385170987622,1.4210150231132737,3.3216910169056346,0.048823493985488686
AMD,log_abs_return,3,80.0,target_sector_event_weighted,shifted_1_day_text,cross_ticker_same_day,target_event_keyword,27,1.2925204788157958,1.2130733963587967,6.146678815471325,0.07944708245699907
AMGN,log_abs_return,3,80.0,target_sector_event_weighted,shifted_1_day_text,cross_ticker_same_day,target_event_keyword,16,1.3851414301779144,1.345400462454422,2.869090972059641,0.03974096772349245
AXP,log_abs_return,3,80.0,target_sector_event_weighted,shifted_1_day_text,cross_ticker_same_day,target_event_keyword,13,1.3926869650933786,1.359445348275219,2.386869242790027,0.03324161681815965
BAC,log_abs_return,3,80.0,target_sector_event_weighted,shifted_1_day_text,cross_ticker_same_day,target_event_keyword,17,1.4765056092179683,1.4313726919693468,3.056738624415123,0.045132917248621285
BX,log_abs_return,3,80.0,target_sector_event_weighted,shifted_1_day_text,cross_ticker_same_day,target_event_keyword,15,1.145745548102449,1.1225495856675218,2.02453000784892,0.023195962434927133
C,log_abs_return,3,80.0,target_sector_event_weighted,shifted_1_day_text,cross_ticker_same_day,target_event_keyword,10,1.4326429018771083,1.3829991768954728,3.465184863345236,0.049643724981635586
ABT,log_abs_return,3,85.0,target_sector_event_weighted,shifted_1_day_text,cross_ticker_same_day,target_event_keyword,18,1.6165463063562908,1.5750113922402038,2.569361233437665,0.041534914116086785
AMD,log_abs_return,3,85.0,target_sector_event_weighted,shifted_1_day_text,cross_ticker_same_day,target_event_keyword,19,1.4162332824732167,1.3530866410969082,4.458773999862035,0.06314664137630845
AMGN,log_abs_return,3,85.0,target_sector_event_weighted,shifted_1_day_text,cross_ticker_same_day,target_event_keyword,10,1.565996213071277,1.5237987266265027,2.6946097374025797,0.04219748644477432
AXP,log_abs_return,3,85.0,target_sector_event_weighted,shifted_1_day_text,cross_ticker_same_day,target_event_keyword,10,1.4388802550788098,1.413186386543192,1.7856849758641342,0.025693868535617927
BAC,log_abs_return,3,85.0,target_sector_event_weighted,shifted_1_day_text,cross_ticker_same_day,target_event_keyword,15,1.5606765975476167,1.499832513896719,3.8985708984491447,0.06084408365089787
BX,log_abs_return,3,85.0,target_sector_event_weighted,shifted_1_day_text,cross_ticker_same_day,target_event_keyword,7,1.3752024240493863,1.3413062777235152,2.464811414894208,0.03389614632587128
C,log_abs_return,3,85.0,target_sector_event_weighted,shifted_1_day_text,cross_ticker_same_day,target_event_keyword,6,1.5634776182932566,1.5147324813753127,3.1177380697752293,0.04874513691794391
ABT,log_abs_return,3,90.0,target_sector_event_weighted,shifted_1_day_text,cross_ticker_same_day,target_event_keyword,10,1.7964011105373736,1.7393401282927363,3.1764054202553975,0.05706098224463681
AMD,log_abs_return,3,90.0,target_sector_event_weighted,shifted_1_day_text,cross_ticker_same_day,target_event_keyword,12,1.586581669731857,1.5398720006897832,2.944044415310061,0.046709669042073444
AMGN,log_abs_return,3,90.0,target_sector_event_weighted,shifted_1_day_text,cross_ticker_same_day,target_event_keyword,8,1.6890463232585187,1.651486413553346,2.2237347305378714,0.037559909705172534
AXP,log_abs_return,3,90.0,target_sector_event_weighted,shifted_1_day_text,cross_ticker_same_day,target_event_keyword,3,1.7855400963896404,1.7303353692001335,3.0917663121164707,0.055204727189507086
BAC,log_abs_return,3,90.0,target_sector_event_weighted,shifted_1_day_text,cross_ticker_same_day,target_event_keyword,8,1.7967386863707893,1.7688070927564739,1.554571837640681,0.02793159361431552
BX,log_abs_return,3,90.0,target_sector_event_weighted,shifted_1_day_text,cross_ticker_same_day,target_event_keyword,5,1.546478921868183,1.500201648659584,2.9924283192101284,0.04627727320859894
C,log_abs_return,3,90.0,target_sector_event_weighted,shifted_1_day_text,cross_ticker_same_day,target_event_keyword,3,1.833864733857567,1.7997234618012659,1.8617115769757169,0.03414127205630132
ABT,log_abs_return,3,95.0,target_sector_event_weighted,shifted_1_day_text,cross_ticker_same_day,target_event_keyword,4,2.1714381731391503,2.096932713185241,3.431157325847333,0.07450545995390967
AMD,log_abs_return,3,95.0,target_sector_event_weighted,shifted_1_day_text,cross_ticker_same_day,target_event_keyword,8,1.7242088604242807,1.6641965889061634,3.480568560780386,0.06001227151811733
AMGN,log_abs_return,3,95.0,target_sector_event_weighted,shifted_1_day_text,cross_ticker_same_day,target_event_keyword,2,2.0879177473907022,1.9008326109493627,8.960369089019059,0.18708513644133973
AXP,log_abs_return,3,95.0,target_sector_event_weighted,shifted_1_day_text,cross_ticker_same_day,target_event_keyword,2,1.8977190322700426,1.8121142658377265,4.51092943563495,0.08560476643231607
BAC,log_abs_return,3,95.0,target_sector_event_weighted,shifted_1_day_text,cross_ticker_same_day,target_event_keyword,3,2.008031200925527,1.945279869109604,3.125017768000809,0.06275133181592274
BX,log_abs_return,3,95.0,target_sector_event_weighted,shifted_1_day_text,cross_ticker_same_day,target_event_keyword,2,1.7395603916227456,1.7334355604504692,0.3520907467065757,0.006124831172276357
C,log_abs_return,3,95.0,target_sector_event_weighted,shifted_1_day_text,cross_ticker_same_day,target_event_keyword,1,2.1476471965192094,2.2727467370101775,-5.824957688288963,-0.12509954049096805
ABT,log_gk,1,80.0,target_sector_event_weighted,shifted_1_day_text,stale_20d,target_event_keyword,14,0.5620180193370048,0.5766384299302895,-2.6014131380577292,-0.014620410593284625
AMD,log_gk,1,80.0,target_sector_event_weighted,shifted_1_day_text,stale_20d,target_event_keyword,17,0.6041335454385347,0.5835510019417383,3.4069525938765373,0.020582543496796477
AMGN,log_gk,1,80.0,target_sector_event_weighted,shifted_1_day_text,stale_20d,target_event_keyword,13,0.5839499216471353,0.5938503335494641,-1.6954213940816938,-0.009900411902328949
AXP,log_gk,1,80.0,target_sector_event_weighted,shifted_1_day_text,stale_20d,target_event_keyword,10,0.6462206533101934,0.6409953207331494,0.8085988199661935,0.005225332577044206
BAC,log_gk,1,80.0,target_sector_event_weighted,shifted_1_day_text,stale_20d,target_event_keyword,9,0.7376931090287666,0.7364912129409725,0.16292629998624766,0.0012018960877940978
BX,log_gk,1,80.0,target_sector_event_weighted,shifted_1_day_text,stale_20d,target_event_keyword,10,0.39134399083647553,0.3976130284129844,-1.601925089767997,-0.004389723842675286
C,log_gk,1,80.0,target_sector_event_weighted,shifted_1_day_text,stale_20d,target_event_keyword,9,0.4886474269940243,0.4738583266692621,3.0265380533648187,0.014789100324762168
ABT,log_gk,1,85.0,target_sector_event_weighted,shifted_1_day_text,stale_20d,target_event_keyword,10,0.6326689371777252,0.6386138124184106,-0.9396502485494143,-0.005944875240685388
AMD,log_gk,1,85.0,target_sector_event_weighted,shifted_1_day_text,stale_20d,target_event_keyword,13,0.6368999701477859,0.6126507367187426,3.8073849215939677,0.024249233429043497
AMGN,log_gk,1,85.0,target_sector_event_weighted,shifted_1_day_text,stale_20d,target_event_keyword,11,0.5972261951454987,0.6081180371479267,-1.823738156658462,-0.01089184200242817
AXP,log_gk,1,85.0,target_sector_event_weighted,shifted_1_day_text,stale_20d,target_event_keyword,7,0.7790123383130497,0.7699415898282999,1.1643908624595811,0.009070748484749964
BAC,log_gk,1,85.0,target_sector_event_weighted,shifted_1_day_text,stale_20d,target_event_keyword,6,0.8629425569370781,0.8597375832207218,0.37140058635328144,0.0032049737163564926
BX,log_gk,1,85.0,target_sector_event_weighted,shifted_1_day_text,stale_20d,target_event_keyword,6,0.4191873896020832,0.42042765571840657,-0.29587390916046336,0.0018919234400659086
C,log_gk,1,85.0,target_sector_event_weighted,shifted_1_day_text,stale_20d,target_event_keyword,4,0.7403898281831056,0.7313300690875377,1.223647158659684,0.009059759095567887
ABT,log_gk,1,90.0,target_sector_event_weighted,shifted_1_day_text,stale_20d,target_event_keyword,6,0.8662846179200151,0.8673394490987806,-0.12176496695718478,-0.0010548311787652587
AMD,log_gk,1,90.0,target_sector_event_weighted,shifted_1_day_text,stale_20d,target_event_keyword,6,0.7986908933631663,0.7760314984530371,2.8370668926390246,0.0226593949101294
AMGN,log_gk,1,90.0,target_sector_event_weighted,shifted_1_day_text,stale_20d,target_event_keyword,5,0.7401301966556576,0.751853538928509,-1.5839567586654848,-0.011723342272851411
AXP,log_gk,1,90.0,target_sector_event_weighted,shifted_1_day_text,stale_20d,target_event_keyword,4,0.9149140832687737,0.905760604811219,1.0004741018797547,0.009153478457554654
BAC,log_gk,1,90.0,target_sector_event_weighted,shifted_1_day_text,stale_20d,target_event_keyword,5,0.8830063770763807,0.8849611399965944,-0.2213758553687765,-0.001954762920213504
BX,log_gk,1,90.0,target_sector_event_weighted,shifted_1_day_text,stale_20d,target_event_keyword,3,0.5959605528885588,0.5950655065509416,0.15018550024476796,0.0008950463376171669
C,log_gk,1,90.0,target_sector_event_weighted,shifted_1_day_text,stale_20d,target_event_keyword,1,0.9241820403033101,0.8742320672646873,5.404776425024401,0.04994997303862281
ABT,log_gk,1,95.0,target_sector_event_weighted,shifted_1_day_text,stale_20d,target_event_keyword,1,1.0232591473116193,1.0618478169298848,-3.771153155058377,-0.03858866961826557
AMD,log_gk,1,95.0,target_sector_event_weighted,shifted_1_day_text,stale_20d,target_event_keyword,5,0.8686390617130246,0.8438463306092767,2.854204029790543,0.02479273110374791
AMGN,log_gk,1,95.0,target_sector_event_weighted,shifted_1_day_text,stale_20d,target_event_keyword,2,0.8572607141579454,0.8664535888627354,-1.072354600294478,-0.009192874704790022
AXP,log_gk,1,95.0,target_sector_event_weighted,shifted_1_day_text,stale_20d,target_event_keyword,2,1.0188047690991309,1.0048434975249538,1.3703578936445466,0.013961271574177037
BAC,log_gk,1,95.0,target_sector_event_weighted,shifted_1_day_text,stale_20d,target_event_keyword,2,1.1390909327769498,1.1510649502423465,-1.0511906574662637,-0.011974017465396614
ABT,log_gk,3,80.0,target_sector_event_weighted,shifted_1_day_text,stale_20d,target_event_keyword,15,0.5812035140558642,0.5863336562390622,-0.8826756994977255,-0.00513014218319808
AMD,log_gk,3,80.0,target_sector_event_weighted,shifted_1_day_text,stale_20d,target_event_keyword,20,0.6130731960405776,0.6084725718531796,0.7504200505111523,0.004600624187398039
AMGN,log_gk,3,80.0,target_sector_event_weighted,shifted_1_day_text,stale_20d,target_event_keyword,9,0.6176728055449523,0.6453360670909395,-4.478627081789818,-0.02766326154598718
AXP,log_gk,3,80.0,target_sector_event_weighted,shifted_1_day_text,stale_20d,target_event_keyword,8,0.863204083330072,0.8586647012323746,0.5258758832772658,0.004539382097697442
BAC,log_gk,3,80.0,target_sector_event_weighted,shifted_1_day_text,stale_20d,target_event_keyword,7,0.7105616199097647,0.7186982450738675,-1.1450977559322755,-0.00813662516410282
BX,log_gk,3,80.0,target_sector_event_weighted,shifted_1_day_text,stale_20d,target_event_keyword,12,0.5326304104925836,0.5121049477349829,3.8536032403066285,0.02335059691602322
C,log_gk,3,80.0,target_sector_event_weighted,shifted_1_day_text,stale_20d,target_event_keyword,8,0.6449256551447198,0.6466740241183628,-0.2710962046083785,-0.0017483689736429442
ABT,log_gk,3,85.0,target_sector_event_weighted,shifted_1_day_text,stale_20d,target_event_keyword,9,0.7043317084518211,0.7091208051403861,-0.6799490397914646,-0.004789096688564914
AMD,log_gk,3,85.0,target_sector_event_weighted,shifted_1_day_text,stale_20d,target_event_keyword,14,0.6674724687930441,0.6657808860616168,0.25343108675120846,0.0016915827314273799
AMGN,log_gk,3,85.0,target_sector_event_weighted,shifted_1_day_text,stale_20d,target_event_keyword,8,0.6448734654610025,0.6709693932915208,-4.046674150542543,-0.026095927830518284
AXP,log_gk,3,85.0,target_sector_event_weighted,shifted_1_day_text,stale_20d,target_event_keyword,6,0.9457261966618753,0.9446044818050021,0.11860883846006279,0.0011217148568731794
BAC,log_gk,3,85.0,target_sector_event_weighted,shifted_1_day_text,stale_20d,target_event_keyword,5,0.8117910153010023,0.803965809612379,0.9639433722633447,0.00782520568862335
BX,log_gk,3,85.0,target_sector_event_weighted,shifted_1_day_text,stale_20d,target_event_keyword,9,0.6131236700806618,0.5843924614678377,4.686038072717733,0.028731208612824164
C,log_gk,3,85.0,target_sector_event_weighted,shifted_1_day_text,stale_20d,target_event_keyword,4,0.7807717070891225,0.7705809209757959,1.305219697486212,0.010190786113326578
ABT,log_gk,3,90.0,target_sector_event_weighted,shifted_1_day_text,stale_20d,target_event_keyword,4,0.9270294448927492,0.9397784422464299,-1.3752526873788464,-0.012748997353680736
AMD,log_gk,3,90.0,target_sector_event_weighted,shifted_1_day_text,stale_20d,target_event_keyword,6,0.8872633855122469,0.880823769824593,0.7257839997461563,0.006439615687653906
AMGN,log_gk,3,90.0,target_sector_event_weighted,shifted_1_day_text,stale_20d,target_event_keyword,1,0.6283190808500185,0.6598280878796094,-5.014809829897908,-0.03150900702959092
AXP,log_gk,3,90.0,target_sector_event_weighted,shifted_1_day_text,stale_20d,target_event_keyword,4,1.1005966607601765,1.0965318064899716,0.3693318738035504,0.004064854270204865
BAC,log_gk,3,90.0,target_sector_event_weighted,shifted_1_day_text,stale_20d,target_event_keyword,3,1.0933454778914515,1.1026129653050438,-0.8476266286357089,-0.009267487413592216
BX,log_gk,3,90.0,target_sector_event_weighted,shifted_1_day_text,stale_20d,target_event_keyword,6,0.6321752616522828,0.6062221035042555,4.105373892707355,0.02595315814802716
C,log_gk,3,90.0,target_sector_event_weighted,shifted_1_day_text,stale_20d,target_event_keyword,3,0.8318629655790103,0.800727922193358,3.742809173381227,0.031135043385652317
ABT,log_gk,3,95.0,target_sector_event_weighted,shifted_1_day_text,stale_20d,target_event_keyword,1,1.0276705618993436,1.0563063989471573,-2.786480231066351,-0.028635837047813695
AMD,log_gk,3,95.0,target_sector_event_weighted,shifted_1_day_text,stale_20d,target_event_keyword,5,0.9456344229299953,0.9335145505545551,1.2816657348288427,0.012119872375440276
AXP,log_gk,3,95.0,target_sector_event_weighted,shifted_1_day_text,stale_20d,target_event_keyword,3,1.087494897991131,1.075264071273468,1.1246789975986355,0.012230826717662957
BAC,log_gk,3,95.0,target_sector_event_weighted,shifted_1_day_text,stale_20d,target_event_keyword,2,1.2828557361827784,1.248061398647983,2.7122564567024723,0.03479433753479544
BX,log_gk,3,95.0,target_sector_event_weighted,shifted_1_day_text,stale_20d,target_event_keyword,2,0.7731724747526869,0.7360317451522038,4.803679749769056,0.03714072960048309
C,log_gk,3,95.0,target_sector_event_weighted,shifted_1_day_text,stale_20d,target_event_keyword,1,0.703203212709496,0.6680113218996611,5.004512233986804,0.03519189080983498
ABT,log_abs_return,1,80.0,target_sector_event_weighted,shifted_1_day_text,stale_20d,target_event_keyword,15,2.1286364484420703,2.17733236309225,-2.2876576545431053,-0.048695914650179764
AMD,log_abs_return,1,80.0,target_sector_event_weighted,shifted_1_day_text,stale_20d,target_event_keyword,23,2.307253961053972,2.107708189156305,8.64862625727222,0.19954577189766698
AMGN,log_abs_return,1,80.0,target_sector_event_weighted,shifted_1_day_text,stale_20d,target_event_keyword,19,2.011413646066492,2.135048749484748,-6.146677172049416,-0.12363510341825644
AXP,log_abs_return,1,80.0,target_sector_event_weighted,shifted_1_day_text,stale_20d,target_event_keyword,10,1.7821010496831318,1.718497087218442,3.569043544191782,0.06360396246468962
BAC,log_abs_return,1,80.0,target_sector_event_weighted,shifted_1_day_text,stale_20d,target_event_keyword,20,2.100610763211964,2.265861748900179,-7.866806577508722,-0.1652509856882143
BX,log_abs_return,1,80.0,target_sector_event_weighted,shifted_1_day_text,stale_20d,target_event_keyword,15,1.9234859842492633,2.038545860707985,-5.981841167593925,-0.08240229364690434
C,log_abs_return,1,80.0,target_sector_event_weighted,shifted_1_day_text,stale_20d,target_event_keyword,10,1.6156311430140455,1.5915694517229317,1.4893059839280787,0.02406169129111375
ABT,log_abs_return,1,85.0,target_sector_event_weighted,shifted_1_day_text,stale_20d,target_event_keyword,9,2.1113127479317466,2.051274457769717,2.8436474047174385,0.060038290162029155
AMD,log_abs_return,1,85.0,target_sector_event_weighted,shifted_1_day_text,stale_20d,target_event_keyword,15,2.484229061984355,2.222858998364879,10.521174058349448,0.2613700636194756
AMGN,log_abs_return,1,85.0,target_sector_event_weighted,shifted_1_day_text,stale_20d,target_event_keyword,16,2.2078219901307676,2.3440964040731194,-6.172346074616293,-0.1362744139423518
AXP,log_abs_return,1,85.0,target_sector_event_weighted,shifted_1_day_text,stale_20d,target_event_keyword,6,1.81726961331852,1.932992194875169,-6.367936860250895,-0.11572258155664894
BAC,log_abs_return,1,85.0,target_sector_event_weighted,shifted_1_day_text,stale_20d,target_event_keyword,12,2.1518630441143594,2.189363295953982,-1.7426876650998264,-0.037500251839622245
BX,log_abs_return,1,85.0,target_sector_event_weighted,shifted_1_day_text,stale_20d,target_event_keyword,9,2.137433607039107,2.1672004776027105,-1.392645388636802,-0.029766870563603928
C,log_abs_return,1,85.0,target_sector_event_weighted,shifted_1_day_text,stale_20d,target_event_keyword,7,1.550942236156938,1.6315649152351586,-5.198303147510801,-0.08062267907822036
ABT,log_abs_return,1,90.0,target_sector_event_weighted,shifted_1_day_text,stale_20d,target_event_keyword,6,2.4480962642437913,2.3943324445492795,2.1961481041318156,0.05376381969451197
AMD,log_abs_return,1,90.0,target_sector_event_weighted,shifted_1_day_text,stale_20d,target_event_keyword,12,2.5726500221830615,2.2312560271480852,13.27012971415681,0.34139399503497625
AMGN,log_abs_return,1,90.0,target_sector_event_weighted,shifted_1_day_text,stale_20d,target_event_keyword,9,2.3357238502496087,2.348414884143804,-0.5433447919298765,-0.012691033894195137
AXP,log_abs_return,1,90.0,target_sector_event_weighted,shifted_1_day_text,stale_20d,target_event_keyword,6,1.81726961331852,1.932992194875169,-6.367936860250895,-0.11572258155664894
BAC,log_abs_return,1,90.0,target_sector_event_weighted,shifted_1_day_text,stale_20d,target_event_keyword,7,2.2167686684763956,2.5692432127918146,-15.900375592987686,-0.3524745443154188
BX,log_abs_return,1,90.0,target_sector_event_weighted,shifted_1_day_text,stale_20d,target_event_keyword,5,2.201106277316613,2.180386094934203,0.9413531093859793,0.020720182382409823
C,log_abs_return,1,90.0,target_sector_event_weighted,shifted_1_day_text,stale_20d,target_event_keyword,5,1.695038468780017,1.8008145527900006,-6.240335305552949,-0.1057760840099835
ABT,log_abs_return,1,95.0,target_sector_event_weighted,shifted_1_day_text,stale_20d,target_event_keyword,3,2.345691316634381,2.2897946277015553,2.3829516073336836,0.055896688932825477
AMD,log_abs_return,1,95.0,target_sector_event_weighted,shifted_1_day_text,stale_20d,target_event_keyword,7,2.90282232098065,2.5546547087273055,11.994106898548457,0.3481676122533449
AMGN,log_abs_return,1,95.0,target_sector_event_weighted,shifted_1_day_text,stale_20d,target_event_keyword,2,2.9458166120306295,3.0557226685367533,-3.730919842642977,-0.10990605650612384
AXP,log_abs_return,1,95.0,target_sector_event_weighted,shifted_1_day_text,stale_20d,target_event_keyword,2,1.9015547102869845,2.182654620447008,-14.78263594727703,-0.28109991016002356
BAC,log_abs_return,1,95.0,target_sector_event_weighted,shifted_1_day_text,stale_20d,target_event_keyword,3,3.0936636881111994,3.597702308768824,-16.29261197959625,-0.5040386206576247
BX,log_abs_return,1,95.0,target_sector_event_weighted,shifted_1_day_text,stale_20d,target_event_keyword,2,2.413591038692463,2.259823596109622,6.370898802563614,0.1537674425828408
C,log_abs_return,1,95.0,target_sector_event_weighted,shifted_1_day_text,stale_20d,target_event_keyword,1,0.3871329009508724,0.9086351544281346,-134.70884344790974,-0.5215022534772622
ABT,log_abs_return,3,80.0,target_sector_event_weighted,shifted_1_day_text,stale_20d,target_event_keyword,24,1.4698385170987622,1.4737722568812075,-0.2676307456012155,-0.003933739782445415
AMD,log_abs_return,3,80.0,target_sector_event_weighted,shifted_1_day_text,stale_20d,target_event_keyword,27,1.2925204788157958,1.314183672954616,-1.6760426232215588,-0.021663194138820292
AMGN,log_abs_return,3,80.0,target_sector_event_weighted,shifted_1_day_text,stale_20d,target_event_keyword,16,1.3851414301779144,1.377501818726388,0.5515401738106254,0.007639611451526251
AXP,log_abs_return,3,80.0,target_sector_event_weighted,shifted_1_day_text,stale_20d,target_event_keyword,13,1.3926869650933786,1.3980990202893684,-0.3886052883123579,-0.0054120551959899905
BAC,log_abs_return,3,80.0,target_sector_event_weighted,shifted_1_day_text,stale_20d,target_event_keyword,17,1.4765056092179683,1.4752936151869187,0.08208529811759259,0.0012119940310496764
BX,log_abs_return,3,80.0,target_sector_event_weighted,shifted_1_day_text,stale_20d,target_event_keyword,15,1.145745548102449,1.181462642884375,-3.11736710136729,-0.03571709478192598
C,log_abs_return,3,80.0,target_sector_event_weighted,shifted_1_day_text,stale_20d,target_event_keyword,10,1.4326429018771083,1.3915565681916922,2.867869839133194,0.04108633368541601
ABT,log_abs_return,3,85.0,target_sector_event_weighted,shifted_1_day_text,stale_20d,target_event_keyword,18,1.6165463063562908,1.6246569691015307,-0.5017278325618376,-0.00811066274523996
AMD,log_abs_return,3,85.0,target_sector_event_weighted,shifted_1_day_text,stale_20d,target_event_keyword,19,1.4162332824732167,1.4220251245860387,-0.40896102248829574,-0.005791842112822021
AMGN,log_abs_return,3,85.0,target_sector_event_weighted,shifted_1_day_text,stale_20d,target_event_keyword,10,1.565996213071277,1.5328537996595617,2.11637889894481,0.0331424134117154
AXP,log_abs_return,3,85.0,target_sector_event_weighted,shifted_1_day_text,stale_20d,target_event_keyword,10,1.4388802550788098,1.4476190880937418,-0.6073356684190108,-0.008738833014932145
BAC,log_abs_return,3,85.0,target_sector_event_weighted,shifted_1_day_text,stale_20d,target_event_keyword,15,1.5606765975476167,1.55892360294233,0.11232273284813503,0.0017529946052867729
BX,log_abs_return,3,85.0,target_sector_event_weighted,shifted_1_day_text,stale_20d,target_event_keyword,7,1.3752024240493863,1.424379822874517,-3.576011644912914,-0.04917739882513069
C,log_abs_return,3,85.0,target_sector_event_weighted,shifted_1_day_text,stale_20d,target_event_keyword,6,1.5634776182932566,1.533649829857085,1.9077848053068072,0.029827788436171582
ABT,log_abs_return,3,90.0,target_sector_event_weighted,shifted_1_day_text,stale_20d,target_event_keyword,10,1.7964011105373736,1.825621395251331,-1.6266013499188052,-0.029220284713957146
AMD,log_abs_return,3,90.0,target_sector_event_weighted,shifted_1_day_text,stale_20d,target_event_keyword,12,1.586581669731857,1.5862849296101171,0.01870311042923621,0.000296740121739895
AMGN,log_abs_return,3,90.0,target_sector_event_weighted,shifted_1_day_text,stale_20d,target_event_keyword,8,1.6890463232585187,1.649525358522595,2.3398390080669604,0.03952096473592359
AXP,log_abs_return,3,90.0,target_sector_event_weighted,shifted_1_day_text,stale_20d,target_event_keyword,3,1.7855400963896404,1.8016086114418908,-0.8999246269933054,-0.016068515052250376
BAC,log_abs_return,3,90.0,target_sector_event_weighted,shifted_1_day_text,stale_20d,target_event_keyword,8,1.7967386863707893,1.8159985136883054,-1.0719325778207003,-0.019259827317516187
BX,log_abs_return,3,90.0,target_sector_event_weighted,shifted_1_day_text,stale_20d,target_event_keyword,5,1.546478921868183,1.578594631269283,-2.0766988121831913,-0.03211570940109994
C,log_abs_return,3,90.0,target_sector_event_weighted,shifted_1_day_text,stale_20d,target_event_keyword,3,1.833864733857567,1.8615207905423083,-1.508075059961824,-0.0276560566847411
ABT,log_abs_return,3,95.0,target_sector_event_weighted,shifted_1_day_text,stale_20d,target_event_keyword,4,2.1714381731391503,2.215772757979949,-2.041715273739802,-0.04433458484079833
AMD,log_abs_return,3,95.0,target_sector_event_weighted,shifted_1_day_text,stale_20d,target_event_keyword,8,1.7242088604242807,1.7378764986327204,-0.7926904055623815,-0.013667638208439803
AMGN,log_abs_return,3,95.0,target_sector_event_weighted,shifted_1_day_text,stale_20d,target_event_keyword,2,2.0879177473907022,2.0531601393247145,1.664701979253002,0.034757608065988155
AXP,log_abs_return,3,95.0,target_sector_event_weighted,shifted_1_day_text,stale_20d,target_event_keyword,2,1.8977190322700426,1.9971097055659595,-5.237375586470576,-0.09939067329591689
BAC,log_abs_return,3,95.0,target_sector_event_weighted,shifted_1_day_text,stale_20d,target_event_keyword,3,2.008031200925527,2.050624666636809,-2.1211555722665176,-0.042593465711282086
BX,log_abs_return,3,95.0,target_sector_event_weighted,shifted_1_day_text,stale_20d,target_event_keyword,2,1.7395603916227456,1.683588541886507,3.217585891572597,0.05597184973623848
C,log_abs_return,3,95.0,target_sector_event_weighted,shifted_1_day_text,stale_20d,target_event_keyword,1,2.1476471965192094,2.1780450290393527,-1.4154015878124881,-0.030397832520143275
ABT,log_gk,1,80.0,target_sector_event_weighted,same_day_text,correct_text,target_event_keyword,14,0.5620180193370048,0.547952617867917,2.502660232438857,0.014065401469087873
AMD,log_gk,1,80.0,target_sector_event_weighted,same_day_text,correct_text,target_event_keyword,17,0.6041335454385347,0.5902446658477603,2.298975068615441,0.013888879590774587
AMGN,log_gk,1,80.0,target_sector_event_weighted,same_day_text,correct_text,target_event_keyword,13,0.5839499216471353,0.5740775052570617,1.690627230880812,0.00987241639007367
AXP,log_gk,1,80.0,target_sector_event_weighted,same_day_text,correct_text,target_event_keyword,10,0.6462206533101934,0.6100805788307957,5.5925285418028965,0.03614007447939782
BAC,log_gk,1,80.0,target_sector_event_weighted,same_day_text,correct_text,target_event_keyword,9,0.7376931090287666,0.7239999637895884,1.8562116239917628,0.01369314523917817
BX,log_gk,1,80.0,target_sector_event_weighted,same_day_text,correct_text,target_event_keyword,10,0.39134399083647553,0.4006474430915972,-2.3773080647632003,-0.012407110011115163
C,log_gk,1,80.0,target_sector_event_weighted,same_day_text,correct_text,target_event_keyword,9,0.4886474269940243,0.4558371890154024,6.71450132879205,0.0328102379786219
ABT,log_gk,1,85.0,target_sector_event_weighted,same_day_text,correct_text,target_event_keyword,10,0.6326689371777252,0.6220060035994344,1.6853891429943055,0.01066293357829089
AMD,log_gk,1,85.0,target_sector_event_weighted,same_day_text,correct_text,target_event_keyword,13,0.6368999701477859,0.6250047557063805,1.867673888985305,0.01189521444140551
AMGN,log_gk,1,85.0,target_sector_event_weighted,same_day_text,correct_text,target_event_keyword,11,0.5972261951454987,0.5883523372515749,1.4858453909179123,0.008873857893923687
AXP,log_gk,1,85.0,target_sector_event_weighted,same_day_text,correct_text,target_event_keyword,7,0.7790123383130497,0.7398844091623317,5.022761158757708,0.03912792915071809
BAC,log_gk,1,85.0,target_sector_event_weighted,same_day_text,correct_text,target_event_keyword,6,0.8629425569370781,0.8395755736481155,2.7078260425469316,0.023366983288962768
BX,log_gk,1,85.0,target_sector_event_weighted,same_day_text,correct_text,target_event_keyword,6,0.4191873896020832,0.4290890279172683,-2.362103097754037,-0.015074401241840821
C,log_gk,1,85.0,target_sector_event_weighted,same_day_text,correct_text,target_event_keyword,4,0.7403898281831056,0.6937972820886495,6.292974906042777,0.04659254609445607
ABT,log_gk,1,90.0,target_sector_event_weighted,same_day_text,correct_text,target_event_keyword,6,0.8662846179200151,0.8509103419748261,1.774737266154315,0.015374275945189217
AMD,log_gk,1,90.0,target_sector_event_weighted,same_day_text,correct_text,target_event_keyword,6,0.7986908933631663,0.7848135480300051,1.7375114012788861,0.01387734533316117
AMGN,log_gk,1,90.0,target_sector_event_weighted,same_day_text,correct_text,target_event_keyword,5,0.7401301966556576,0.7114400890112823,3.8763595613331323,0.028690107644375296
AXP,log_gk,1,90.0,target_sector_event_weighted,same_day_text,correct_text,target_event_keyword,4,0.9149140832687737,0.8729407620949774,4.587678989904212,0.04197332117379626
BAC,log_gk,1,90.0,target_sector_event_weighted,same_day_text,correct_text,target_event_keyword,5,0.8830063770763807,0.8623499152103047,2.3393332599102235,0.02065646186607619
BX,log_gk,1,90.0,target_sector_event_weighted,same_day_text,correct_text,target_event_keyword,3,0.5959605528885588,0.6088386187300702,-2.1608923240125146,-0.012878065841511374
C,log_gk,1,90.0,target_sector_event_weighted,same_day_text,correct_text,target_event_keyword,1,0.9241820403033101,0.8799575987854933,4.785252211058185,0.04422444151781679
ABT,log_gk,1,95.0,target_sector_event_weighted,same_day_text,correct_text,target_event_keyword,1,1.0232591473116193,0.9857438261652458,3.666258077920577,0.03751532114637346
AMD,log_gk,1,95.0,target_sector_event_weighted,same_day_text,correct_text,target_event_keyword,5,0.8686390617130246,0.8521942708482448,1.8931673222649426,0.016444790864779613
AMGN,log_gk,1,95.0,target_sector_event_weighted,same_day_text,correct_text,target_event_keyword,2,0.8572607141579454,0.8240724335975989,3.8714337438110755,0.033188280560346506
AXP,log_gk,1,95.0,target_sector_event_weighted,same_day_text,correct_text,target_event_keyword,2,1.0188047690991309,0.9791278208346101,3.8944603979037833,0.03967694826452073
BAC,log_gk,1,95.0,target_sector_event_weighted,same_day_text,correct_text,target_event_keyword,2,1.1390909327769498,1.1234085830487266,1.3767425652306609,0.015682349728223244
ABT,log_gk,3,80.0,target_sector_event_weighted,same_day_text,correct_text,target_event_keyword,15,0.5812035140558642,0.5930860517552979,-2.044471069438781,-0.011882537699433609
AMD,log_gk,3,80.0,target_sector_event_weighted,same_day_text,correct_text,target_event_keyword,20,0.6130731960405776,0.6146563519063212,-0.2582327650218703,-0.0015831558657436017
AMGN,log_gk,3,80.0,target_sector_event_weighted,same_day_text,correct_text,target_event_keyword,9,0.6176728055449523,0.6131198738169608,0.7371106008098636,0.004552931727991588
AXP,log_gk,3,80.0,target_sector_event_weighted,same_day_text,correct_text,target_event_keyword,8,0.863204083330072,0.8388041671747222,2.826668296241113,0.024399916155349866
BAC,log_gk,3,80.0,target_sector_event_weighted,same_day_text,correct_text,target_event_keyword,7,0.7105616199097647,0.684157467813224,3.7159552889858998,0.026404152096540758
BX,log_gk,3,80.0,target_sector_event_weighted,same_day_text,correct_text,target_event_keyword,12,0.5326304104925836,0.5468845490572692,-2.6761781310051727,-0.01573245455889616
C,log_gk,3,80.0,target_sector_event_weighted,same_day_text,correct_text,target_event_keyword,8,0.6449256551447198,0.6325491414404267,1.9190605313283413,0.012376513704293157
ABT,log_gk,3,85.0,target_sector_event_weighted,same_day_text,correct_text,target_event_keyword,9,0.7043317084518211,0.7176971301691968,-1.8976032964288858,-0.013365421717375585
AMD,log_gk,3,85.0,target_sector_event_weighted,same_day_text,correct_text,target_event_keyword,14,0.6674724687930441,0.6697572526415835,-0.34230383354549715,-0.0022847838485396477
AMGN,log_gk,3,85.0,target_sector_event_weighted,same_day_text,correct_text,target_event_keyword,8,0.6448734654610025,0.6408477726124894,0.6242608921170784,0.004025692848513174
AXP,log_gk,3,85.0,target_sector_event_weighted,same_day_text,correct_text,target_event_keyword,6,0.9457261966618753,0.9247007403257402,2.223207563705912,0.021025456336135246
BAC,log_gk,3,85.0,target_sector_event_weighted,same_day_text,correct_text,target_event_keyword,5,0.8117910153010023,0.7831115976811647,3.5328572353321293,0.028679417619837545
BX,log_gk,3,85.0,target_sector_event_weighted,same_day_text,correct_text,target_event_keyword,9,0.6131236700806618,0.6348751300182796,-3.547646420950628,-0.021751459937617845
C,log_gk,3,85.0,target_sector_event_weighted,same_day_text,correct_text,target_event_keyword,4,0.7807717070891225,0.7363424495621522,5.690428728854899,0.044429257526970245
ABT,log_gk,3,90.0,target_sector_event_weighted,same_day_text,correct_text,target_event_keyword,4,0.9270294448927492,0.9351051498419016,-0.8711379119232553,-0.00807570494915244
AMD,log_gk,3,90.0,target_sector_event_weighted,same_day_text,correct_text,target_event_keyword,6,0.8872633855122469,0.8786210170244125,0.9740476874118801,0.008642368487834432
AMGN,log_gk,3,90.0,target_sector_event_weighted,same_day_text,correct_text,target_event_keyword,1,0.6283190808500185,0.6165224532853353,1.8774899448739064,0.011796627564683249
AXP,log_gk,3,90.0,target_sector_event_weighted,same_day_text,correct_text,target_event_keyword,4,1.1005966607601765,1.0764911817738516,2.1902191643644766,0.02410547898632487
BAC,log_gk,3,90.0,target_sector_event_weighted,same_day_text,correct_text,target_event_keyword,3,1.0933454778914515,1.0773708063457914,1.4610817777805916,0.015974671545660197
BX,log_gk,3,90.0,target_sector_event_weighted,same_day_text,correct_text,target_event_keyword,6,0.6321752616522828,0.6415906687555816,-1.4893665846224753,-0.009415407103298875
C,log_gk,3,90.0,target_sector_event_weighted,same_day_text,correct_text,target_event_keyword,3,0.8318629655790103,0.7766544904684712,6.6367271287418985,0.05520847511053913
ABT,log_gk,3,95.0,target_sector_event_weighted,same_day_text,correct_text,target_event_keyword,1,1.0276705618993436,1.061536870281648,-3.295444049668262,-0.03386630838230431
AMD,log_gk,3,95.0,target_sector_event_weighted,same_day_text,correct_text,target_event_keyword,5,0.9456344229299953,0.940844138405096,0.5065683321951152,0.0047902845248992245
AXP,log_gk,3,95.0,target_sector_event_weighted,same_day_text,correct_text,target_event_keyword,3,1.087494897991131,1.0474225882557358,3.6848273779875726,0.040072309735395294
BAC,log_gk,3,95.0,target_sector_event_weighted,same_day_text,correct_text,target_event_keyword,2,1.2828557361827784,1.2723993538355352,0.8150863773939908,0.01045638234724322
BX,log_gk,3,95.0,target_sector_event_weighted,same_day_text,correct_text,target_event_keyword,2,0.7731724747526869,0.8223280903485175,-6.3576520376716585,-0.04915561559583059
C,log_gk,3,95.0,target_sector_event_weighted,same_day_text,correct_text,target_event_keyword,1,0.703203212709496,0.6499642395208061,7.5709229176522275,0.053238973188689975
ABT,log_abs_return,1,80.0,target_sector_event_weighted,same_day_text,correct_text,target_event_keyword,15,2.1286364484420703,1.5738415039866662,26.063395882441714,0.554794944455404
AMD,log_abs_return,1,80.0,target_sector_event_weighted,same_day_text,correct_text,target_event_keyword,23,2.307253961053972,1.931733979862122,16.275624076523833,0.37551998119185015
AMGN,log_abs_return,1,80.0,target_sector_event_weighted,same_day_text,correct_text,target_event_keyword,19,2.011413646066492,1.8428465204728435,8.380530077604739,0.1685671255936479
AXP,log_abs_return,1,80.0,target_sector_event_weighted,same_day_text,correct_text,target_event_keyword,10,1.7821010496831318,1.88632543134228,-5.848399094859401,-0.10422438165914868
BAC,log_abs_return,1,80.0,target_sector_event_weighted,same_day_text,correct_text,target_event_keyword,20,2.100610763211964,1.748567835787135,16.75907472198864,0.35204292742482907
BX,log_abs_return,1,80.0,target_sector_event_weighted,same_day_text,correct_text,target_event_keyword,15,1.9234859842492633,1.816150418501906,5.580262431142717,0.11188031948097302
C,log_abs_return,1,80.0,target_sector_event_weighted,same_day_text,correct_text,target_event_keyword,10,1.6156311430140455,1.1400429686653832,29.436680297052664,0.5015754602981157
ABT,log_abs_return,1,85.0,target_sector_event_weighted,same_day_text,correct_text,target_event_keyword,9,2.1113127479317466,1.6506508706278669,21.818741811469977,0.4606618773038798
AMD,log_abs_return,1,85.0,target_sector_event_weighted,same_day_text,correct_text,target_event_keyword,15,2.484229061984355,2.1215503561280653,14.599245754197435,0.36267870585628953
AMGN,log_abs_return,1,85.0,target_sector_event_weighted,same_day_text,correct_text,target_event_keyword,16,2.2078219901307676,2.030086170800114,8.050278515439851,0.17773581933065363
AXP,log_abs_return,1,85.0,target_sector_event_weighted,same_day_text,correct_text,target_event_keyword,6,1.81726961331852,1.9831661666541074,-9.128890513534936,-0.16589655333558748
BAC,log_abs_return,1,85.0,target_sector_event_weighted,same_day_text,correct_text,target_event_keyword,12,2.1518630441143594,1.655445656155204,23.069190640032833,0.4964173879591558
BX,log_abs_return,1,85.0,target_sector_event_weighted,same_day_text,correct_text,target_event_keyword,9,2.137433607039107,1.9141185319457428,10.447813413147971,0.2233150750933639
C,log_abs_return,1,85.0,target_sector_event_weighted,same_day_text,correct_text,target_event_keyword,7,1.550942236156938,1.1538845954350248,25.601059244203565,0.43418233493541863
ABT,log_abs_return,1,90.0,target_sector_event_weighted,same_day_text,correct_text,target_event_keyword,6,2.4480962642437913,1.8440971170760345,24.672197576116563,0.6039991471677566
AMD,log_abs_return,1,90.0,target_sector_event_weighted,same_day_text,correct_text,target_event_keyword,12,2.5726500221830615,2.215791533474537,13.871241157229267,0.3568584887085249
AMGN,log_abs_return,1,90.0,target_sector_event_weighted,same_day_text,correct_text,target_event_keyword,9,2.3357238502496087,2.0617514874398286,11.72965557467343,0.2739723628097802
AXP,log_abs_return,1,90.0,target_sector_event_weighted,same_day_text,correct_text,target_event_keyword,6,1.81726961331852,1.9831661666541074,-9.128890513534936,-0.16589655333558748
BAC,log_abs_return,1,90.0,target_sector_event_weighted,same_day_text,correct_text,target_event_keyword,7,2.2167686684763956,1.8162127889382205,18.06935857738736,0.4005558795381751
BX,log_abs_return,1,90.0,target_sector_event_weighted,same_day_text,correct_text,target_event_keyword,5,2.201106277316613,1.992127239170229,9.494272961737774,0.20897903814638444
C,log_abs_return,1,90.0,target_sector_event_weighted,same_day_text,correct_text,target_event_keyword,5,1.695038468780017,1.1555236526553156,31.82906028752318,0.5784409449226221
ABT,log_abs_return,1,95.0,target_sector_event_weighted,same_day_text,correct_text,target_event_keyword,3,2.345691316634381,1.484141094352139,36.72905365563624,0.8615502222822418
AMD,log_abs_return,1,95.0,target_sector_event_weighted,same_day_text,correct_text,target_event_keyword,7,2.90282232098065,2.5507615727928235,12.128222442112516,0.35206074818782707
AMGN,log_abs_return,1,95.0,target_sector_event_weighted,same_day_text,correct_text,target_event_keyword,2,2.9458166120306295,2.7237648594748984,7.537867484651901,0.22205175255573106
AXP,log_abs_return,1,95.0,target_sector_event_weighted,same_day_text,correct_text,target_event_keyword,2,1.9015547102869845,1.7412399821119011,8.430718680236582,0.1603147281750834
BAC,log_abs_return,1,95.0,target_sector_event_weighted,same_day_text,correct_text,target_event_keyword,3,3.0936636881111994,2.6010567338785155,15.923093260775198,0.4926069542326837
BX,log_abs_return,1,95.0,target_sector_event_weighted,same_day_text,correct_text,target_event_keyword,2,2.413591038692463,2.005799412469745,16.89563889181634,0.4077916262227177
C,log_abs_return,1,95.0,target_sector_event_weighted,same_day_text,correct_text,target_event_keyword,1,0.3871329009508724,0.19463064398960261,49.72510899705177,0.3871329009508724
ABT,log_abs_return,3,80.0,target_sector_event_weighted,same_day_text,correct_text,target_event_keyword,24,1.4698385170987622,1.427337290752255,2.891557531802757,0.04250122634650707
AMD,log_abs_return,3,80.0,target_sector_event_weighted,same_day_text,correct_text,target_event_keyword,27,1.2925204788157958,1.2073778818242278,6.587330598396046,0.08514259699156794
AMGN,log_abs_return,3,80.0,target_sector_event_weighted,same_day_text,correct_text,target_event_keyword,16,1.3851414301779144,1.2734975898502623,8.060104036691182,0.11164384032765201
AXP,log_abs_return,3,80.0,target_sector_event_weighted,same_day_text,correct_text,target_event_keyword,13,1.3926869650933786,1.3338949090748096,4.221483900700335,0.05879205601856919
BAC,log_abs_return,3,80.0,target_sector_event_weighted,same_day_text,correct_text,target_event_keyword,17,1.4765056092179683,1.3965679304354892,5.413977318028481,0.07993767878247937
BX,log_abs_return,3,80.0,target_sector_event_weighted,same_day_text,correct_text,target_event_keyword,15,1.145745548102449,1.0718070367909458,6.453309937268187,0.07393851131150336
C,log_abs_return,3,80.0,target_sector_event_weighted,same_day_text,correct_text,target_event_keyword,10,1.4326429018771083,1.3222015453175193,7.708924283565997,0.1104413565595889
ABT,log_abs_return,3,85.0,target_sector_event_weighted,same_day_text,correct_text,target_event_keyword,18,1.6165463063562908,1.5784563446620676,2.356255527259116,0.03808996169422333
AMD,log_abs_return,3,85.0,target_sector_event_weighted,same_day_text,correct_text,target_event_keyword,19,1.4162332824732167,1.3249780564699216,6.443516554273667,0.09125522600329508
AMGN,log_abs_return,3,85.0,target_sector_event_weighted,same_day_text,correct_text,target_event_keyword,10,1.565996213071277,1.4243148102377154,9.047365609888155,0.14168140283356143
AXP,log_abs_return,3,85.0,target_sector_event_weighted,same_day_text,correct_text,target_event_keyword,10,1.4388802550788098,1.380151655578081,4.0815487802709525,0.0587285995007286
BAC,log_abs_return,3,85.0,target_sector_event_weighted,same_day_text,correct_text,target_event_keyword,15,1.5606765975476167,1.483399431848244,4.951516913933538,0.07727716569937233
BX,log_abs_return,3,85.0,target_sector_event_weighted,same_day_text,correct_text,target_event_keyword,7,1.3752024240493863,1.2963158431922757,5.736361387789239,0.07888658085711064
C,log_abs_return,3,85.0,target_sector_event_weighted,same_day_text,correct_text,target_event_keyword,6,1.5634776182932566,1.3918525040884449,10.977139179783292,0.17162511420481188
ABT,log_abs_return,3,90.0,target_sector_event_weighted,same_day_text,correct_text,target_event_keyword,10,1.7964011105373736,1.731505759275906,3.612520103711965,0.06489535126146775
AMD,log_abs_return,3,90.0,target_sector_event_weighted,same_day_text,correct_text,target_event_keyword,12,1.586581669731857,1.5127511730937258,4.653431843228669,0.07383049663813113
AMGN,log_abs_return,3,90.0,target_sector_event_weighted,same_day_text,correct_text,target_event_keyword,8,1.6890463232585187,1.529292185826184,9.458244882481132,0.1597541374323347
AXP,log_abs_return,3,90.0,target_sector_event_weighted,same_day_text,correct_text,target_event_keyword,3,1.7855400963896404,1.6988167912581087,4.85697886633216,0.086723305131532
BAC,log_abs_return,3,90.0,target_sector_event_weighted,same_day_text,correct_text,target_event_keyword,8,1.7967386863707893,1.6950290130487131,5.6607938646614375,0.10170967332207614
BX,log_abs_return,3,90.0,target_sector_event_weighted,same_day_text,correct_text,target_event_keyword,5,1.546478921868183,1.4821119383323977,4.162163649668652,0.06436698353578504
C,log_abs_return,3,90.0,target_sector_event_weighted,same_day_text,correct_text,target_event_keyword,3,1.833864733857567,1.7291384786729482,5.710685921983206,0.10472625518461894
ABT,log_abs_return,3,95.0,target_sector_event_weighted,same_day_text,correct_text,target_event_keyword,4,2.1714381731391503,2.08651035449662,3.911132248345522,0.08492781864252996
AMD,log_abs_return,3,95.0,target_sector_event_weighted,same_day_text,correct_text,target_event_keyword,8,1.7242088604242807,1.648543779802297,4.388394141726224,0.07566508062198363
AMGN,log_abs_return,3,95.0,target_sector_event_weighted,same_day_text,correct_text,target_event_keyword,2,2.0879177473907022,1.911927584794128,8.428979676834084,0.17599016259657452
AXP,log_abs_return,3,95.0,target_sector_event_weighted,same_day_text,correct_text,target_event_keyword,2,1.8977190322700426,1.7652523274772491,6.980311760605436,0.13246670479279343
BAC,log_abs_return,3,95.0,target_sector_event_weighted,same_day_text,correct_text,target_event_keyword,3,2.008031200925527,1.8536502505980794,7.688174877775368,0.15438095032744728
BX,log_abs_return,3,95.0,target_sector_event_weighted,same_day_text,correct_text,target_event_keyword,2,1.7395603916227456,1.7375773179999618,0.11399854999766974,0.0019830736227837154
C,log_abs_return,3,95.0,target_sector_event_weighted,same_day_text,correct_text,target_event_keyword,1,2.1476471965192094,1.827087532062611,14.926085856938897,0.32055966445659845
ABT,log_gk,1,80.0,target_sector_event_weighted,same_day_text,shuffled_within_ticker,target_event_keyword,14,0.5620180193370048,0.5618612514363482,0.027893749891059662,0.00015676790065663075
AMD,log_gk,1,80.0,target_sector_event_weighted,same_day_text,shuffled_within_ticker,target_event_keyword,17,0.6041335454385347,0.6042635099167376,-0.021512541255851662,-0.00012996447820293026
AMGN,log_gk,1,80.0,target_sector_event_weighted,same_day_text,shuffled_within_ticker,target_event_keyword,13,0.5839499216471353,0.5829914347485963,0.16413854390723664,0.0009584868985390571
AXP,log_gk,1,80.0,target_sector_event_weighted,same_day_text,shuffled_within_ticker,target_event_keyword,10,0.6462206533101934,0.6465697185248185,-0.05401641263506969,-0.0003490652146249662
BAC,log_gk,1,80.0,target_sector_event_weighted,same_day_text,shuffled_within_ticker,target_event_keyword,9,0.7376931090287666,0.7197710356890036,2.429475498742141,0.017922073339763048
BX,log_gk,1,80.0,target_sector_event_weighted,same_day_text,shuffled_within_ticker,target_event_keyword,10,0.39134399083647553,0.38335724355798384,2.040850879406752,0.0041813021314183185
C,log_gk,1,80.0,target_sector_event_weighted,same_day_text,shuffled_within_ticker,target_event_keyword,9,0.4886474269940243,0.4754052750551732,2.7099604351366056,0.013242151938851107
ABT,log_gk,1,85.0,target_sector_event_weighted,same_day_text,shuffled_within_ticker,target_event_keyword,10,0.6326689371777252,0.6320620399769253,0.09592650518092155,0.0006068972007998496
AMD,log_gk,1,85.0,target_sector_event_weighted,same_day_text,shuffled_within_ticker,target_event_keyword,13,0.6368999701477859,0.6363661554111827,0.08381453314863913,0.0005338147366033083
AMGN,log_gk,1,85.0,target_sector_event_weighted,same_day_text,shuffled_within_ticker,target_event_keyword,11,0.5972261951454987,0.5923610143880705,0.814629498333185,0.004865180757428094
AXP,log_gk,1,85.0,target_sector_event_weighted,same_day_text,shuffled_within_ticker,target_event_keyword,7,0.7790123383130497,0.779402032368554,-0.050024118532980597,-0.00038969405550418453
BAC,log_gk,1,85.0,target_sector_event_weighted,same_day_text,shuffled_within_ticker,target_event_keyword,6,0.8629425569370781,0.8629045012321647,0.004409992832954823,3.805570491340523e-05
BX,log_gk,1,85.0,target_sector_event_weighted,same_day_text,shuffled_within_ticker,target_event_keyword,6,0.4191873896020832,0.3969337425071142,5.30875871912402,0.015911238516513364
C,log_gk,1,85.0,target_sector_event_weighted,same_day_text,shuffled_within_ticker,target_event_keyword,4,0.7403898281831056,0.738068525817001,0.3135243459247708,0.002321302366104616
ABT,log_gk,1,90.0,target_sector_event_weighted,same_day_text,shuffled_within_ticker,target_event_keyword,6,0.8662846179200151,0.8679104345277696,-0.18767695675564086,-0.0016258166077543674
AMD,log_gk,1,90.0,target_sector_event_weighted,same_day_text,shuffled_within_ticker,target_event_keyword,6,0.7986908933631663,0.7903219217612675,1.0478361117476118,0.008368971601898792
AMGN,log_gk,1,90.0,target_sector_event_weighted,same_day_text,shuffled_within_ticker,target_event_keyword,5,0.7401301966556576,0.7261098650408351,1.8943061204872609,0.014020331614822546
AXP,log_gk,1,90.0,target_sector_event_weighted,same_day_text,shuffled_within_ticker,target_event_keyword,4,0.9149140832687737,0.9087141394266876,0.6776531212564968,0.006199943842086109
BAC,log_gk,1,90.0,target_sector_event_weighted,same_day_text,shuffled_within_ticker,target_event_keyword,5,0.8830063770763807,0.8777620008156379,0.593922807002465,0.005244376260742811
BX,log_gk,1,90.0,target_sector_event_weighted,same_day_text,shuffled_within_ticker,target_event_keyword,3,0.5959605528885588,0.5782460702157214,2.972425370601648,0.017714482672837335
C,log_gk,1,90.0,target_sector_event_weighted,same_day_text,shuffled_within_ticker,target_event_keyword,1,0.9241820403033101,0.9600222326941745,-3.8780446738720378,-0.035840192390864445
ABT,log_gk,1,95.0,target_sector_event_weighted,same_day_text,shuffled_within_ticker,target_event_keyword,1,1.0232591473116193,1.0489001247852547,-2.5058146356180946,-0.025640977473635473
AMD,log_gk,1,95.0,target_sector_event_weighted,same_day_text,shuffled_within_ticker,target_event_keyword,5,0.8686390617130246,0.8646986783173137,0.4536272393668498,0.003940383395710967
AMGN,log_gk,1,95.0,target_sector_event_weighted,same_day_text,shuffled_within_ticker,target_event_keyword,2,0.8572607141579454,0.846041388264624,1.3087414024730653,0.011219325893321308
AXP,log_gk,1,95.0,target_sector_event_weighted,same_day_text,shuffled_within_ticker,target_event_keyword,2,1.0188047690991309,1.0059563447769513,1.2611272259297228,0.012848424322179586
BAC,log_gk,1,95.0,target_sector_event_weighted,same_day_text,shuffled_within_ticker,target_event_keyword,2,1.1390909327769498,1.1342211526581192,0.42751460649052764,0.004869780118830658
ABT,log_gk,3,80.0,target_sector_event_weighted,same_day_text,shuffled_within_ticker,target_event_keyword,15,0.5812035140558642,0.586344588124593,-0.8845566044245592,-0.00514107406872899
AMD,log_gk,3,80.0,target_sector_event_weighted,same_day_text,shuffled_within_ticker,target_event_keyword,20,0.6130731960405776,0.6078815393384641,0.8468249363441264,0.005191656702113456
AMGN,log_gk,3,80.0,target_sector_event_weighted,same_day_text,shuffled_within_ticker,target_event_keyword,9,0.6176728055449523,0.6250812800498834,-1.1994173028865733,-0.007408474504931107
AXP,log_gk,3,80.0,target_sector_event_weighted,same_day_text,shuffled_within_ticker,target_event_keyword,8,0.863204083330072,0.8577016609679619,0.637441651212181,0.005502422362110182
BAC,log_gk,3,80.0,target_sector_event_weighted,same_day_text,shuffled_within_ticker,target_event_keyword,7,0.7105616199097647,0.717986480592259,-1.0449284726970132,-0.007424860682494229
BX,log_gk,3,80.0,target_sector_event_weighted,same_day_text,shuffled_within_ticker,target_event_keyword,12,0.5326304104925836,0.5361660306129118,-0.6638036527164052,-0.002869220831795231
C,log_gk,3,80.0,target_sector_event_weighted,same_day_text,shuffled_within_ticker,target_event_keyword,8,0.6449256551447198,0.6423093475738646,0.40567584030566867,0.002616307570855292
ABT,log_gk,3,85.0,target_sector_event_weighted,same_day_text,shuffled_within_ticker,target_event_keyword,9,0.7043317084518211,0.7103885379879304,-0.8599399208396733,-0.006056829536109297
AMD,log_gk,3,85.0,target_sector_event_weighted,same_day_text,shuffled_within_ticker,target_event_keyword,14,0.6674724687930441,0.6737231377426871,-0.9364684300680971,-0.006250668949643228
AMGN,log_gk,3,85.0,target_sector_event_weighted,same_day_text,shuffled_within_ticker,target_event_keyword,8,0.6448734654610025,0.6505051570073274,-0.8733017945309426,-0.005631691546324813
AXP,log_gk,3,85.0,target_sector_event_weighted,same_day_text,shuffled_within_ticker,target_event_keyword,6,0.9457261966618753,0.9395408392267904,0.6540325790823267,0.0061853574350849705
BAC,log_gk,3,85.0,target_sector_event_weighted,same_day_text,shuffled_within_ticker,target_event_keyword,5,0.8117910153010023,0.8126912746529819,-0.11089792015569003,-0.000900259351979571
BX,log_gk,3,85.0,target_sector_event_weighted,same_day_text,shuffled_within_ticker,target_event_keyword,9,0.6131236700806618,0.6230958952613981,-1.626462273006737,-0.009972225180736297
C,log_gk,3,85.0,target_sector_event_weighted,same_day_text,shuffled_within_ticker,target_event_keyword,4,0.7807717070891225,0.7865179847145105,-0.73597411038514,-0.005746277625388041
ABT,log_gk,3,90.0,target_sector_event_weighted,same_day_text,shuffled_within_ticker,target_event_keyword,4,0.9270294448927492,0.9417422636968302,-1.587092932715121,-0.01471281880408104
AMD,log_gk,3,90.0,target_sector_event_weighted,same_day_text,shuffled_within_ticker,target_event_keyword,6,0.8872633855122469,0.8949259216522858,-0.8636146002593162,-0.007662536140038867
AMGN,log_gk,3,90.0,target_sector_event_weighted,same_day_text,shuffled_within_ticker,target_event_keyword,1,0.6283190808500185,0.6376488910773803,-1.484884115685298,-0.00932981022736179
AXP,log_gk,3,90.0,target_sector_event_weighted,same_day_text,shuffled_within_ticker,target_event_keyword,4,1.1005966607601765,1.0932202542339446,0.6702188721104234,0.007376406526231838
BAC,log_gk,3,90.0,target_sector_event_weighted,same_day_text,shuffled_within_ticker,target_event_keyword,3,1.0933454778914515,1.08071202554962,1.1554858548640472,0.012633452341831367
BX,log_gk,3,90.0,target_sector_event_weighted,same_day_text,shuffled_within_ticker,target_event_keyword,6,0.6321752616522828,0.6408349971394486,-1.3698314395492668,-0.00865973548716581
C,log_gk,3,90.0,target_sector_event_weighted,same_day_text,shuffled_within_ticker,target_event_keyword,3,0.8318629655790103,0.8337890961095692,-0.23154420983487775,-0.0019261305305589005
ABT,log_gk,3,95.0,target_sector_event_weighted,same_day_text,shuffled_within_ticker,target_event_keyword,1,1.0276705618993436,1.0159548528071038,1.140025755976383,0.011715709092239734
AMD,log_gk,3,95.0,target_sector_event_weighted,same_day_text,shuffled_within_ticker,target_event_keyword,5,0.9456344229299953,0.9531883405339496,-0.7988200747334161,-0.007553917603954208
AXP,log_gk,3,95.0,target_sector_event_weighted,same_day_text,shuffled_within_ticker,target_event_keyword,3,1.087494897991131,1.085301917021548,0.2016543685523345,0.0021929809695828695
BAC,log_gk,3,95.0,target_sector_event_weighted,same_day_text,shuffled_within_ticker,target_event_keyword,2,1.2828557361827784,1.2855562591401175,-0.21050870188839152,-0.0027005229573391354
BX,log_gk,3,95.0,target_sector_event_weighted,same_day_text,shuffled_within_ticker,target_event_keyword,2,0.7731724747526869,0.7567776422077337,2.1204625203706846,0.01639483254495322
C,log_gk,3,95.0,target_sector_event_weighted,same_day_text,shuffled_within_ticker,target_event_keyword,1,0.703203212709496,0.7299427556974494,-3.8025342468109353,-0.026739542987953335
ABT,log_abs_return,1,80.0,target_sector_event_weighted,same_day_text,shuffled_within_ticker,target_event_keyword,15,2.1286364484420703,2.2319169153415364,-4.851954262789029,-0.10328046689946634
AMD,log_abs_return,1,80.0,target_sector_event_weighted,same_day_text,shuffled_within_ticker,target_event_keyword,23,2.307253961053972,2.2712313173331427,1.5612777929471662,0.0360226437208293
AMGN,log_abs_return,1,80.0,target_sector_event_weighted,same_day_text,shuffled_within_ticker,target_event_keyword,19,2.011413646066492,2.076097274291876,-3.2158292428749853,-0.06468362822538454
AXP,log_abs_return,1,80.0,target_sector_event_weighted,same_day_text,shuffled_within_ticker,target_event_keyword,10,1.7821010496831318,1.7363820345729084,2.565455820720855,0.04571901511022327
BAC,log_abs_return,1,80.0,target_sector_event_weighted,same_day_text,shuffled_within_ticker,target_event_keyword,20,2.100610763211964,2.148441646496665,-2.2769988672991857,-0.04748364686689832
BX,log_abs_return,1,80.0,target_sector_event_weighted,same_day_text,shuffled_within_ticker,target_event_keyword,15,1.9234859842492633,1.9586667999096543,-1.8290133615983726,-0.03518081566039098
C,log_abs_return,1,80.0,target_sector_event_weighted,same_day_text,shuffled_within_ticker,target_event_keyword,10,1.6156311430140455,1.5774994999963248,2.3601700909642136,0.03813164301772072
ABT,log_abs_return,1,85.0,target_sector_event_weighted,same_day_text,shuffled_within_ticker,target_event_keyword,9,2.1113127479317466,2.413370165465844,-14.306616479723083,-0.30205741753409815
AMD,log_abs_return,1,85.0,target_sector_event_weighted,same_day_text,shuffled_within_ticker,target_event_keyword,15,2.484229061984355,2.619132493107334,-5.430394209108108,-0.1349034311229788
AMGN,log_abs_return,1,85.0,target_sector_event_weighted,same_day_text,shuffled_within_ticker,target_event_keyword,16,2.2078219901307676,2.3014793123488264,-4.242068547044027,-0.09365732221805861
AXP,log_abs_return,1,85.0,target_sector_event_weighted,same_day_text,shuffled_within_ticker,target_event_keyword,6,1.81726961331852,1.7361332154502167,4.464741900357864,0.08113639786830322
BAC,log_abs_return,1,85.0,target_sector_event_weighted,same_day_text,shuffled_within_ticker,target_event_keyword,12,2.1518630441143594,2.2283944147738834,-3.5565167991916535,-0.07595264329652059
BX,log_abs_return,1,85.0,target_sector_event_weighted,same_day_text,shuffled_within_ticker,target_event_keyword,9,2.137433607039107,2.180483493842328,-2.014092351755248,-0.043049886803220874
C,log_abs_return,1,85.0,target_sector_event_weighted,same_day_text,shuffled_within_ticker,target_event_keyword,7,1.550942236156938,1.5171158766008435,2.181019948229183,0.03382635955609465
ABT,log_abs_return,1,90.0,target_sector_event_weighted,same_day_text,shuffled_within_ticker,target_event_keyword,6,2.4480962642437913,2.5984882995264313,-6.1432239197136145,-0.1503920352826403
AMD,log_abs_return,1,90.0,target_sector_event_weighted,same_day_text,shuffled_within_ticker,target_event_keyword,12,2.5726500221830615,2.636511626935466,-2.4823277243988895,-0.06386160475240417
AMGN,log_abs_return,1,90.0,target_sector_event_weighted,same_day_text,shuffled_within_ticker,target_event_keyword,9,2.3357238502496087,2.288558797958461,2.0192906060409155,0.047165052291147584
AXP,log_abs_return,1,90.0,target_sector_event_weighted,same_day_text,shuffled_within_ticker,target_event_keyword,6,1.81726961331852,1.7361332154502167,4.464741900357864,0.08113639786830322
BAC,log_abs_return,1,90.0,target_sector_event_weighted,same_day_text,shuffled_within_ticker,target_event_keyword,7,2.2167686684763956,2.277686788973075,-2.748059432766563,-0.05992601644581657
BX,log_abs_return,1,90.0,target_sector_event_weighted,same_day_text,shuffled_within_ticker,target_event_keyword,5,2.201106277316613,2.2499384861147167,-2.2185302591402096,-0.04883220879810377
C,log_abs_return,1,90.0,target_sector_event_weighted,same_day_text,shuffled_within_ticker,target_event_keyword,5,1.695038468780017,1.6096444312969207,5.037881974711623,0.08539403748309624
ABT,log_abs_return,1,95.0,target_sector_event_weighted,same_day_text,shuffled_within_ticker,target_event_keyword,3,2.345691316634381,2.606986253683573,-11.139357305721722,-0.2612949370491924
AMD,log_abs_return,1,95.0,target_sector_event_weighted,same_day_text,shuffled_within_ticker,target_event_keyword,7,2.90282232098065,2.967777696567436,-2.237662812405354,-0.06495537558678574
AMGN,log_abs_return,1,95.0,target_sector_event_weighted,same_day_text,shuffled_within_ticker,target_event_keyword,2,2.9458166120306295,3.0750817769212633,-4.388092740149492,-0.12926516489063378
AXP,log_abs_return,1,95.0,target_sector_event_weighted,same_day_text,shuffled_within_ticker,target_event_keyword,2,1.9015547102869845,1.5792375698556647,16.950190214757242,0.32231714043131987
BAC,log_abs_return,1,95.0,target_sector_event_weighted,same_day_text,shuffled_within_ticker,target_event_keyword,3,3.0936636881111994,3.166698383877368,-2.360783301909555,-0.07303469576616835
BX,log_abs_return,1,95.0,target_sector_event_weighted,same_day_text,shuffled_within_ticker,target_event_keyword,2,2.413591038692463,2.4765289197789757,-2.6076447947291355,-0.06293788108651288
C,log_abs_return,1,95.0,target_sector_event_weighted,same_day_text,shuffled_within_ticker,target_event_keyword,1,0.3871329009508724,0.2638914747848604,31.834397402883475,0.12324142616601197
ABT,log_abs_return,3,80.0,target_sector_event_weighted,same_day_text,shuffled_within_ticker,target_event_keyword,24,1.4698385170987622,1.4896275243472852,-1.3463388677270098,-0.01978900724852295
AMD,log_abs_return,3,80.0,target_sector_event_weighted,same_day_text,shuffled_within_ticker,target_event_keyword,27,1.2925204788157958,1.3045611711592935,-0.9315668525832062,-0.012040692343497991
AMGN,log_abs_return,3,80.0,target_sector_event_weighted,same_day_text,shuffled_within_ticker,target_event_keyword,16,1.3851414301779144,1.3995452955492702,-1.0398840910783924,-0.014403865371356017
AXP,log_abs_return,3,80.0,target_sector_event_weighted,same_day_text,shuffled_within_ticker,target_event_keyword,13,1.3926869650933786,1.4026274925736213,-0.7137661031799886,-0.009940527480242638
BAC,log_abs_return,3,80.0,target_sector_event_weighted,same_day_text,shuffled_within_ticker,target_event_keyword,17,1.4765056092179683,1.4757480741660784,0.05130593796328552,0.0007575350518896841
BX,log_abs_return,3,80.0,target_sector_event_weighted,same_day_text,shuffled_within_ticker,target_event_keyword,15,1.145745548102449,1.1312751076979513,1.262971558428769,0.01447044040449749
C,log_abs_return,3,80.0,target_sector_event_weighted,same_day_text,shuffled_within_ticker,target_event_keyword,10,1.4326429018771083,1.4445028437816505,-0.8278365731615894,-0.011859941904542292
ABT,log_abs_return,3,85.0,target_sector_event_weighted,same_day_text,shuffled_within_ticker,target_event_keyword,18,1.6165463063562908,1.649170252106301,-2.018126274622148,-0.03262394575001047
AMD,log_abs_return,3,85.0,target_sector_event_weighted,same_day_text,shuffled_within_ticker,target_event_keyword,19,1.4162332824732167,1.4488945324790221,-2.306205510773478,-0.032661250005805456
AMGN,log_abs_return,3,85.0,target_sector_event_weighted,same_day_text,shuffled_within_ticker,target_event_keyword,10,1.565996213071277,1.5992843026927257,-2.1256813613976195,-0.0332880896214486
AXP,log_abs_return,3,85.0,target_sector_event_weighted,same_day_text,shuffled_within_ticker,target_event_keyword,10,1.4388802550788098,1.448681670322102,-0.6811835250846017,-0.009801415243292144
BAC,log_abs_return,3,85.0,target_sector_event_weighted,same_day_text,shuffled_within_ticker,target_event_keyword,15,1.5606765975476167,1.5619161171345302,-0.07942193718168229,-0.0012395195869135142
BX,log_abs_return,3,85.0,target_sector_event_weighted,same_day_text,shuffled_within_ticker,target_event_keyword,7,1.3752024240493863,1.3698102300589936,0.39210183868895343,0.0053921939903928285
C,log_abs_return,3,85.0,target_sector_event_weighted,same_day_text,shuffled_within_ticker,target_event_keyword,6,1.5634776182932566,1.604969373419717,-2.6538119024533384,-0.04149175512646034
ABT,log_abs_return,3,90.0,target_sector_event_weighted,same_day_text,shuffled_within_ticker,target_event_keyword,10,1.7964011105373736,1.8034078602677623,-0.3900437207084968,-0.0070067497303887725
AMD,log_abs_return,3,90.0,target_sector_event_weighted,same_day_text,shuffled_within_ticker,target_event_keyword,12,1.586581669731857,1.6420452476685623,-3.495790919233229,-0.05546357793670555
AMGN,log_abs_return,3,90.0,target_sector_event_weighted,same_day_text,shuffled_within_ticker,target_event_keyword,8,1.6890463232585187,1.7234476174269118,-2.0367288744352443,-0.034401294168393215
AXP,log_abs_return,3,90.0,target_sector_event_weighted,same_day_text,shuffled_within_ticker,target_event_keyword,3,1.7855400963896404,1.8478506375197334,-3.4897307126333863,-0.06231054113009282
BAC,log_abs_return,3,90.0,target_sector_event_weighted,same_day_text,shuffled_within_ticker,target_event_keyword,8,1.7967386863707893,1.789709858868261,0.39119920753338683,0.007028827502528423
BX,log_abs_return,3,90.0,target_sector_event_weighted,same_day_text,shuffled_within_ticker,target_event_keyword,5,1.546478921868183,1.5315440936431424,0.9657311207965855,0.014934828225040508
C,log_abs_return,3,90.0,target_sector_event_weighted,same_day_text,shuffled_within_ticker,target_event_keyword,3,1.833864733857567,1.9281963668449495,-5.143870823501479,-0.0943316329873823
ABT,log_abs_return,3,95.0,target_sector_event_weighted,same_day_text,shuffled_within_ticker,target_event_keyword,4,2.1714381731391503,2.168373938193512,0.1411154590327758,0.0030642349456382334
AMD,log_abs_return,3,95.0,target_sector_event_weighted,same_day_text,shuffled_within_ticker,target_event_keyword,8,1.7242088604242807,1.8020345398787798,-4.513703718895655,-0.07782567945449917
AMGN,log_abs_return,3,95.0,target_sector_event_weighted,same_day_text,shuffled_within_ticker,target_event_keyword,2,2.0879177473907022,2.1696950789074023,-3.9166931560832925,-0.08177733151669964
AXP,log_abs_return,3,95.0,target_sector_event_weighted,same_day_text,shuffled_within_ticker,target_event_keyword,2,1.8977190322700426,2.005797902580089,-5.695198734491436,-0.1080788703100466
BAC,log_abs_return,3,95.0,target_sector_event_weighted,same_day_text,shuffled_within_ticker,target_event_keyword,3,2.008031200925527,1.939578409908749,3.4089505673630507,0.06845279101677774
BX,log_abs_return,3,95.0,target_sector_event_weighted,same_day_text,shuffled_within_ticker,target_event_keyword,2,1.7395603916227456,1.7066902291381991,1.8895671942658783,0.03287016248454644
C,log_abs_return,3,95.0,target_sector_event_weighted,same_day_text,shuffled_within_ticker,target_event_keyword,1,2.1476471965192094,2.2098228768866863,-2.8950602532970904,-0.06217568036747689
ABT,log_gk,1,80.0,target_sector_event_weighted,same_day_text,cross_ticker_same_day,target_event_keyword,14,0.5620180193370048,0.5530019733263436,1.6042272134436444,0.009016046010661225
AMD,log_gk,1,80.0,target_sector_event_weighted,same_day_text,cross_ticker_same_day,target_event_keyword,17,0.6041335454385347,0.594488568829808,1.596497443578548,0.009644976608726645
AMGN,log_gk,1,80.0,target_sector_event_weighted,same_day_text,cross_ticker_same_day,target_event_keyword,13,0.5839499216471353,0.567619376088679,2.796566101489172,0.01633054555845635
AXP,log_gk,1,80.0,target_sector_event_weighted,same_day_text,cross_ticker_same_day,target_event_keyword,10,0.6462206533101934,0.6509491305510025,-0.7317124911727827,-0.0047284772408090255
BAC,log_gk,1,80.0,target_sector_event_weighted,same_day_text,cross_ticker_same_day,target_event_keyword,9,0.7376931090287666,0.7310021225267196,0.9070149117776437,0.006690986502047025
BX,log_gk,1,80.0,target_sector_event_weighted,same_day_text,cross_ticker_same_day,target_event_keyword,10,0.39134399083647553,0.4039340827846143,-3.2171420139167477,-0.0114738122047926
C,log_gk,1,80.0,target_sector_event_weighted,same_day_text,cross_ticker_same_day,target_event_keyword,9,0.4886474269940243,0.4889389975567938,-0.05966890372536068,-0.00029157056276944243
ABT,log_gk,1,85.0,target_sector_event_weighted,same_day_text,cross_ticker_same_day,target_event_keyword,10,0.6326689371777252,0.627361633561838,0.8388753270490135,0.005307303615887183
AMD,log_gk,1,85.0,target_sector_event_weighted,same_day_text,cross_ticker_same_day,target_event_keyword,13,0.6368999701477859,0.6238456253366889,2.049669559266567,0.013054344811097077
AMGN,log_gk,1,85.0,target_sector_event_weighted,same_day_text,cross_ticker_same_day,target_event_keyword,11,0.5972261951454987,0.5775528784330963,3.2941148382832504,0.019673316712402297
AXP,log_gk,1,85.0,target_sector_event_weighted,same_day_text,cross_ticker_same_day,target_event_keyword,7,0.7790123383130497,0.7892597710087913,-1.3154390748075158,-0.01024743269574164
BAC,log_gk,1,85.0,target_sector_event_weighted,same_day_text,cross_ticker_same_day,target_event_keyword,6,0.8629425569370781,0.8520047543151831,1.267500662004385,0.010937802621895068
BX,log_gk,1,85.0,target_sector_event_weighted,same_day_text,cross_ticker_same_day,target_event_keyword,6,0.4191873896020832,0.42890079660764213,-2.3171992398863606,-0.007852940766648627
C,log_gk,1,85.0,target_sector_event_weighted,same_day_text,cross_ticker_same_day,target_event_keyword,4,0.7403898281831056,0.7415103952593585,-0.15134825379796102,-0.0011205670762528541
ABT,log_gk,1,90.0,target_sector_event_weighted,same_day_text,cross_ticker_same_day,target_event_keyword,6,0.8662846179200151,0.8526822694288239,1.5701939304718395,0.013602348491191426
AMD,log_gk,1,90.0,target_sector_event_weighted,same_day_text,cross_ticker_same_day,target_event_keyword,6,0.7986908933631663,0.7873659598290447,1.417936980154374,0.011324933534121598
AMGN,log_gk,1,90.0,target_sector_event_weighted,same_day_text,cross_ticker_same_day,target_event_keyword,5,0.7401301966556576,0.7274578673532157,1.712175690128967,0.01267232930244191
AXP,log_gk,1,90.0,target_sector_event_weighted,same_day_text,cross_ticker_same_day,target_event_keyword,4,0.9149140832687737,0.9282343766049517,-1.4559064703198934,-0.013320293336178013
BAC,log_gk,1,90.0,target_sector_event_weighted,same_day_text,cross_ticker_same_day,target_event_keyword,5,0.8830063770763807,0.8679671808960115,1.7031809249400578,0.015039196180369174
BX,log_gk,1,90.0,target_sector_event_weighted,same_day_text,cross_ticker_same_day,target_event_keyword,3,0.5959605528885588,0.6138273633700905,-2.9979854194934785,-0.017866810481531676
C,log_gk,1,90.0,target_sector_event_weighted,same_day_text,cross_ticker_same_day,target_event_keyword,1,0.9241820403033101,0.9236204400903301,0.06076727186731574,0.0005616002129800179
ABT,log_gk,1,95.0,target_sector_event_weighted,same_day_text,cross_ticker_same_day,target_event_keyword,1,1.0232591473116193,0.975876393602567,4.630572209741757,0.04738275370905232
AMD,log_gk,1,95.0,target_sector_event_weighted,same_day_text,cross_ticker_same_day,target_event_keyword,5,0.8686390617130246,0.8542989062049244,1.6508761970501624,0.01434015550810006
AMGN,log_gk,1,95.0,target_sector_event_weighted,same_day_text,cross_ticker_same_day,target_event_keyword,2,0.8572607141579454,0.8257694428418034,3.673476551071702,0.03149127131614193
AXP,log_gk,1,95.0,target_sector_event_weighted,same_day_text,cross_ticker_same_day,target_event_keyword,2,1.0188047690991309,1.0039615917337263,1.456920679565475,0.014843177365404525
BAC,log_gk,1,95.0,target_sector_event_weighted,same_day_text,cross_ticker_same_day,target_event_keyword,2,1.1390909327769498,1.1326678343212766,0.5638793419252834,0.006423098455673237
ABT,log_gk,3,80.0,target_sector_event_weighted,same_day_text,cross_ticker_same_day,target_event_keyword,15,0.5812035140558642,0.5762395937471134,0.8540761004885613,0.0049639203087508575
AMD,log_gk,3,80.0,target_sector_event_weighted,same_day_text,cross_ticker_same_day,target_event_keyword,20,0.6130731960405776,0.6054736457375222,1.2395828674513583,0.00759955030305548
AMGN,log_gk,3,80.0,target_sector_event_weighted,same_day_text,cross_ticker_same_day,target_event_keyword,9,0.6176728055449523,0.6146750452757562,0.48533143150947783,0.0029977602691960334
AXP,log_gk,3,80.0,target_sector_event_weighted,same_day_text,cross_ticker_same_day,target_event_keyword,8,0.863204083330072,0.8508774427375478,1.4280099956166141,0.012326640592524196
BAC,log_gk,3,80.0,target_sector_event_weighted,same_day_text,cross_ticker_same_day,target_event_keyword,7,0.7105616199097647,0.6977396591917552,1.8044825893689336,0.012821960718009404
BX,log_gk,3,80.0,target_sector_event_weighted,same_day_text,cross_ticker_same_day,target_event_keyword,12,0.5326304104925836,0.5200701404131948,2.3581586465881594,0.013870172541988746
C,log_gk,3,80.0,target_sector_event_weighted,same_day_text,cross_ticker_same_day,target_event_keyword,8,0.6449256551447198,0.6416705695137213,0.5047226149296369,0.003255085630998522
ABT,log_gk,3,85.0,target_sector_event_weighted,same_day_text,cross_ticker_same_day,target_event_keyword,9,0.7043317084518211,0.7026205082975503,0.2429537295761113,0.0017112001542708792
AMD,log_gk,3,85.0,target_sector_event_weighted,same_day_text,cross_ticker_same_day,target_event_keyword,14,0.6674724687930441,0.6655588220891284,0.2867004698150386,0.001913646703915425
AMGN,log_gk,3,85.0,target_sector_event_weighted,same_day_text,cross_ticker_same_day,target_event_keyword,8,0.6448734654610025,0.6414771563369567,0.5266628735635668,0.003396309124045871
AXP,log_gk,3,85.0,target_sector_event_weighted,same_day_text,cross_ticker_same_day,target_event_keyword,6,0.9457261966618753,0.9362578386844075,1.0011732794214883,0.009468357977467848
BAC,log_gk,3,85.0,target_sector_event_weighted,same_day_text,cross_ticker_same_day,target_event_keyword,5,0.8117910153010023,0.8008203852681797,1.3514106249075495,0.010970630032822549
BX,log_gk,3,85.0,target_sector_event_weighted,same_day_text,cross_ticker_same_day,target_event_keyword,9,0.6131236700806618,0.5969485255715754,2.6381536545405972,0.016175144509086477
C,log_gk,3,85.0,target_sector_event_weighted,same_day_text,cross_ticker_same_day,target_event_keyword,4,0.7807717070891225,0.7839337742659693,-0.40499254111495636,-0.003162067176846861
ABT,log_gk,3,90.0,target_sector_event_weighted,same_day_text,cross_ticker_same_day,target_event_keyword,4,0.9270294448927492,0.93160644466929,-0.49372755113192,-0.004576999776540802
AMD,log_gk,3,90.0,target_sector_event_weighted,same_day_text,cross_ticker_same_day,target_event_keyword,6,0.8872633855122469,0.8764000521264957,1.2243639896713892,0.01086333338575122
AMGN,log_gk,3,90.0,target_sector_event_weighted,same_day_text,cross_ticker_same_day,target_event_keyword,1,0.6283190808500185,0.6031203408560586,4.010500518282836,0.02519873999395994
AXP,log_gk,3,90.0,target_sector_event_weighted,same_day_text,cross_ticker_same_day,target_event_keyword,4,1.1005966607601765,1.0763085258890936,2.206815242770875,0.024288134871082834
BAC,log_gk,3,90.0,target_sector_event_weighted,same_day_text,cross_ticker_same_day,target_event_keyword,3,1.0933454778914515,1.0755555912675951,1.627105702962681,0.017789886623856315
BX,log_gk,3,90.0,target_sector_event_weighted,same_day_text,cross_ticker_same_day,target_event_keyword,6,0.6321752616522828,0.6217074155701197,1.6558455727615569,0.010467846082163076
C,log_gk,3,90.0,target_sector_event_weighted,same_day_text,cross_ticker_same_day,target_event_keyword,3,0.8318629655790103,0.8213614834550208,1.2624052949249922,0.010501482123989566
ABT,log_gk,3,95.0,target_sector_event_weighted,same_day_text,cross_ticker_same_day,target_event_keyword,1,1.0276705618993436,1.049201945773686,-2.095164021682993,-0.021531383874342502
AMD,log_gk,3,95.0,target_sector_event_weighted,same_day_text,cross_ticker_same_day,target_event_keyword,5,0.9456344229299953,0.925694649647714,2.1086133075083167,0.019939773282281338
AXP,log_gk,3,95.0,target_sector_event_weighted,same_day_text,cross_ticker_same_day,target_event_keyword,3,1.087494897991131,1.0646808962191747,2.0978490854623124,0.02281400177195625
BAC,log_gk,3,95.0,target_sector_event_weighted,same_day_text,cross_ticker_same_day,target_event_keyword,2,1.2828557361827784,1.2700167004475689,1.000816800602451,0.012839035735209503
BX,log_gk,3,95.0,target_sector_event_weighted,same_day_text,cross_ticker_same_day,target_event_keyword,2,0.7731724747526869,0.7683758714692142,0.6203794677257536,0.004796603283472756
C,log_gk,3,95.0,target_sector_event_weighted,same_day_text,cross_ticker_same_day,target_event_keyword,1,0.703203212709496,0.7175755698232469,-2.0438412188665986,-0.014372357113750844
ABT,log_abs_return,1,80.0,target_sector_event_weighted,same_day_text,cross_ticker_same_day,target_event_keyword,15,2.1286364484420703,2.015473712770339,5.3162077420291425,0.11316273567173128
AMD,log_abs_return,1,80.0,target_sector_event_weighted,same_day_text,cross_ticker_same_day,target_event_keyword,23,2.307253961053972,2.055606795934566,10.9067822340828,0.2516471651194064
AMGN,log_abs_return,1,80.0,target_sector_event_weighted,same_day_text,cross_ticker_same_day,target_event_keyword,19,2.011413646066492,2.000628125129631,0.5362159572673242,0.010785520936860698
AXP,log_abs_return,1,80.0,target_sector_event_weighted,same_day_text,cross_ticker_same_day,target_event_keyword,10,1.7821010496831318,1.6110623778310067,9.597585495083838,0.17103867185212476
BAC,log_abs_return,1,80.0,target_sector_event_weighted,same_day_text,cross_ticker_same_day,target_event_keyword,20,2.100610763211964,1.929889731465499,8.127209225826391,0.17630619511086124
BX,log_abs_return,1,80.0,target_sector_event_weighted,same_day_text,cross_ticker_same_day,target_event_keyword,15,1.9234859842492633,1.8784031670244659,2.3438079400611427,0.04508281722479734
C,log_abs_return,1,80.0,target_sector_event_weighted,same_day_text,cross_ticker_same_day,target_event_keyword,10,1.6156311430140455,1.5125031438282677,6.383140089351529,0.10312799918577786
ABT,log_abs_return,1,85.0,target_sector_event_weighted,same_day_text,cross_ticker_same_day,target_event_keyword,9,2.1113127479317466,1.9231044202983927,8.914279886659322,0.1882083276333539
AMD,log_abs_return,1,85.0,target_sector_event_weighted,same_day_text,cross_ticker_same_day,target_event_keyword,15,2.484229061984355,2.069326922811059,16.701444545612077,0.4149021391732963
AMGN,log_abs_return,1,85.0,target_sector_event_weighted,same_day_text,cross_ticker_same_day,target_event_keyword,16,2.2078219901307676,2.2201703762046345,-0.5593017067981788,-0.012348386073866957
AXP,log_abs_return,1,85.0,target_sector_event_weighted,same_day_text,cross_ticker_same_day,target_event_keyword,6,1.81726961331852,1.6492781164861186,9.244170243161212,0.16799149683240153
BAC,log_abs_return,1,85.0,target_sector_event_weighted,same_day_text,cross_ticker_same_day,target_event_keyword,12,2.1518630441143594,1.8913896154465117,12.104554208516111,0.26978203427517533
BX,log_abs_return,1,85.0,target_sector_event_weighted,same_day_text,cross_ticker_same_day,target_event_keyword,9,2.137433607039107,2.0708684096862395,3.114258011741353,0.06656519735286676
C,log_abs_return,1,85.0,target_sector_event_weighted,same_day_text,cross_ticker_same_day,target_event_keyword,7,1.550942236156938,1.470537733921439,5.184235773650249,0.08040450223549936
ABT,log_abs_return,1,90.0,target_sector_event_weighted,same_day_text,cross_ticker_same_day,target_event_keyword,6,2.4480962642437913,2.239536751146961,8.519252945359721,0.20855951309683066
AMD,log_abs_return,1,90.0,target_sector_event_weighted,same_day_text,cross_ticker_same_day,target_event_keyword,12,2.5726500221830615,2.104049267897319,18.21471052203612,0.46860075428574244
AMGN,log_abs_return,1,90.0,target_sector_event_weighted,same_day_text,cross_ticker_same_day,target_event_keyword,9,2.3357238502496087,2.1986217329700035,5.869791382442478,0.1371021172796053
AXP,log_abs_return,1,90.0,target_sector_event_weighted,same_day_text,cross_ticker_same_day,target_event_keyword,6,1.81726961331852,1.6492781164861186,9.244170243161212,0.16799149683240153
BAC,log_abs_return,1,90.0,target_sector_event_weighted,same_day_text,cross_ticker_same_day,target_event_keyword,7,2.2167686684763956,2.0559660116310843,7.25392140064089,0.17676026645787232
BX,log_abs_return,1,90.0,target_sector_event_weighted,same_day_text,cross_ticker_same_day,target_event_keyword,5,2.201106277316613,2.0994789342117794,4.617102961004151,0.10162734310483365
C,log_abs_return,1,90.0,target_sector_event_weighted,same_day_text,cross_ticker_same_day,target_event_keyword,5,1.695038468780017,1.5353698202498878,9.419765478540958,0.15966864853012944
ABT,log_abs_return,1,95.0,target_sector_event_weighted,same_day_text,cross_ticker_same_day,target_event_keyword,3,2.345691316634381,1.860425676575099,20.687531927924148,0.48526564005928147
AMD,log_abs_return,1,95.0,target_sector_event_weighted,same_day_text,cross_ticker_same_day,target_event_keyword,7,2.90282232098065,2.5271008953190575,12.943314613023368,0.3757214256615929
AMGN,log_abs_return,1,95.0,target_sector_event_weighted,same_day_text,cross_ticker_same_day,target_event_keyword,2,2.9458166120306295,3.119924992975703,-5.910360483202521,-0.17410838094507364
AXP,log_abs_return,1,95.0,target_sector_event_weighted,same_day_text,cross_ticker_same_day,target_event_keyword,2,1.9015547102869845,1.962699335465082,-3.2155070189313335,-0.06114462517809738
BAC,log_abs_return,1,95.0,target_sector_event_weighted,same_day_text,cross_ticker_same_day,target_event_keyword,3,3.0936636881111994,2.836129324904882,8.324575298731073,0.25753436320631745
BX,log_abs_return,1,95.0,target_sector_event_weighted,same_day_text,cross_ticker_same_day,target_event_keyword,2,2.413591038692463,2.5957463717811047,-7.547067012119939,-0.18215533308864185
C,log_abs_return,1,95.0,target_sector_event_weighted,same_day_text,cross_ticker_same_day,target_event_keyword,1,0.3871329009508724,0.4310934353173588,-11.355411606327161,-0.04396053436648639
ABT,log_abs_return,3,80.0,target_sector_event_weighted,same_day_text,cross_ticker_same_day,target_event_keyword,24,1.4698385170987622,1.4529118449824476,1.1516007996392201,0.016926672116314417
AMD,log_abs_return,3,80.0,target_sector_event_weighted,same_day_text,cross_ticker_same_day,target_event_keyword,27,1.2925204788157958,1.2816482255053248,0.8411668123380271,0.010872253310471012
AMGN,log_abs_return,3,80.0,target_sector_event_weighted,same_day_text,cross_ticker_same_day,target_event_keyword,16,1.3851414301779144,1.3685248412772115,1.1996312101189925,0.01661658890070289
AXP,log_abs_return,3,80.0,target_sector_event_weighted,same_day_text,cross_ticker_same_day,target_event_keyword,13,1.3926869650933786,1.347309073109535,3.2582980325949356,0.04537789198384366
BAC,log_abs_return,3,80.0,target_sector_event_weighted,same_day_text,cross_ticker_same_day,target_event_keyword,17,1.4765056092179683,1.4972997706883535,-1.408336097104223,-0.020794161470385278
BX,log_abs_return,3,80.0,target_sector_event_weighted,same_day_text,cross_ticker_same_day,target_event_keyword,15,1.145745548102449,1.1797190639652144,-2.9651885550881163,-0.03397351586276507
C,log_abs_return,3,80.0,target_sector_event_weighted,same_day_text,cross_ticker_same_day,target_event_keyword,10,1.4326429018771083,1.404217919377925,1.9840940447853233,0.028424982499183217
ABT,log_abs_return,3,85.0,target_sector_event_weighted,same_day_text,cross_ticker_same_day,target_event_keyword,18,1.6165463063562908,1.5758302729966802,2.518705044174385,0.04071603335961078
AMD,log_abs_return,3,85.0,target_sector_event_weighted,same_day_text,cross_ticker_same_day,target_event_keyword,19,1.4162332824732167,1.3757362557393313,2.859488421509484,0.04049702673388539
AMGN,log_abs_return,3,85.0,target_sector_event_weighted,same_day_text,cross_ticker_same_day,target_event_keyword,10,1.565996213071277,1.5554327938743284,0.6745494726472744,0.010563419196948764
AXP,log_abs_return,3,85.0,target_sector_event_weighted,same_day_text,cross_ticker_same_day,target_event_keyword,10,1.4388802550788098,1.3871665029682152,3.594027503543868,0.05171375211059455
BAC,log_abs_return,3,85.0,target_sector_event_weighted,same_day_text,cross_ticker_same_day,target_event_keyword,15,1.5606765975476167,1.5780281499604618,-1.111796796345294,-0.017351552412845153
BX,log_abs_return,3,85.0,target_sector_event_weighted,same_day_text,cross_ticker_same_day,target_event_keyword,7,1.3752024240493863,1.386046968728935,-0.7885780660287145,-0.010844544679548587
C,log_abs_return,3,85.0,target_sector_event_weighted,same_day_text,cross_ticker_same_day,target_event_keyword,6,1.5634776182932566,1.5377869760666656,1.6431730090665293,0.025690642226591304
ABT,log_abs_return,3,90.0,target_sector_event_weighted,same_day_text,cross_ticker_same_day,target_event_keyword,10,1.7964011105373736,1.6999632935689981,5.368389966065385,0.0964378169683755
AMD,log_abs_return,3,90.0,target_sector_event_weighted,same_day_text,cross_ticker_same_day,target_event_keyword,12,1.586581669731857,1.5580312625423909,1.7994918089713863,0.02855040718946607
AMGN,log_abs_return,3,90.0,target_sector_event_weighted,same_day_text,cross_ticker_same_day,target_event_keyword,8,1.6890463232585187,1.6851425549031895,0.23112263420922377,0.003903768355329129
AXP,log_abs_return,3,90.0,target_sector_event_weighted,same_day_text,cross_ticker_same_day,target_event_keyword,3,1.7855400963896404,1.767434617643092,1.0140057220309808,0.018105478746548442
BAC,log_abs_return,3,90.0,target_sector_event_weighted,same_day_text,cross_ticker_same_day,target_event_keyword,8,1.7967386863707893,1.781309839681645,0.8587140025525297,0.01542884668914446
BX,log_abs_return,3,90.0,target_sector_event_weighted,same_day_text,cross_ticker_same_day,target_event_keyword,5,1.546478921868183,1.5074548196219335,2.5234163682688533,0.03902410224624964
C,log_abs_return,3,90.0,target_sector_event_weighted,same_day_text,cross_ticker_same_day,target_event_keyword,3,1.833864733857567,1.803534874671388,1.653876571494984,0.030329859186179142
ABT,log_abs_return,3,95.0,target_sector_event_weighted,same_day_text,cross_ticker_same_day,target_event_keyword,4,2.1714381731391503,2.0579643237763854,5.225746271132413,0.11347384936276494
AMD,log_abs_return,3,95.0,target_sector_event_weighted,same_day_text,cross_ticker_same_day,target_event_keyword,8,1.7242088604242807,1.6492372929505101,4.348172033829015,0.07497156747377065
AMGN,log_abs_return,3,95.0,target_sector_event_weighted,same_day_text,cross_ticker_same_day,target_event_keyword,2,2.0879177473907022,2.064160647985931,1.1378369399111092,0.023757099404771775
AXP,log_abs_return,3,95.0,target_sector_event_weighted,same_day_text,cross_ticker_same_day,target_event_keyword,2,1.8977190322700426,1.8242627706391419,3.8707659238171126,0.07345626163090069
BAC,log_abs_return,3,95.0,target_sector_event_weighted,same_day_text,cross_ticker_same_day,target_event_keyword,3,2.008031200925527,2.0440240773573124,-1.792446074303828,-0.03599287643178576
BX,log_abs_return,3,95.0,target_sector_event_weighted,same_day_text,cross_ticker_same_day,target_event_keyword,2,1.7395603916227456,1.6660138019461972,4.2278836670879,0.07354658967654837
C,log_abs_return,3,95.0,target_sector_event_weighted,same_day_text,cross_ticker_same_day,target_event_keyword,1,2.1476471965192094,2.3695887352136373,-10.33417122952684,-0.2219415386944279
ABT,log_gk,1,80.0,target_sector_event_weighted,same_day_text,stale_20d,target_event_keyword,14,0.5620180193370048,0.5495464452261849,2.219070151083807,0.012471574110819958
AMD,log_gk,1,80.0,target_sector_event_weighted,same_day_text,stale_20d,target_event_keyword,17,0.6041335454385347,0.6028773710634168,0.20792991625818272,0.001256174375117916
AMGN,log_gk,1,80.0,target_sector_event_weighted,same_day_text,stale_20d,target_event_keyword,13,0.5839499216471353,0.5658790521386104,3.0945923338002603,0.01807086950852482
AXP,log_gk,1,80.0,target_sector_event_weighted,same_day_text,stale_20d,target_event_keyword,10,0.6462206533101934,0.6460960840340751,0.019276585401621867,0.000124569276118347
BAC,log_gk,1,80.0,target_sector_event_weighted,same_day_text,stale_20d,target_event_keyword,9,0.7376931090287666,0.7304593165054258,0.9805964614288802,0.007233792523340752
BX,log_gk,1,80.0,target_sector_event_weighted,same_day_text,stale_20d,target_event_keyword,10,0.39134399083647553,0.3740005419422565,4.431765735599614,0.015166131313207121
C,log_gk,1,80.0,target_sector_event_weighted,same_day_text,stale_20d,target_event_keyword,9,0.4886474269940243,0.48391505832309584,0.9684628240120332,0.0047323686709284845
ABT,log_gk,1,85.0,target_sector_event_weighted,same_day_text,stale_20d,target_event_keyword,10,0.6326689371777252,0.617354047799678,2.42067983396901,0.01531488937804717
AMD,log_gk,1,85.0,target_sector_event_weighted,same_day_text,stale_20d,target_event_keyword,13,0.6368999701477859,0.6353507607056409,0.24324219104383152,0.0015492094421451369
AMGN,log_gk,1,85.0,target_sector_event_weighted,same_day_text,stale_20d,target_event_keyword,11,0.5972261951454987,0.580500200045089,2.8006131071218126,0.01672599510040953
AXP,log_gk,1,85.0,target_sector_event_weighted,same_day_text,stale_20d,target_event_keyword,7,0.7790123383130497,0.7774757690365931,0.19724582023746398,0.0015365692764565913
BAC,log_gk,1,85.0,target_sector_event_weighted,same_day_text,stale_20d,target_event_keyword,6,0.8629425569370781,0.8591955238411476,0.4342158195593213,0.0037470330959306075
BX,log_gk,1,85.0,target_sector_event_weighted,same_day_text,stale_20d,target_event_keyword,6,0.4191873896020832,0.39909758019103964,4.79256053721319,0.01646094677602372
C,log_gk,1,85.0,target_sector_event_weighted,same_day_text,stale_20d,target_event_keyword,4,0.7403898281831056,0.7430918527863781,-0.3649462081216323,-0.0027020246032725126
ABT,log_gk,1,90.0,target_sector_event_weighted,same_day_text,stale_20d,target_event_keyword,6,0.8662846179200151,0.8426805240527266,2.724750431787979,0.02360409386728864
AMD,log_gk,1,90.0,target_sector_event_weighted,same_day_text,stale_20d,target_event_keyword,6,0.7986908933631663,0.7997329282445605,-0.1304678555938398,-0.0010420348813942788
AMGN,log_gk,1,90.0,target_sector_event_weighted,same_day_text,stale_20d,target_event_keyword,5,0.7401301966556576,0.7067389119225985,4.511542007600891,0.03339128473305912
AXP,log_gk,1,90.0,target_sector_event_weighted,same_day_text,stale_20d,target_event_keyword,4,0.9149140832687737,0.9128453145132505,0.22611617783081578,0.002068768755523198
BAC,log_gk,1,90.0,target_sector_event_weighted,same_day_text,stale_20d,target_event_keyword,5,0.8830063770763807,0.8830764075582966,-0.0079309146268869,-7.003048191567274e-05
BX,log_gk,1,90.0,target_sector_event_weighted,same_day_text,stale_20d,target_event_keyword,3,0.5959605528885588,0.5639378263904002,5.373296326904137,0.032022726498158516
C,log_gk,1,90.0,target_sector_event_weighted,same_day_text,stale_20d,target_event_keyword,1,0.9241820403033101,0.8943181056165974,3.231390936455715,0.029863934686712668
ABT,log_gk,1,95.0,target_sector_event_weighted,same_day_text,stale_20d,target_event_keyword,1,1.0232591473116193,1.0277178560130436,-0.43573602182189414,-0.0044587087014242854
AMD,log_gk,1,95.0,target_sector_event_weighted,same_day_text,stale_20d,target_event_keyword,5,0.8686390617130246,0.8544043099402675,1.6387418434401366,0.014234751772757015
AMGN,log_gk,1,95.0,target_sector_event_weighted,same_day_text,stale_20d,target_event_keyword,2,0.8572607141579454,0.8357362529569823,2.5108418997254223,0.021524461200963074
AXP,log_gk,1,95.0,target_sector_event_weighted,same_day_text,stale_20d,target_event_keyword,2,1.0188047690991309,1.01485636598772,0.38755247631026496,0.003948403111410759
BAC,log_gk,1,95.0,target_sector_event_weighted,same_day_text,stale_20d,target_event_keyword,2,1.1390909327769498,1.1480690078766576,-0.788178962834897,-0.008978075099707716
ABT,log_gk,3,80.0,target_sector_event_weighted,same_day_text,stale_20d,target_event_keyword,15,0.5812035140558642,0.5908893906527594,-1.6665206528610457,-0.00968587659689515
AMD,log_gk,3,80.0,target_sector_event_weighted,same_day_text,stale_20d,target_event_keyword,20,0.6130731960405776,0.5965986072580123,2.6872140046186184,0.016474588782565268
AMGN,log_gk,3,80.0,target_sector_event_weighted,same_day_text,stale_20d,target_event_keyword,9,0.6176728055449523,0.6233628750028278,-0.9212109399660837,-0.005690069457875523
AXP,log_gk,3,80.0,target_sector_event_weighted,same_day_text,stale_20d,target_event_keyword,8,0.863204083330072,0.8582020372960449,0.5794743248584024,0.005002046034027097
BAC,log_gk,3,80.0,target_sector_event_weighted,same_day_text,stale_20d,target_event_keyword,7,0.7105616199097647,0.7171555597126062,-0.9279898629592297,-0.006593939802841652
BX,log_gk,3,80.0,target_sector_event_weighted,same_day_text,stale_20d,target_event_keyword,12,0.5326304104925836,0.5238737641923925,1.6440379910138563,0.011132272632304726
C,log_gk,3,80.0,target_sector_event_weighted,same_day_text,stale_20d,target_event_keyword,8,0.6449256551447198,0.6451365646138394,-0.03270291194607319,-0.00021090946911950237
ABT,log_gk,3,85.0,target_sector_event_weighted,same_day_text,stale_20d,target_event_keyword,9,0.7043317084518211,0.7121766310716066,-1.1138107976182423,-0.007844922619785422
AMD,log_gk,3,85.0,target_sector_event_weighted,same_day_text,stale_20d,target_event_keyword,14,0.6674724687930441,0.6512834697405258,2.4254182471064443,0.016188999052518298
AMGN,log_gk,3,85.0,target_sector_event_weighted,same_day_text,stale_20d,target_event_keyword,8,0.6448734654610025,0.6504327552106266,-0.8620745072290835,-0.005559289749624052
AXP,log_gk,3,85.0,target_sector_event_weighted,same_day_text,stale_20d,target_event_keyword,6,0.9457261966618753,0.9493010343956038,-0.37799922920043344,-0.0035748377337284274
BAC,log_gk,3,85.0,target_sector_event_weighted,same_day_text,stale_20d,target_event_keyword,5,0.8117910153010023,0.8226064801274295,-1.3322966899820903,-0.010815464826427323
BX,log_gk,3,85.0,target_sector_event_weighted,same_day_text,stale_20d,target_event_keyword,9,0.6131236700806618,0.5939218689795496,3.131799021653508,0.01920180110111236
C,log_gk,3,85.0,target_sector_event_weighted,same_day_text,stale_20d,target_event_keyword,4,0.7807717070891225,0.7877286697656407,-0.8910367285791169,-0.006956962676518241
ABT,log_gk,3,90.0,target_sector_event_weighted,same_day_text,stale_20d,target_event_keyword,4,0.9270294448927492,0.9211636917511605,0.6327472308355087,0.005865753141588659
AMD,log_gk,3,90.0,target_sector_event_weighted,same_day_text,stale_20d,target_event_keyword,6,0.8872633855122469,0.8692113708190851,2.03457225756474,0.018052014693161905
AMGN,log_gk,3,90.0,target_sector_event_weighted,same_day_text,stale_20d,target_event_keyword,1,0.6283190808500185,0.6461236497233136,-2.833682664739107,-0.017804568873295068
AXP,log_gk,3,90.0,target_sector_event_weighted,same_day_text,stale_20d,target_event_keyword,4,1.1005966607601765,1.0973489995714227,0.29508186827594085,0.0032476611887537477
BAC,log_gk,3,90.0,target_sector_event_weighted,same_day_text,stale_20d,target_event_keyword,3,1.0933454778914515,1.0792642868553106,1.2878995085155427,0.014081191036140991
BX,log_gk,3,90.0,target_sector_event_weighted,same_day_text,stale_20d,target_event_keyword,6,0.6321752616522828,0.6093800744647891,3.6058334721790692,0.022795187187493626
C,log_gk,3,90.0,target_sector_event_weighted,same_day_text,stale_20d,target_event_keyword,3,0.8318629655790103,0.8227397521663461,1.0967207088386335,0.0091232134126642
ABT,log_gk,3,95.0,target_sector_event_weighted,same_day_text,stale_20d,target_event_keyword,1,1.0276705618993436,1.031984696645318,-0.41979744345317355,-0.004314134745974307
AMD,log_gk,3,95.0,target_sector_event_weighted,same_day_text,stale_20d,target_event_keyword,5,0.9456344229299953,0.9249670617025426,2.185555086226245,0.020667361227452653
AXP,log_gk,3,95.0,target_sector_event_weighted,same_day_text,stale_20d,target_event_keyword,3,1.087494897991131,1.0984172523872433,-1.0043591391820406,-0.010922354396112333
BAC,log_gk,3,95.0,target_sector_event_weighted,same_day_text,stale_20d,target_event_keyword,2,1.2828557361827784,1.2653423078795876,1.3651907856220187,0.017513428303190803
BX,log_gk,3,95.0,target_sector_event_weighted,same_day_text,stale_20d,target_event_keyword,2,0.7731724747526869,0.764107263960609,1.1724694150522579,0.009065210792077893
C,log_gk,3,95.0,target_sector_event_weighted,same_day_text,stale_20d,target_event_keyword,1,0.703203212709496,0.7035877546490945,-0.054684326329625395,-0.0003845419395984706
ABT,log_abs_return,1,80.0,target_sector_event_weighted,same_day_text,stale_20d,target_event_keyword,15,2.1286364484420703,2.124581977847508,0.1904726660830158,0.004054470594562254
AMD,log_abs_return,1,80.0,target_sector_event_weighted,same_day_text,stale_20d,target_event_keyword,23,2.307253961053972,2.1910820498505887,5.035072565237473,0.11617191120338345
AMGN,log_abs_return,1,80.0,target_sector_event_weighted,same_day_text,stale_20d,target_event_keyword,19,2.011413646066492,1.9352051542879658,3.788802563190273,0.0762084917785256
AXP,log_abs_return,1,80.0,target_sector_event_weighted,same_day_text,stale_20d,target_event_keyword,10,1.7821010496831318,1.7115361021331723,3.9596490649341307,0.07056494754995919
BAC,log_abs_return,1,80.0,target_sector_event_weighted,same_day_text,stale_20d,target_event_keyword,20,2.100610763211964,2.030515833804019,3.3368832834487354,0.08778953030955602
BX,log_abs_return,1,80.0,target_sector_event_weighted,same_day_text,stale_20d,target_event_keyword,15,1.9234859842492633,1.8747770071890697,2.532328151026519,0.048708977060193434
C,log_abs_return,1,80.0,target_sector_event_weighted,same_day_text,stale_20d,target_event_keyword,10,1.6156311430140455,1.621261446230816,-0.34848939630284387,-0.005630303216770605
ABT,log_abs_return,1,85.0,target_sector_event_weighted,same_day_text,stale_20d,target_event_keyword,9,2.1113127479317466,2.0766715661715227,1.6407413725966744,0.034641181760223856
AMD,log_abs_return,1,85.0,target_sector_event_weighted,same_day_text,stale_20d,target_event_keyword,15,2.484229061984355,2.285039183090637,8.018176823622246,0.19918987889371817
AMGN,log_abs_return,1,85.0,target_sector_event_weighted,same_day_text,stale_20d,target_event_keyword,16,2.2078219901307676,2.1227793965027395,3.85187728033233,0.08504259362802807
AXP,log_abs_return,1,85.0,target_sector_event_weighted,same_day_text,stale_20d,target_event_keyword,6,1.81726961331852,1.7637163885339646,2.946905863173584,0.053553224784555375
BAC,log_abs_return,1,85.0,target_sector_event_weighted,same_day_text,stale_20d,target_event_keyword,12,2.1518630441143594,2.161517412020839,-0.4486515967122442,0.019836633596205095
BX,log_abs_return,1,85.0,target_sector_event_weighted,same_day_text,stale_20d,target_event_keyword,9,2.137433607039107,1.9726060570490374,7.711469935124588,0.16482754999006932
C,log_abs_return,1,85.0,target_sector_event_weighted,same_day_text,stale_20d,target_event_keyword,7,1.550942236156938,1.4519181552070848,6.384769119140368,0.09902408094985349
ABT,log_abs_return,1,90.0,target_sector_event_weighted,same_day_text,stale_20d,target_event_keyword,6,2.4480962642437913,2.176496186845568,11.094338133885415,0.2716000773982233
AMD,log_abs_return,1,90.0,target_sector_event_weighted,same_day_text,stale_20d,target_event_keyword,12,2.5726500221830615,2.360285448459295,8.25470125717143,0.21236457372376616
AMGN,log_abs_return,1,90.0,target_sector_event_weighted,same_day_text,stale_20d,target_event_keyword,9,2.3357238502496087,2.201452769227774,5.7485854334828845,0.1342710810218346
AXP,log_abs_return,1,90.0,target_sector_event_weighted,same_day_text,stale_20d,target_event_keyword,6,1.81726961331852,1.7637163885339646,2.946905863173584,0.053553224784555375
BAC,log_abs_return,1,90.0,target_sector_event_weighted,same_day_text,stale_20d,target_event_keyword,7,2.2167686684763956,2.2048313730559266,0.5384998259053196,0.062493297996499386
BX,log_abs_return,1,90.0,target_sector_event_weighted,same_day_text,stale_20d,target_event_keyword,5,2.201106277316613,2.0432289238979267,7.17263655306803,0.15787735341868653
C,log_abs_return,1,90.0,target_sector_event_weighted,same_day_text,stale_20d,target_event_keyword,5,1.695038468780017,1.5573644596224565,8.122176085870766,0.13767400915756065
ABT,log_abs_return,1,95.0,target_sector_event_weighted,same_day_text,stale_20d,target_event_keyword,3,2.345691316634381,2.0871110908983765,11.02362548312698,0.2585802257360042
AMD,log_abs_return,1,95.0,target_sector_event_weighted,same_day_text,stale_20d,target_event_keyword,7,2.90282232098065,2.7081411929207837,6.706615374037014,0.19468112805986668
AMGN,log_abs_return,1,95.0,target_sector_event_weighted,same_day_text,stale_20d,target_event_keyword,2,2.9458166120306295,2.8606934529097474,2.8896285930781156,0.08512315912088209
AXP,log_abs_return,1,95.0,target_sector_event_weighted,same_day_text,stale_20d,target_event_keyword,2,1.9015547102869845,1.7476189411210072,8.095258492075947,0.1539357691659773
BAC,log_abs_return,1,95.0,target_sector_event_weighted,same_day_text,stale_20d,target_event_keyword,3,3.0936636881111994,2.9673627585970563,4.0825681860478715,0.1263009295141435
BX,log_abs_return,1,95.0,target_sector_event_weighted,same_day_text,stale_20d,target_event_keyword,2,2.413591038692463,2.5553978801398225,-5.875346700167648,-0.14180684144735967
C,log_abs_return,1,95.0,target_sector_event_weighted,same_day_text,stale_20d,target_event_keyword,1,0.3871329009508724,0.42957201478571383,-10.962414646392201,-0.042439113834841447
ABT,log_abs_return,3,80.0,target_sector_event_weighted,same_day_text,stale_20d,target_event_keyword,24,1.4698385170987622,1.4022882959554182,4.595757993652115,0.06755022114334384
AMD,log_abs_return,3,80.0,target_sector_event_weighted,same_day_text,stale_20d,target_event_keyword,27,1.2925204788157958,1.20215380874054,6.991507798626884,0.09036667007525602
AMGN,log_abs_return,3,80.0,target_sector_event_weighted,same_day_text,stale_20d,target_event_keyword,16,1.3851414301779144,1.3952710065804845,-0.7313026801363584,-0.010129576402570062
AXP,log_abs_return,3,80.0,target_sector_event_weighted,same_day_text,stale_20d,target_event_keyword,13,1.3926869650933786,1.4267793937009399,-2.4479606302106345,-0.034092428607560996
BAC,log_abs_return,3,80.0,target_sector_event_weighted,same_day_text,stale_20d,target_event_keyword,17,1.4765056092179683,1.478479690451443,-0.13369954175252532,-0.001974081233474573
BX,log_abs_return,3,80.0,target_sector_event_weighted,same_day_text,stale_20d,target_event_keyword,15,1.145745548102449,1.2127343835432283,-5.846746299972473,-0.06698883544077923
C,log_abs_return,3,80.0,target_sector_event_weighted,same_day_text,stale_20d,target_event_keyword,10,1.4326429018771083,1.4229963419078002,0.673340157318251,0.009646559969308032
ABT,log_abs_return,3,85.0,target_sector_event_weighted,same_day_text,stale_20d,target_event_keyword,18,1.6165463063562908,1.5755847570407069,2.5338927288703292,0.04096154931558379
AMD,log_abs_return,3,85.0,target_sector_event_weighted,same_day_text,stale_20d,target_event_keyword,19,1.4162332824732167,1.3169430639029343,7.010866062749812,0.09929021857028253
AMGN,log_abs_return,3,85.0,target_sector_event_weighted,same_day_text,stale_20d,target_event_keyword,10,1.565996213071277,1.5769484121581354,-0.6993758347204835,-0.010952199086858183
AXP,log_abs_return,3,85.0,target_sector_event_weighted,same_day_text,stale_20d,target_event_keyword,10,1.4388802550788098,1.4785025221964605,-2.753687596851521,-0.03962226711765089
BAC,log_abs_return,3,85.0,target_sector_event_weighted,same_day_text,stale_20d,target_event_keyword,15,1.5606765975476167,1.577449692266603,-1.0747322504446413,-0.016773094718986255
BX,log_abs_return,3,85.0,target_sector_event_weighted,same_day_text,stale_20d,target_event_keyword,7,1.3752024240493863,1.45798557910126,-6.019706888540266,-0.08278315505187336
C,log_abs_return,3,85.0,target_sector_event_weighted,same_day_text,stale_20d,target_event_keyword,6,1.5634776182932566,1.5847670758751056,-1.3616733193206334,-0.021289457581848897
ABT,log_abs_return,3,90.0,target_sector_event_weighted,same_day_text,stale_20d,target_event_keyword,10,1.7964011105373736,1.73256796925518,3.5533902149001984,0.0638331412821933
AMD,log_abs_return,3,90.0,target_sector_event_weighted,same_day_text,stale_20d,target_event_keyword,12,1.586581669731857,1.4613067645753997,7.895900195142791,0.12527490515645742
AMGN,log_abs_return,3,90.0,target_sector_event_weighted,same_day_text,stale_20d,target_event_keyword,8,1.6890463232585187,1.6824973210632703,0.3877337231707161,0.0065490021952481214
AXP,log_abs_return,3,90.0,target_sector_event_weighted,same_day_text,stale_20d,target_event_keyword,3,1.7855400963896404,1.8388731611484719,-2.986942990900673,-0.05333306475883148
BAC,log_abs_return,3,90.0,target_sector_event_weighted,same_day_text,stale_20d,target_event_keyword,8,1.7967386863707893,1.8176141115953124,-1.1618509348562613,-0.020875425224523014
BX,log_abs_return,3,90.0,target_sector_event_weighted,same_day_text,stale_20d,target_event_keyword,5,1.546478921868183,1.6398511243633371,-6.037728751088207,-0.09337220249515417
C,log_abs_return,3,90.0,target_sector_event_weighted,same_day_text,stale_20d,target_event_keyword,3,1.833864733857567,1.835381114323317,-0.08268769434047263,-0.001516380465749793
ABT,log_abs_return,3,95.0,target_sector_event_weighted,same_day_text,stale_20d,target_event_keyword,4,2.1714381731391503,2.101963742027446,3.19946623261523,0.06947443111170415
AMD,log_abs_return,3,95.0,target_sector_event_weighted,same_day_text,stale_20d,target_event_keyword,8,1.7242088604242807,1.5911024635193889,7.719853433077588,0.13310639690489168
AMGN,log_abs_return,3,95.0,target_sector_event_weighted,same_day_text,stale_20d,target_event_keyword,2,2.0879177473907022,2.0087940674514453,3.789597556615381,0.07912367993925695
AXP,log_abs_return,3,95.0,target_sector_event_weighted,same_day_text,stale_20d,target_event_keyword,2,1.8977190322700426,1.9219006712948588,-1.2742475895333263,-0.02418163902481618
BAC,log_abs_return,3,95.0,target_sector_event_weighted,same_day_text,stale_20d,target_event_keyword,3,2.008031200925527,2.0114344105243895,-0.16947991631276313,-0.0034032095988626074
BX,log_abs_return,3,95.0,target_sector_event_weighted,same_day_text,stale_20d,target_event_keyword,2,1.7395603916227456,1.8510519033387358,-6.409177413609976,-0.11149151171599025
C,log_abs_return,3,95.0,target_sector_event_weighted,same_day_text,stale_20d,target_event_keyword,1,2.1476471965192094,2.187107531057048,-1.8373750866433534,-0.03946033453783837
