ticker,target_name,horizon,spike_percentile,embedding_variant,alignment_mode,placebo_variant,evaluation_filter,num_test_spikes,num_test_samples,precision,recall,f1,roc_auc,pr_auc
ABT,log_gk,1,80.0,target_sector_weighted,shifted_1_day_text,correct_text,target_event_keyword,14,125,0.3333333333333333,0.35714285714285715,0.3448275862068966,0.6885456885456884,0.42168466960817474
AMD,log_gk,1,80.0,target_sector_weighted,shifted_1_day_text,correct_text,target_event_keyword,17,173,0.10638297872340426,0.29411764705882354,0.15625,0.5086726998491704,0.12045141501616369
AMGN,log_gk,1,80.0,target_sector_weighted,shifted_1_day_text,correct_text,target_event_keyword,13,77,0.26666666666666666,0.3076923076923077,0.2857142857142857,0.5552884615384615,0.340917730475677
AXP,log_gk,1,80.0,target_sector_weighted,shifted_1_day_text,correct_text,target_event_keyword,10,85,0.2857142857142857,0.4,0.3333333333333333,0.7,0.3859819734345351
BAC,log_gk,1,80.0,target_sector_weighted,shifted_1_day_text,correct_text,target_event_keyword,9,105,0.13333333333333333,0.2222222222222222,0.16666666666666666,0.587962962962963,0.14357449184709864
BX,log_gk,1,80.0,target_sector_weighted,shifted_1_day_text,correct_text,target_event_keyword,10,86,0.13725490196078433,0.7,0.22950819672131148,0.7223684210526315,0.49121236308143323
C,log_gk,1,80.0,target_sector_weighted,shifted_1_day_text,correct_text,target_event_keyword,9,100,0.23076923076923078,0.3333333333333333,0.2727272727272727,0.7167277167277166,0.22514067097247203
ABT,log_gk,1,85.0,target_sector_weighted,shifted_1_day_text,correct_text,target_event_keyword,10,125,0.36363636363636365,0.4,0.38095238095238093,0.6852173913043478,0.34346484114089404
AMD,log_gk,1,85.0,target_sector_weighted,shifted_1_day_text,correct_text,target_event_keyword,13,173,0.09259259259259259,0.38461538461538464,0.14925373134328357,0.5350961538461538,0.10781859559904533
AMGN,log_gk,1,85.0,target_sector_weighted,shifted_1_day_text,correct_text,target_event_keyword,11,77,0.3076923076923077,0.36363636363636365,0.3333333333333333,0.6707988980716253,0.43596835092882524
AXP,log_gk,1,85.0,target_sector_weighted,shifted_1_day_text,correct_text,target_event_keyword,7,85,0.16666666666666666,0.2857142857142857,0.21052631578947367,0.6703296703296704,0.16171333576239283
BAC,log_gk,1,85.0,target_sector_weighted,shifted_1_day_text,correct_text,target_event_keyword,6,105,0.125,0.16666666666666666,0.14285714285714285,0.5673400673400674,0.12840070380081758
BX,log_gk,1,85.0,target_sector_weighted,shifted_1_day_text,correct_text,target_event_keyword,6,86,0.1388888888888889,0.8333333333333334,0.23809523809523808,0.7770833333333333,0.45869990224828927
C,log_gk,1,85.0,target_sector_weighted,shifted_1_day_text,correct_text,target_event_keyword,4,100,0.0,0.0,0.0,0.4869791666666667,0.04628679286574024
ABT,log_gk,1,90.0,target_sector_weighted,shifted_1_day_text,correct_text,target_event_keyword,6,125,0.1111111111111111,0.16666666666666666,0.13333333333333333,0.5770308123249299,0.09176923456584474
AMD,log_gk,1,90.0,target_sector_weighted,shifted_1_day_text,correct_text,target_event_keyword,6,173,0.07692307692307693,0.5,0.13333333333333333,0.6437125748502994,0.07567229444233838
AMGN,log_gk,1,90.0,target_sector_weighted,shifted_1_day_text,correct_text,target_event_keyword,5,77,0.14285714285714285,0.4,0.21052631578947367,0.7333333333333334,0.3161111111111111
AXP,log_gk,1,90.0,target_sector_weighted,shifted_1_day_text,correct_text,target_event_keyword,4,85,0.0,0.0,0.0,0.6234567901234568,0.09343019049915602
BAC,log_gk,1,90.0,target_sector_weighted,shifted_1_day_text,correct_text,target_event_keyword,5,105,0.14285714285714285,0.2,0.16666666666666666,0.6859999999999999,0.18511904761904763
BX,log_gk,1,90.0,target_sector_weighted,shifted_1_day_text,correct_text,target_event_keyword,3,86,0.06896551724137931,0.6666666666666666,0.125,0.6746987951807228,0.22282608695652173
C,log_gk,1,90.0,target_sector_weighted,shifted_1_day_text,correct_text,target_event_keyword,1,100,0.0,0.0,0.0,0.6363636363636364,0.02702702702702703
ABT,log_gk,1,95.0,target_sector_weighted,shifted_1_day_text,correct_text,target_event_keyword,1,125,0.0,0.0,0.0,0.6048387096774194,0.02
AMD,log_gk,1,95.0,target_sector_weighted,shifted_1_day_text,correct_text,target_event_keyword,5,173,0.058823529411764705,0.4,0.10256410256410256,0.6773809523809524,0.06643496912241482
AMGN,log_gk,1,95.0,target_sector_weighted,shifted_1_day_text,correct_text,target_event_keyword,2,77,0.1111111111111111,0.5,0.18181818181818182,0.8133333333333334,0.5333333333333333
AXP,log_gk,1,95.0,target_sector_weighted,shifted_1_day_text,correct_text,target_event_keyword,2,85,0.0,0.0,0.0,0.5180722891566265,0.059343434343434344
BAC,log_gk,1,95.0,target_sector_weighted,shifted_1_day_text,correct_text,target_event_keyword,2,105,0.25,0.5,0.3333333333333333,0.7330097087378641,0.26785714285714285
BX,log_gk,1,95.0,target_sector_weighted,shifted_1_day_text,correct_text,target_event_keyword,0,86,,,,,
C,log_gk,1,95.0,target_sector_weighted,shifted_1_day_text,correct_text,target_event_keyword,0,100,,,,,
ABT,log_gk,3,80.0,target_sector_weighted,shifted_1_day_text,correct_text,target_event_keyword,15,125,0.5,0.3333333333333333,0.4,0.5593939393939394,0.3545726723684006
AMD,log_gk,3,80.0,target_sector_weighted,shifted_1_day_text,correct_text,target_event_keyword,20,173,0.08333333333333333,0.2,0.11764705882352941,0.4359477124183007,0.147792812181752
AMGN,log_gk,3,80.0,target_sector_weighted,shifted_1_day_text,correct_text,target_event_keyword,9,77,0.0,0.0,0.0,0.3709150326797386,0.09756164993433032
AXP,log_gk,3,80.0,target_sector_weighted,shifted_1_day_text,correct_text,target_event_keyword,8,85,0.0,0.0,0.0,0.5584415584415584,0.11558554629450152
BAC,log_gk,3,80.0,target_sector_weighted,shifted_1_day_text,correct_text,target_event_keyword,7,105,0.07142857142857142,0.14285714285714285,0.09523809523809523,0.5422740524781341,0.11862826770346195
BX,log_gk,3,80.0,target_sector_weighted,shifted_1_day_text,correct_text,target_event_keyword,12,86,0.2,0.8333333333333334,0.3225806451612903,0.7240990990990992,0.4962874766842221
C,log_gk,3,80.0,target_sector_weighted,shifted_1_day_text,correct_text,target_event_keyword,8,100,0.09090909090909091,0.125,0.10526315789473684,0.53125,0.1490381913635019
ABT,log_gk,3,85.0,target_sector_weighted,shifted_1_day_text,correct_text,target_event_keyword,9,125,0.25,0.2222222222222222,0.23529411764705882,0.5833333333333334,0.30925520561944886
AMD,log_gk,3,85.0,target_sector_weighted,shifted_1_day_text,correct_text,target_event_keyword,14,173,0.075,0.21428571428571427,0.1111111111111111,0.47349505840071876,0.14549765778322604
AMGN,log_gk,3,85.0,target_sector_weighted,shifted_1_day_text,correct_text,target_event_keyword,8,77,0.0,0.0,0.0,0.38949275362318836,0.08958887658644327
AXP,log_gk,3,85.0,target_sector_weighted,shifted_1_day_text,correct_text,target_event_keyword,6,85,0.0,0.0,0.0,0.6181434599156118,0.10525501318184247
BAC,log_gk,3,85.0,target_sector_weighted,shifted_1_day_text,correct_text,target_event_keyword,5,105,0.1,0.2,0.13333333333333333,0.5920000000000001,0.1214266625386923
BX,log_gk,3,85.0,target_sector_weighted,shifted_1_day_text,correct_text,target_event_keyword,9,86,0.14285714285714285,0.6666666666666666,0.23529411764705882,0.6969696969696969,0.34252758991714816
C,log_gk,3,85.0,target_sector_weighted,shifted_1_day_text,correct_text,target_event_keyword,4,100,0.1111111111111111,0.25,0.15384615384615385,0.5963541666666666,0.165625
ABT,log_gk,3,90.0,target_sector_weighted,shifted_1_day_text,correct_text,target_event_keyword,4,125,0.14285714285714285,0.25,0.18181818181818182,0.49793388429752067,0.11201989303946196
AMD,log_gk,3,90.0,target_sector_weighted,shifted_1_day_text,correct_text,target_event_keyword,6,173,0.0,0.0,0.0,0.37425149700598803,0.03050516296561161
AMGN,log_gk,3,90.0,target_sector_weighted,shifted_1_day_text,correct_text,target_event_keyword,1,77,0.0,0.0,0.0,0.14473684210526316,0.015151515151515152
AXP,log_gk,3,90.0,target_sector_weighted,shifted_1_day_text,correct_text,target_event_keyword,4,85,0.0,0.0,0.0,0.5895061728395062,0.06831004140786748
BAC,log_gk,3,90.0,target_sector_weighted,shifted_1_day_text,correct_text,target_event_keyword,3,105,0.0,0.0,0.0,0.5686274509803921,0.04532163742690058
BX,log_gk,3,90.0,target_sector_weighted,shifted_1_day_text,correct_text,target_event_keyword,6,86,0.11764705882352941,0.6666666666666666,0.2,0.6666666666666666,0.21058108233546827
C,log_gk,3,90.0,target_sector_weighted,shifted_1_day_text,correct_text,target_event_keyword,3,100,0.1111111111111111,0.3333333333333333,0.16666666666666666,0.6597938144329897,0.36512059369202227
ABT,log_gk,3,95.0,target_sector_weighted,shifted_1_day_text,correct_text,target_event_keyword,1,125,0.2,1.0,0.3333333333333333,0.9919354838709677,0.5
AMD,log_gk,3,95.0,target_sector_weighted,shifted_1_day_text,correct_text,target_event_keyword,5,173,0.0,0.0,0.0,0.42619047619047623,0.02864588570470923
AMGN,log_gk,3,95.0,target_sector_weighted,shifted_1_day_text,correct_text,target_event_keyword,0,77,,,,,
AXP,log_gk,3,95.0,target_sector_weighted,shifted_1_day_text,correct_text,target_event_keyword,3,85,0.0,0.0,0.0,0.6178861788617886,0.05810671899822446
BAC,log_gk,3,95.0,target_sector_weighted,shifted_1_day_text,correct_text,target_event_keyword,2,105,0.0,0.0,0.0,0.7135922330097088,0.07442348008385744
BX,log_gk,3,95.0,target_sector_weighted,shifted_1_day_text,correct_text,target_event_keyword,2,86,0.10526315789473684,1.0,0.19047619047619047,0.8988095238095238,0.1875
C,log_gk,3,95.0,target_sector_weighted,shifted_1_day_text,correct_text,target_event_keyword,1,100,0.25,1.0,0.4,0.98989898989899,0.5
ABT,log_abs_return,1,80.0,target_sector_weighted,shifted_1_day_text,correct_text,target_event_keyword,15,125,0.17391304347826086,0.26666666666666666,0.21052631578947367,0.49818181818181817,0.14314859842131292
AMD,log_abs_return,1,80.0,target_sector_weighted,shifted_1_day_text,correct_text,target_event_keyword,23,173,0.08620689655172414,0.21739130434782608,0.12345679012345678,0.49884057971014495,0.195657980841076
AMGN,log_abs_return,1,80.0,target_sector_weighted,shifted_1_day_text,correct_text,target_event_keyword,19,77,0.23809523809523808,0.2631578947368421,0.25,0.5117967332123412,0.3263426004130768
AXP,log_abs_return,1,80.0,target_sector_weighted,shifted_1_day_text,correct_text,target_event_keyword,10,85,0.3333333333333333,0.5,0.4,0.7586666666666667,0.3426356627175041
BAC,log_abs_return,1,80.0,target_sector_weighted,shifted_1_day_text,correct_text,target_event_keyword,20,105,0.16666666666666666,0.15,0.15789473684210525,0.5570588235294118,0.2515725496565874
BX,log_abs_return,1,80.0,target_sector_weighted,shifted_1_day_text,correct_text,target_event_keyword,15,86,0.19230769230769232,0.6666666666666666,0.29850746268656714,0.6206572769953052,0.35181686100857207
C,log_abs_return,1,80.0,target_sector_weighted,shifted_1_day_text,correct_text,target_event_keyword,10,100,0.14285714285714285,0.2,0.16666666666666666,0.5311111111111111,0.27561129443930193
ABT,log_abs_return,1,85.0,target_sector_weighted,shifted_1_day_text,correct_text,target_event_keyword,9,125,0.17391304347826086,0.4444444444444444,0.25,0.5613026819923371,0.11752831824137627
AMD,log_abs_return,1,85.0,target_sector_weighted,shifted_1_day_text,correct_text,target_event_keyword,15,173,0.07692307692307693,0.26666666666666666,0.11940298507462686,0.47552742616033755,0.1858211500104131
AMGN,log_abs_return,1,85.0,target_sector_weighted,shifted_1_day_text,correct_text,target_event_keyword,16,77,0.22727272727272727,0.3125,0.2631578947368421,0.49282786885245905,0.27821836802372774
AXP,log_abs_return,1,85.0,target_sector_weighted,shifted_1_day_text,correct_text,target_event_keyword,6,85,0.2,0.3333333333333333,0.25,0.8080168776371308,0.3702215608465609
BAC,log_abs_return,1,85.0,target_sector_weighted,shifted_1_day_text,correct_text,target_event_keyword,12,105,0.13333333333333333,0.16666666666666666,0.14814814814814814,0.5421146953405018,0.16034700664913723
BX,log_abs_return,1,85.0,target_sector_weighted,shifted_1_day_text,correct_text,target_event_keyword,9,86,0.1276595744680851,0.6666666666666666,0.21428571428571427,0.6378066378066378,0.19244494268174844
C,log_abs_return,1,85.0,target_sector_weighted,shifted_1_day_text,correct_text,target_event_keyword,7,100,0.21428571428571427,0.42857142857142855,0.2857142857142857,0.631336405529954,0.3751757401525203
ABT,log_abs_return,1,90.0,target_sector_weighted,shifted_1_day_text,correct_text,target_event_keyword,6,125,0.05555555555555555,0.16666666666666666,0.08333333333333333,0.41176470588235303,0.05976836239941598
AMD,log_abs_return,1,90.0,target_sector_weighted,shifted_1_day_text,correct_text,target_event_keyword,12,173,0.08333333333333333,0.3333333333333333,0.13333333333333333,0.4844720496894409,0.15642206992838206
AMGN,log_abs_return,1,90.0,target_sector_weighted,shifted_1_day_text,correct_text,target_event_keyword,9,77,0.1111111111111111,0.2222222222222222,0.14814814814814814,0.4526143790849673,0.17897870234177984
AXP,log_abs_return,1,90.0,target_sector_weighted,shifted_1_day_text,correct_text,target_event_keyword,6,85,0.2,0.3333333333333333,0.25,0.8059071729957806,0.2748006379585327
BAC,log_abs_return,1,90.0,target_sector_weighted,shifted_1_day_text,correct_text,target_event_keyword,7,105,0.1111111111111111,0.14285714285714285,0.125,0.5116618075801749,0.11348839214773945
BX,log_abs_return,1,90.0,target_sector_weighted,shifted_1_day_text,correct_text,target_event_keyword,5,86,0.07317073170731707,0.6,0.13043478260869565,0.5851851851851853,0.13422556359176077
C,log_abs_return,1,90.0,target_sector_weighted,shifted_1_day_text,correct_text,target_event_keyword,5,100,0.2,0.2,0.2,0.6063157894736843,0.3102514262235497
ABT,log_abs_return,1,95.0,target_sector_weighted,shifted_1_day_text,correct_text,target_event_keyword,3,125,0.08333333333333333,0.3333333333333333,0.13333333333333333,0.5464480874316939,0.10683720930232557
AMD,log_abs_return,1,95.0,target_sector_weighted,shifted_1_day_text,correct_text,target_event_keyword,7,173,0.02040816326530612,0.14285714285714285,0.03571428571428571,0.38296041308089496,0.03500887999656539
AMGN,log_abs_return,1,95.0,target_sector_weighted,shifted_1_day_text,correct_text,target_event_keyword,2,77,0.1,0.5,0.16666666666666666,0.5666666666666667,0.140625
AXP,log_abs_return,1,95.0,target_sector_weighted,shifted_1_day_text,correct_text,target_event_keyword,2,85,0.0,0.0,0.0,0.7710843373493976,0.07107843137254902
BAC,log_abs_return,1,95.0,target_sector_weighted,shifted_1_day_text,correct_text,target_event_keyword,3,105,0.0,0.0,0.0,0.6209150326797386,0.07049521431543904
BX,log_abs_return,1,95.0,target_sector_weighted,shifted_1_day_text,correct_text,target_event_keyword,2,86,0.038461538461538464,0.5,0.07142857142857142,0.38095238095238093,0.03157644824311491
C,log_abs_return,1,95.0,target_sector_weighted,shifted_1_day_text,correct_text,target_event_keyword,1,100,0.25,1.0,0.4,1.0,1.0
ABT,log_abs_return,3,80.0,target_sector_weighted,shifted_1_day_text,correct_text,target_event_keyword,24,125,0.08333333333333333,0.08333333333333333,0.08333333333333333,0.4344059405940594,0.1709884384863128
AMD,log_abs_return,3,80.0,target_sector_weighted,shifted_1_day_text,correct_text,target_event_keyword,27,173,0.1917808219178082,0.5185185185185185,0.28,0.5918315575849822,0.2698969336949264
AMGN,log_abs_return,3,80.0,target_sector_weighted,shifted_1_day_text,correct_text,target_event_keyword,16,77,0.16666666666666666,0.25,0.2,0.6475409836065573,0.29495004074932246
AXP,log_abs_return,3,80.0,target_sector_weighted,shifted_1_day_text,correct_text,target_event_keyword,13,85,0.2857142857142857,0.15384615384615385,0.2,0.5747863247863247,0.24876001111504895
BAC,log_abs_return,3,80.0,target_sector_weighted,shifted_1_day_text,correct_text,target_event_keyword,17,105,0.13793103448275862,0.23529411764705882,0.17391304347826086,0.4872994652406417,0.1790818225738038
BX,log_abs_return,3,80.0,target_sector_weighted,shifted_1_day_text,correct_text,target_event_keyword,15,86,0.21052631578947367,0.8,0.3333333333333333,0.6835680751173709,0.3000356825151008
C,log_abs_return,3,80.0,target_sector_weighted,shifted_1_day_text,correct_text,target_event_keyword,10,100,0.16666666666666666,0.3,0.21428571428571427,0.5322222222222222,0.13220287492873856
ABT,log_abs_return,3,85.0,target_sector_weighted,shifted_1_day_text,correct_text,target_event_keyword,18,125,0.045454545454545456,0.05555555555555555,0.05,0.3286604361370717,0.1082294073320415
AMD,log_abs_return,3,85.0,target_sector_weighted,shifted_1_day_text,correct_text,target_event_keyword,19,173,0.16417910447761194,0.5789473684210527,0.2558139534883721,0.6363636363636364,0.28368255011911836
AMGN,log_abs_return,3,85.0,target_sector_weighted,shifted_1_day_text,correct_text,target_event_keyword,10,77,0.18181818181818182,0.4,0.25,0.6805970149253731,0.23804624520046797
AXP,log_abs_return,3,85.0,target_sector_weighted,shifted_1_day_text,correct_text,target_event_keyword,10,85,0.125,0.1,0.1111111111111111,0.5840000000000001,0.16873180339106159
BAC,log_abs_return,3,85.0,target_sector_weighted,shifted_1_day_text,correct_text,target_event_keyword,15,105,0.05,0.06666666666666667,0.05714285714285714,0.4674074074074074,0.16401675787093012
BX,log_abs_return,3,85.0,target_sector_weighted,shifted_1_day_text,correct_text,target_event_keyword,7,86,0.1111111111111111,0.8571428571428571,0.19672131147540983,0.7233273056057866,0.17796964939822085
C,log_abs_return,3,85.0,target_sector_weighted,shifted_1_day_text,correct_text,target_event_keyword,6,100,0.09523809523809523,0.3333333333333333,0.14814814814814814,0.5390070921985815,0.09996578325245739
ABT,log_abs_return,3,90.0,target_sector_weighted,shifted_1_day_text,correct_text,target_event_keyword,10,125,0.04,0.1,0.05714285714285714,0.4043478260869565,0.07302986327113127
AMD,log_abs_return,3,90.0,target_sector_weighted,shifted_1_day_text,correct_text,target_event_keyword,12,173,0.13793103448275862,0.6666666666666666,0.22857142857142856,0.670807453416149,0.19724907170816333
AMGN,log_abs_return,3,90.0,target_sector_weighted,shifted_1_day_text,correct_text,target_event_keyword,8,77,0.09523809523809523,0.25,0.13793103448275862,0.6231884057971014,0.252069485855671
AXP,log_abs_return,3,90.0,target_sector_weighted,shifted_1_day_text,correct_text,target_event_keyword,3,85,0.0,0.0,0.0,0.7073170731707318,0.07422360248447205
BAC,log_abs_return,3,90.0,target_sector_weighted,shifted_1_day_text,correct_text,target_event_keyword,8,105,0.0,0.0,0.0,0.4123711340206185,0.06917022327793114
BX,log_abs_return,3,90.0,target_sector_weighted,shifted_1_day_text,correct_text,target_event_keyword,5,86,0.09523809523809523,0.8,0.1702127659574468,0.6518518518518519,0.10158570424105229
C,log_abs_return,3,90.0,target_sector_weighted,shifted_1_day_text,correct_text,target_event_keyword,3,100,0.0,0.0,0.0,0.21305841924398627,0.024574369690326118
ABT,log_abs_return,3,95.0,target_sector_weighted,shifted_1_day_text,correct_text,target_event_keyword,4,125,0.0,0.0,0.0,0.15702479338842976,0.02274280691353419
AMD,log_abs_return,3,95.0,target_sector_weighted,shifted_1_day_text,correct_text,target_event_keyword,8,173,0.11428571428571428,0.5,0.18604651162790697,0.7621212121212121,0.1606798677632922
AMGN,log_abs_return,3,95.0,target_sector_weighted,shifted_1_day_text,correct_text,target_event_keyword,2,77,0.05555555555555555,0.5,0.1,0.5866666666666667,0.05024509803921569
AXP,log_abs_return,3,95.0,target_sector_weighted,shifted_1_day_text,correct_text,target_event_keyword,2,85,0.0,0.0,0.0,0.7891566265060241,0.07738095238095238
BAC,log_abs_return,3,95.0,target_sector_weighted,shifted_1_day_text,correct_text,target_event_keyword,3,105,0.0,0.0,0.0,0.39215686274509803,0.030623932786315488
BX,log_abs_return,3,95.0,target_sector_weighted,shifted_1_day_text,correct_text,target_event_keyword,2,86,0.029411764705882353,0.5,0.05555555555555555,0.6130952380952381,0.046723952738990326
C,log_abs_return,3,95.0,target_sector_weighted,shifted_1_day_text,correct_text,target_event_keyword,1,100,0.0,0.0,0.0,0.4040404040404041,0.016666666666666666
ABT,log_gk,1,80.0,target_sector_weighted,shifted_1_day_text,shuffled_within_ticker,target_event_keyword,14,125,0.29411764705882354,0.35714285714285715,0.3225806451612903,0.6949806949806949,0.3990716086749626
AMD,log_gk,1,80.0,target_sector_weighted,shifted_1_day_text,shuffled_within_ticker,target_event_keyword,17,173,0.13559322033898305,0.47058823529411764,0.21052631578947367,0.5377073906485671,0.11355721560258736
AMGN,log_gk,1,80.0,target_sector_weighted,shifted_1_day_text,shuffled_within_ticker,target_event_keyword,13,77,0.29411764705882354,0.38461538461538464,0.3333333333333333,0.5997596153846154,0.3001401397404958
AXP,log_gk,1,80.0,target_sector_weighted,shifted_1_day_text,shuffled_within_ticker,target_event_keyword,10,85,0.2727272727272727,0.3,0.2857142857142857,0.704,0.2573477818025281
BAC,log_gk,1,80.0,target_sector_weighted,shifted_1_day_text,shuffled_within_ticker,target_event_keyword,9,105,0.14285714285714285,0.2222222222222222,0.17391304347826086,0.5185185185185185,0.10966290811122513
BX,log_gk,1,80.0,target_sector_weighted,shifted_1_day_text,shuffled_within_ticker,target_event_keyword,10,86,0.14583333333333334,0.7,0.2413793103448276,0.6789473684210526,0.33824384726761636
C,log_gk,1,80.0,target_sector_weighted,shifted_1_day_text,shuffled_within_ticker,target_event_keyword,9,100,0.2222222222222222,0.2222222222222222,0.2222222222222222,0.7142857142857143,0.22246592603091772
ABT,log_gk,1,85.0,target_sector_weighted,shifted_1_day_text,shuffled_within_ticker,target_event_keyword,10,125,0.3076923076923077,0.4,0.34782608695652173,0.688695652173913,0.43577071664868605
AMD,log_gk,1,85.0,target_sector_weighted,shifted_1_day_text,shuffled_within_ticker,target_event_keyword,13,173,0.10909090909090909,0.46153846153846156,0.17647058823529413,0.5923076923076923,0.09958099545912627
AMGN,log_gk,1,85.0,target_sector_weighted,shifted_1_day_text,shuffled_within_ticker,target_event_keyword,11,77,0.3125,0.45454545454545453,0.37037037037037035,0.6707988980716253,0.33243982517689097
AXP,log_gk,1,85.0,target_sector_weighted,shifted_1_day_text,shuffled_within_ticker,target_event_keyword,7,85,0.125,0.14285714285714285,0.13333333333333333,0.7124542124542125,0.15130867525442465
BAC,log_gk,1,85.0,target_sector_weighted,shifted_1_day_text,shuffled_within_ticker,target_event_keyword,6,105,0.15384615384615385,0.3333333333333333,0.21052631578947367,0.563973063973064,0.11974368863119336
BX,log_gk,1,85.0,target_sector_weighted,shifted_1_day_text,shuffled_within_ticker,target_event_keyword,6,86,0.11627906976744186,0.8333333333333334,0.20408163265306123,0.74375,0.4096427506103265
C,log_gk,1,85.0,target_sector_weighted,shifted_1_day_text,shuffled_within_ticker,target_event_keyword,4,100,0.0,0.0,0.0,0.46354166666666663,0.04381873849086964
ABT,log_gk,1,90.0,target_sector_weighted,shifted_1_day_text,shuffled_within_ticker,target_event_keyword,6,125,0.125,0.16666666666666666,0.14285714285714285,0.5868347338935573,0.1738810711866988
AMD,log_gk,1,90.0,target_sector_weighted,shifted_1_day_text,shuffled_within_ticker,target_event_keyword,6,173,0.08333333333333333,0.6666666666666666,0.14814814814814814,0.6417165668662675,0.06877439152980948
AMGN,log_gk,1,90.0,target_sector_weighted,shifted_1_day_text,shuffled_within_ticker,target_event_keyword,5,77,0.15384615384615385,0.4,0.2222222222222222,0.5972222222222222,0.11468517220765671
AXP,log_gk,1,90.0,target_sector_weighted,shifted_1_day_text,shuffled_within_ticker,target_event_keyword,4,85,0.0,0.0,0.0,0.6944444444444444,0.10981919083422842
BAC,log_gk,1,90.0,target_sector_weighted,shifted_1_day_text,shuffled_within_ticker,target_event_keyword,5,105,0.18181818181818182,0.4,0.25,0.628,0.122398487588361
BX,log_gk,1,90.0,target_sector_weighted,shifted_1_day_text,shuffled_within_ticker,target_event_keyword,3,86,0.027777777777777776,0.3333333333333333,0.05128205128205128,0.5742971887550201,0.11543585839360487
C,log_gk,1,90.0,target_sector_weighted,shifted_1_day_text,shuffled_within_ticker,target_event_keyword,1,100,0.0,0.0,0.0,0.3434343434343434,0.015151515151515152
ABT,log_gk,1,95.0,target_sector_weighted,shifted_1_day_text,shuffled_within_ticker,target_event_keyword,1,125,0.0,0.0,0.0,0.9112903225806451,0.08333333333333333
AMD,log_gk,1,95.0,target_sector_weighted,shifted_1_day_text,shuffled_within_ticker,target_event_keyword,5,173,0.06818181818181818,0.6,0.12244897959183673,0.6523809523809524,0.07139024823285284
AMGN,log_gk,1,95.0,target_sector_weighted,shifted_1_day_text,shuffled_within_ticker,target_event_keyword,2,77,0.1,0.5,0.16666666666666666,0.64,0.2681818181818182
AXP,log_gk,1,95.0,target_sector_weighted,shifted_1_day_text,shuffled_within_ticker,target_event_keyword,2,85,0.0,0.0,0.0,0.7289156626506024,0.06703296703296703
BAC,log_gk,1,95.0,target_sector_weighted,shifted_1_day_text,shuffled_within_ticker,target_event_keyword,2,105,0.125,0.5,0.2,0.6067961165048543,0.08441558441558442
BX,log_gk,1,95.0,target_sector_weighted,shifted_1_day_text,shuffled_within_ticker,target_event_keyword,0,86,,,,,
C,log_gk,1,95.0,target_sector_weighted,shifted_1_day_text,shuffled_within_ticker,target_event_keyword,0,100,,,,,
ABT,log_gk,3,80.0,target_sector_weighted,shifted_1_day_text,shuffled_within_ticker,target_event_keyword,15,125,0.25,0.26666666666666666,0.25806451612903225,0.5042424242424243,0.16810194807128626
AMD,log_gk,3,80.0,target_sector_weighted,shifted_1_day_text,shuffled_within_ticker,target_event_keyword,20,173,0.14492753623188406,0.5,0.2247191011235955,0.5199346405228757,0.14459920448418415
AMGN,log_gk,3,80.0,target_sector_weighted,shifted_1_day_text,shuffled_within_ticker,target_event_keyword,9,77,0.0,0.0,0.0,0.272875816993464,0.08511795864595091
AXP,log_gk,3,80.0,target_sector_weighted,shifted_1_day_text,shuffled_within_ticker,target_event_keyword,8,85,0.0,0.0,0.0,0.6103896103896105,0.13187868165975838
BAC,log_gk,3,80.0,target_sector_weighted,shifted_1_day_text,shuffled_within_ticker,target_event_keyword,7,105,0.05555555555555555,0.14285714285714285,0.08,0.6122448979591837,0.09399441100781716
BX,log_gk,3,80.0,target_sector_weighted,shifted_1_day_text,shuffled_within_ticker,target_event_keyword,12,86,0.2127659574468085,0.8333333333333334,0.3389830508474576,0.7725225225225224,0.4892093086946028
C,log_gk,3,80.0,target_sector_weighted,shifted_1_day_text,shuffled_within_ticker,target_event_keyword,8,100,0.1,0.125,0.1111111111111111,0.6304347826086957,0.13976442391757568
ABT,log_gk,3,85.0,target_sector_weighted,shifted_1_day_text,shuffled_within_ticker,target_event_keyword,9,125,0.07692307692307693,0.1111111111111111,0.09090909090909091,0.45114942528735635,0.07964523502902784
AMD,log_gk,3,85.0,target_sector_weighted,shifted_1_day_text,shuffled_within_ticker,target_event_keyword,14,173,0.09803921568627451,0.35714285714285715,0.15384615384615385,0.554806828391734,0.1042501689277891
AMGN,log_gk,3,85.0,target_sector_weighted,shifted_1_day_text,shuffled_within_ticker,target_event_keyword,8,77,0.0,0.0,0.0,0.27355072463768115,0.07730727127355254
AXP,log_gk,3,85.0,target_sector_weighted,shifted_1_day_text,shuffled_within_ticker,target_event_keyword,6,85,0.0,0.0,0.0,0.6371308016877637,0.12599118597791795
BAC,log_gk,3,85.0,target_sector_weighted,shifted_1_day_text,shuffled_within_ticker,target_event_keyword,5,105,0.06666666666666667,0.2,0.1,0.676,0.0861664406422245
BX,log_gk,3,85.0,target_sector_weighted,shifted_1_day_text,shuffled_within_ticker,target_event_keyword,9,86,0.1794871794871795,0.7777777777777778,0.2916666666666667,0.7503607503607503,0.28576568345403963
C,log_gk,3,85.0,target_sector_weighted,shifted_1_day_text,shuffled_within_ticker,target_event_keyword,4,100,0.125,0.25,0.16666666666666666,0.578125,0.15089339906144988
ABT,log_gk,3,90.0,target_sector_weighted,shifted_1_day_text,shuffled_within_ticker,target_event_keyword,4,125,0.0,0.0,0.0,0.41735537190082644,0.04302043338187917
AMD,log_gk,3,90.0,target_sector_weighted,shifted_1_day_text,shuffled_within_ticker,target_event_keyword,6,173,0.05,0.5,0.09090909090909091,0.5958083832335329,0.058271645990896064
AMGN,log_gk,3,90.0,target_sector_weighted,shifted_1_day_text,shuffled_within_ticker,target_event_keyword,1,77,0.0,0.0,0.0,0.21052631578947367,0.01639344262295082
AXP,log_gk,3,90.0,target_sector_weighted,shifted_1_day_text,shuffled_within_ticker,target_event_keyword,4,85,0.0,0.0,0.0,0.5030864197530864,0.06253137065637066
BAC,log_gk,3,90.0,target_sector_weighted,shifted_1_day_text,shuffled_within_ticker,target_event_keyword,3,105,0.0,0.0,0.0,0.673202614379085,0.057226399331662486
BX,log_gk,3,90.0,target_sector_weighted,shifted_1_day_text,shuffled_within_ticker,target_event_keyword,6,86,0.14285714285714285,0.8333333333333334,0.24390243902439024,0.8125,0.2949559941647586
C,log_gk,3,90.0,target_sector_weighted,shifted_1_day_text,shuffled_within_ticker,target_event_keyword,3,100,0.16666666666666666,0.3333333333333333,0.2222222222222222,0.4639175257731959,0.1873015873015873
ABT,log_gk,3,95.0,target_sector_weighted,shifted_1_day_text,shuffled_within_ticker,target_event_keyword,1,125,0.0,0.0,0.0,0.9274193548387096,0.1
AMD,log_gk,3,95.0,target_sector_weighted,shifted_1_day_text,shuffled_within_ticker,target_event_keyword,5,173,0.018867924528301886,0.2,0.034482758620689655,0.39404761904761904,0.02801677736308192
AMGN,log_gk,3,95.0,target_sector_weighted,shifted_1_day_text,shuffled_within_ticker,target_event_keyword,0,77,,,,,
AXP,log_gk,3,95.0,target_sector_weighted,shifted_1_day_text,shuffled_within_ticker,target_event_keyword,3,85,0.0,0.0,0.0,0.6504065040650406,0.07202380952380952
BAC,log_gk,3,95.0,target_sector_weighted,shifted_1_day_text,shuffled_within_ticker,target_event_keyword,2,105,0.0,0.0,0.0,0.5825242718446602,0.04060150375939849
BX,log_gk,3,95.0,target_sector_weighted,shifted_1_day_text,shuffled_within_ticker,target_event_keyword,2,86,0.08333333333333333,1.0,0.15384615384615385,0.8511904761904762,0.14347826086956522
C,log_gk,3,95.0,target_sector_weighted,shifted_1_day_text,shuffled_within_ticker,target_event_keyword,1,100,0.3333333333333333,1.0,0.5,0.9797979797979798,0.3333333333333333
ABT,log_abs_return,1,80.0,target_sector_weighted,shifted_1_day_text,shuffled_within_ticker,target_event_keyword,15,125,0.15,0.2,0.17142857142857143,0.546060606060606,0.1897443863892238
AMD,log_abs_return,1,80.0,target_sector_weighted,shifted_1_day_text,shuffled_within_ticker,target_event_keyword,23,173,0.1,0.2608695652173913,0.14457831325301204,0.4823188405797101,0.12584832322839978
AMGN,log_abs_return,1,80.0,target_sector_weighted,shifted_1_day_text,shuffled_within_ticker,target_event_keyword,19,77,0.3157894736842105,0.3157894736842105,0.3157894736842105,0.530852994555354,0.3206968524420789
AXP,log_abs_return,1,80.0,target_sector_weighted,shifted_1_day_text,shuffled_within_ticker,target_event_keyword,10,85,0.125,0.1,0.1111111111111111,0.772,0.2512908219941468
BAC,log_abs_return,1,80.0,target_sector_weighted,shifted_1_day_text,shuffled_within_ticker,target_event_keyword,20,105,0.21052631578947367,0.2,0.20512820512820512,0.5311764705882352,0.25636845979176714
BX,log_abs_return,1,80.0,target_sector_weighted,shifted_1_day_text,shuffled_within_ticker,target_event_keyword,15,86,0.21818181818181817,0.8,0.34285714285714286,0.6769953051643193,0.33617577616208444
C,log_abs_return,1,80.0,target_sector_weighted,shifted_1_day_text,shuffled_within_ticker,target_event_keyword,10,100,0.2727272727272727,0.3,0.2857142857142857,0.6077777777777778,0.34279321243557137
ABT,log_abs_return,1,85.0,target_sector_weighted,shifted_1_day_text,shuffled_within_ticker,target_event_keyword,9,125,0.1,0.2222222222222222,0.13793103448275862,0.5383141762452107,0.12141389022456686
AMD,log_abs_return,1,85.0,target_sector_weighted,shifted_1_day_text,shuffled_within_ticker,target_event_keyword,15,173,0.08064516129032258,0.3333333333333333,0.12987012987012986,0.4620253164556962,0.08786430788298961
AMGN,log_abs_return,1,85.0,target_sector_weighted,shifted_1_day_text,shuffled_within_ticker,target_event_keyword,16,77,0.2857142857142857,0.25,0.26666666666666666,0.48258196721311475,0.23381050810488238
AXP,log_abs_return,1,85.0,target_sector_weighted,shifted_1_day_text,shuffled_within_ticker,target_event_keyword,6,85,0.25,0.3333333333333333,0.2857142857142857,0.820675105485232,0.21869369369369368
BAC,log_abs_return,1,85.0,target_sector_weighted,shifted_1_day_text,shuffled_within_ticker,target_event_keyword,12,105,0.125,0.16666666666666666,0.14285714285714285,0.4775985663082437,0.1902028402413804
BX,log_abs_return,1,85.0,target_sector_weighted,shifted_1_day_text,shuffled_within_ticker,target_event_keyword,9,86,0.15555555555555556,0.7777777777777778,0.25925925925925924,0.6031746031746033,0.1557895826617677
C,log_abs_return,1,85.0,target_sector_weighted,shifted_1_day_text,shuffled_within_ticker,target_event_keyword,7,100,0.5,0.42857142857142855,0.46153846153846156,0.7480798771121352,0.46151026392961875
ABT,log_abs_return,1,90.0,target_sector_weighted,shifted_1_day_text,shuffled_within_ticker,target_event_keyword,6,125,0.0,0.0,0.0,0.4565826330532212,0.06023053530899373
AMD,log_abs_return,1,90.0,target_sector_weighted,shifted_1_day_text,shuffled_within_ticker,target_event_keyword,12,173,0.06779661016949153,0.3333333333333333,0.11267605633802817,0.5082815734989647,0.08030006995845843
AMGN,log_abs_return,1,90.0,target_sector_weighted,shifted_1_day_text,shuffled_within_ticker,target_event_keyword,9,77,0.11764705882352941,0.2222222222222222,0.15384615384615385,0.40686274509803927,0.14878698724961656
AXP,log_abs_return,1,90.0,target_sector_weighted,shifted_1_day_text,shuffled_within_ticker,target_event_keyword,6,85,0.16666666666666666,0.16666666666666666,0.16666666666666666,0.8101265822784811,0.20525444143330324
BAC,log_abs_return,1,90.0,target_sector_weighted,shifted_1_day_text,shuffled_within_ticker,target_event_keyword,7,105,0.06666666666666667,0.14285714285714285,0.09090909090909091,0.5276967930029154,0.11509294237094356
BX,log_abs_return,1,90.0,target_sector_weighted,shifted_1_day_text,shuffled_within_ticker,target_event_keyword,5,86,0.08888888888888889,0.8,0.16,0.6839506172839507,0.2015873015873016
C,log_abs_return,1,90.0,target_sector_weighted,shifted_1_day_text,shuffled_within_ticker,target_event_keyword,5,100,0.2857142857142857,0.4,0.3333333333333333,0.6589473684210527,0.2220500082795165
ABT,log_abs_return,1,95.0,target_sector_weighted,shifted_1_day_text,shuffled_within_ticker,target_event_keyword,3,125,0.125,0.3333333333333333,0.18181818181818182,0.6721311475409836,0.10476190476190475
AMD,log_abs_return,1,95.0,target_sector_weighted,shifted_1_day_text,shuffled_within_ticker,target_event_keyword,7,173,0.0392156862745098,0.2857142857142857,0.06896551724137931,0.4982788296041307,0.04710732290915929
AMGN,log_abs_return,1,95.0,target_sector_weighted,shifted_1_day_text,shuffled_within_ticker,target_event_keyword,2,77,0.07142857142857142,0.5,0.125,0.58,0.1411290322580645
AXP,log_abs_return,1,95.0,target_sector_weighted,shifted_1_day_text,shuffled_within_ticker,target_event_keyword,2,85,0.0,0.0,0.0,0.608433734939759,0.04285714285714286
BAC,log_abs_return,1,95.0,target_sector_weighted,shifted_1_day_text,shuffled_within_ticker,target_event_keyword,3,105,0.0,0.0,0.0,0.7287581699346406,0.06443466927337894
BX,log_abs_return,1,95.0,target_sector_weighted,shifted_1_day_text,shuffled_within_ticker,target_event_keyword,2,86,0.03333333333333333,0.5,0.0625,0.636904761904762,0.0458128078817734
C,log_abs_return,1,95.0,target_sector_weighted,shifted_1_day_text,shuffled_within_ticker,target_event_keyword,1,100,0.2,1.0,0.3333333333333333,1.0,1.0
ABT,log_abs_return,3,80.0,target_sector_weighted,shifted_1_day_text,shuffled_within_ticker,target_event_keyword,24,125,0.23809523809523808,0.20833333333333334,0.2222222222222222,0.4801980198019802,0.1945330475576357
AMD,log_abs_return,3,80.0,target_sector_weighted,shifted_1_day_text,shuffled_within_ticker,target_event_keyword,27,173,0.189873417721519,0.5555555555555556,0.2830188679245283,0.6106037544393709,0.22817969047230258
AMGN,log_abs_return,3,80.0,target_sector_weighted,shifted_1_day_text,shuffled_within_ticker,target_event_keyword,16,77,0.2777777777777778,0.3125,0.29411764705882354,0.584016393442623,0.34431005352557126
AXP,log_abs_return,3,80.0,target_sector_weighted,shifted_1_day_text,shuffled_within_ticker,target_event_keyword,13,85,0.125,0.07692307692307693,0.09523809523809523,0.6410256410256411,0.24724603979278115
BAC,log_abs_return,3,80.0,target_sector_weighted,shifted_1_day_text,shuffled_within_ticker,target_event_keyword,17,105,0.14285714285714285,0.17647058823529413,0.15789473684210525,0.5260695187165776,0.21029745276857695
BX,log_abs_return,3,80.0,target_sector_weighted,shifted_1_day_text,shuffled_within_ticker,target_event_keyword,15,86,0.24561403508771928,0.9333333333333333,0.3888888888888889,0.6938967136150235,0.32634078291311
C,log_abs_return,3,80.0,target_sector_weighted,shifted_1_day_text,shuffled_within_ticker,target_event_keyword,10,100,0.0625,0.1,0.07692307692307693,0.5033333333333333,0.13005840413688438
ABT,log_abs_return,3,85.0,target_sector_weighted,shifted_1_day_text,shuffled_within_ticker,target_event_keyword,18,125,0.09090909090909091,0.1111111111111111,0.1,0.40290758047767394,0.12936337483942123
AMD,log_abs_return,3,85.0,target_sector_weighted,shifted_1_day_text,shuffled_within_ticker,target_event_keyword,19,173,0.15789473684210525,0.631578947368421,0.25263157894736843,0.6527682843472317,0.2071946546854057
AMGN,log_abs_return,3,85.0,target_sector_weighted,shifted_1_day_text,shuffled_within_ticker,target_event_keyword,10,77,0.25,0.5,0.3333333333333333,0.628358208955224,0.24593090349557167
AXP,log_abs_return,3,85.0,target_sector_weighted,shifted_1_day_text,shuffled_within_ticker,target_event_keyword,10,85,0.0,0.0,0.0,0.6320000000000001,0.16561825032861924
BAC,log_abs_return,3,85.0,target_sector_weighted,shifted_1_day_text,shuffled_within_ticker,target_event_keyword,15,105,0.13636363636363635,0.2,0.16216216216216217,0.48,0.1723070884710604
BX,log_abs_return,3,85.0,target_sector_weighted,shifted_1_day_text,shuffled_within_ticker,target_event_keyword,7,86,0.1320754716981132,1.0,0.23333333333333334,0.6799276672694394,0.15892046834353107
C,log_abs_return,3,85.0,target_sector_weighted,shifted_1_day_text,shuffled_within_ticker,target_event_keyword,6,100,0.07142857142857142,0.16666666666666666,0.1,0.549645390070922,0.09112680127172881
ABT,log_abs_return,3,90.0,target_sector_weighted,shifted_1_day_text,shuffled_within_ticker,target_event_keyword,10,125,0.05263157894736842,0.1,0.06896551724137931,0.4678260869565218,0.08447973765776862
AMD,log_abs_return,3,90.0,target_sector_weighted,shifted_1_day_text,shuffled_within_ticker,target_event_keyword,12,173,0.09836065573770492,0.5,0.1643835616438356,0.6977225672877847,0.13182703165845946
AMGN,log_abs_return,3,90.0,target_sector_weighted,shifted_1_day_text,shuffled_within_ticker,target_event_keyword,8,77,0.13636363636363635,0.375,0.2,0.5978260869565217,0.16687451128705627
AXP,log_abs_return,3,90.0,target_sector_weighted,shifted_1_day_text,shuffled_within_ticker,target_event_keyword,3,85,0.0,0.0,0.0,0.524390243902439,0.046970611916264095
BAC,log_abs_return,3,90.0,target_sector_weighted,shifted_1_day_text,shuffled_within_ticker,target_event_keyword,8,105,0.0,0.0,0.0,0.37371134020618557,0.06438135440075773
BX,log_abs_return,3,90.0,target_sector_weighted,shifted_1_day_text,shuffled_within_ticker,target_event_keyword,5,86,0.09090909090909091,0.8,0.16326530612244897,0.6197530864197531,0.08352428690774555
C,log_abs_return,3,90.0,target_sector_weighted,shifted_1_day_text,shuffled_within_ticker,target_event_keyword,3,100,0.0,0.0,0.0,0.3711340206185567,0.030864197530864196
ABT,log_abs_return,3,95.0,target_sector_weighted,shifted_1_day_text,shuffled_within_ticker,target_event_keyword,4,125,0.0,0.0,0.0,0.3202479338842975,0.028298423423423424
AMD,log_abs_return,3,95.0,target_sector_weighted,shifted_1_day_text,shuffled_within_ticker,target_event_keyword,8,173,0.10869565217391304,0.625,0.18518518518518517,0.75,0.16153659134137346
AMGN,log_abs_return,3,95.0,target_sector_weighted,shifted_1_day_text,shuffled_within_ticker,target_event_keyword,2,77,0.047619047619047616,0.5,0.08695652173913043,0.6533333333333333,0.07729468599033816
AXP,log_abs_return,3,95.0,target_sector_weighted,shifted_1_day_text,shuffled_within_ticker,target_event_keyword,2,85,0.0,0.0,0.0,0.6445783132530121,0.050505050505050504
BAC,log_abs_return,3,95.0,target_sector_weighted,shifted_1_day_text,shuffled_within_ticker,target_event_keyword,3,105,0.0,0.0,0.0,0.25163398692810457,0.02452766170220365
BX,log_abs_return,3,95.0,target_sector_weighted,shifted_1_day_text,shuffled_within_ticker,target_event_keyword,2,86,0.03125,0.5,0.058823529411764705,0.7083333333333334,0.05718954248366013
C,log_abs_return,3,95.0,target_sector_weighted,shifted_1_day_text,shuffled_within_ticker,target_event_keyword,1,100,0.0,0.0,0.0,0.26262626262626265,0.013513513513513514
ABT,log_gk,1,80.0,target_sector_weighted,shifted_1_day_text,cross_ticker_same_day,target_event_keyword,14,125,1.0,0.2857142857142857,0.4444444444444444,0.685971685971686,0.4404922021111719
AMD,log_gk,1,80.0,target_sector_weighted,shifted_1_day_text,cross_ticker_same_day,target_event_keyword,17,173,0.09558823529411764,0.7647058823529411,0.16993464052287582,0.5007541478129713,0.1215848778128728
AMGN,log_gk,1,80.0,target_sector_weighted,shifted_1_day_text,cross_ticker_same_day,target_event_keyword,13,77,0.75,0.23076923076923078,0.35294117647058826,0.6658653846153846,0.4059494633717375
AXP,log_gk,1,80.0,target_sector_weighted,shifted_1_day_text,cross_ticker_same_day,target_event_keyword,10,85,0.25,0.4,0.3076923076923077,0.7013333333333334,0.26236478113243195
BAC,log_gk,1,80.0,target_sector_weighted,shifted_1_day_text,cross_ticker_same_day,target_event_keyword,9,105,0.10526315789473684,0.2222222222222222,0.14285714285714285,0.6157407407407407,0.1565546849049629
BX,log_gk,1,80.0,target_sector_weighted,shifted_1_day_text,cross_ticker_same_day,target_event_keyword,10,86,0.14,0.7,0.23333333333333334,0.6842105263157895,0.40637976402682285
C,log_gk,1,80.0,target_sector_weighted,shifted_1_day_text,cross_ticker_same_day,target_event_keyword,9,100,0.17647058823529413,0.3333333333333333,0.23076923076923078,0.7448107448107448,0.20799974556232315
ABT,log_gk,1,85.0,target_sector_weighted,shifted_1_day_text,cross_ticker_same_day,target_event_keyword,10,125,1.0,0.3,0.46153846153846156,0.7052173913043478,0.43109123040895825
AMD,log_gk,1,85.0,target_sector_weighted,shifted_1_day_text,cross_ticker_same_day,target_event_keyword,13,173,0.08130081300813008,0.7692307692307693,0.14705882352941177,0.5480769230769231,0.11423837028231915
AMGN,log_gk,1,85.0,target_sector_weighted,shifted_1_day_text,cross_ticker_same_day,target_event_keyword,11,77,0.75,0.2727272727272727,0.4,0.6790633608815426,0.4311658365832648
AXP,log_gk,1,85.0,target_sector_weighted,shifted_1_day_text,cross_ticker_same_day,target_event_keyword,7,85,0.13333333333333333,0.2857142857142857,0.18181818181818182,0.7435897435897436,0.20985347985347985
BAC,log_gk,1,85.0,target_sector_weighted,shifted_1_day_text,cross_ticker_same_day,target_event_keyword,6,105,0.1111111111111111,0.3333333333333333,0.16666666666666666,0.6515151515151516,0.1538216908517158
BX,log_gk,1,85.0,target_sector_weighted,shifted_1_day_text,cross_ticker_same_day,target_event_keyword,6,86,0.09302325581395349,0.6666666666666666,0.16326530612244897,0.7229166666666667,0.4636309923030245
C,log_gk,1,85.0,target_sector_weighted,shifted_1_day_text,cross_ticker_same_day,target_event_keyword,4,100,0.0,0.0,0.0,0.5963541666666666,0.057893387851594535
ABT,log_gk,1,90.0,target_sector_weighted,shifted_1_day_text,cross_ticker_same_day,target_event_keyword,6,125,0.3333333333333333,0.16666666666666666,0.2222222222222222,0.561624649859944,0.14754516218862568
AMD,log_gk,1,90.0,target_sector_weighted,shifted_1_day_text,cross_ticker_same_day,target_event_keyword,6,173,0.045454545454545456,0.8333333333333334,0.08620689655172414,0.6736526946107785,0.18192136552918126
AMGN,log_gk,1,90.0,target_sector_weighted,shifted_1_day_text,cross_ticker_same_day,target_event_keyword,5,77,0.6666666666666666,0.4,0.5,0.7694444444444445,0.32420125786163523
AXP,log_gk,1,90.0,target_sector_weighted,shifted_1_day_text,cross_ticker_same_day,target_event_keyword,4,85,0.0,0.0,0.0,0.7037037037037037,0.09436573409851746
BAC,log_gk,1,90.0,target_sector_weighted,shifted_1_day_text,cross_ticker_same_day,target_event_keyword,5,105,0.18181818181818182,0.4,0.25,0.668,0.15580362448009505
BX,log_gk,1,90.0,target_sector_weighted,shifted_1_day_text,cross_ticker_same_day,target_event_keyword,3,86,0.06060606060606061,0.6666666666666666,0.1111111111111111,0.6746987951807228,0.14484126984126983
C,log_gk,1,90.0,target_sector_weighted,shifted_1_day_text,cross_ticker_same_day,target_event_keyword,1,100,0.0,0.0,0.0,0.43434343434343436,0.017543859649122806
ABT,log_gk,1,95.0,target_sector_weighted,shifted_1_day_text,cross_ticker_same_day,target_event_keyword,1,125,0.0,0.0,0.0,0.7338709677419355,0.029411764705882353
AMD,log_gk,1,95.0,target_sector_weighted,shifted_1_day_text,cross_ticker_same_day,target_event_keyword,5,173,0.03614457831325301,0.6,0.06818181818181818,0.6190476190476191,0.0776147382029735
AMGN,log_gk,1,95.0,target_sector_weighted,shifted_1_day_text,cross_ticker_same_day,target_event_keyword,2,77,0.0,0.0,0.0,0.6733333333333333,0.14583333333333334
AXP,log_gk,1,95.0,target_sector_weighted,shifted_1_day_text,cross_ticker_same_day,target_event_keyword,2,85,0.0,0.0,0.0,0.6626506024096385,0.0521680216802168
BAC,log_gk,1,95.0,target_sector_weighted,shifted_1_day_text,cross_ticker_same_day,target_event_keyword,2,105,0.14285714285714285,0.5,0.2222222222222222,0.8252427184466019,0.19444444444444442
BX,log_gk,1,95.0,target_sector_weighted,shifted_1_day_text,cross_ticker_same_day,target_event_keyword,0,86,,,,,
C,log_gk,1,95.0,target_sector_weighted,shifted_1_day_text,cross_ticker_same_day,target_event_keyword,0,100,,,,,
ABT,log_gk,3,80.0,target_sector_weighted,shifted_1_day_text,cross_ticker_same_day,target_event_keyword,15,125,0.2,0.06666666666666667,0.1,0.5551515151515152,0.15634260609178366
AMD,log_gk,3,80.0,target_sector_weighted,shifted_1_day_text,cross_ticker_same_day,target_event_keyword,20,173,0.10828025477707007,0.85,0.192090395480226,0.4444444444444444,0.10989489046936718
AMGN,log_gk,3,80.0,target_sector_weighted,shifted_1_day_text,cross_ticker_same_day,target_event_keyword,9,77,0.0,0.0,0.0,0.4248366013071895,0.11328829765382467
AXP,log_gk,3,80.0,target_sector_weighted,shifted_1_day_text,cross_ticker_same_day,target_event_keyword,8,85,0.0,0.0,0.0,0.6071428571428572,0.12950135946249153
BAC,log_gk,3,80.0,target_sector_weighted,shifted_1_day_text,cross_ticker_same_day,target_event_keyword,7,105,0.15789473684210525,0.42857142857142855,0.23076923076923078,0.6122448979591837,0.1167046955068563
BX,log_gk,3,80.0,target_sector_weighted,shifted_1_day_text,cross_ticker_same_day,target_event_keyword,12,86,0.18,0.75,0.2903225806451613,0.697072072072072,0.5425409769523454
C,log_gk,3,80.0,target_sector_weighted,shifted_1_day_text,cross_ticker_same_day,target_event_keyword,8,100,0.0625,0.125,0.08333333333333333,0.3695652173913043,0.0844792824781091
ABT,log_gk,3,85.0,target_sector_weighted,shifted_1_day_text,cross_ticker_same_day,target_event_keyword,9,125,0.0,0.0,0.0,0.5795019157088123,0.09772655709121143
AMD,log_gk,3,85.0,target_sector_weighted,shifted_1_day_text,cross_ticker_same_day,target_event_keyword,14,173,0.08163265306122448,0.8571428571428571,0.14906832298136646,0.5449236298292901,0.1073705894834697
AMGN,log_gk,3,85.0,target_sector_weighted,shifted_1_day_text,cross_ticker_same_day,target_event_keyword,8,77,0.0,0.0,0.0,0.4619565217391304,0.11270017245627001
AXP,log_gk,3,85.0,target_sector_weighted,shifted_1_day_text,cross_ticker_same_day,target_event_keyword,6,85,0.0,0.0,0.0,0.5886075949367089,0.0980950530950531
BAC,log_gk,3,85.0,target_sector_weighted,shifted_1_day_text,cross_ticker_same_day,target_event_keyword,5,105,0.09090909090909091,0.2,0.125,0.602,0.08991472005932517
BX,log_gk,3,85.0,target_sector_weighted,shifted_1_day_text,cross_ticker_same_day,target_event_keyword,9,86,0.125,0.6666666666666666,0.21052631578947367,0.6854256854256854,0.3696171462074844
C,log_gk,3,85.0,target_sector_weighted,shifted_1_day_text,cross_ticker_same_day,target_event_keyword,4,100,0.08333333333333333,0.25,0.125,0.5833333333333333,0.08094654922779923
ABT,log_gk,3,90.0,target_sector_weighted,shifted_1_day_text,cross_ticker_same_day,target_event_keyword,4,125,0.0,0.0,0.0,0.45661157024793386,0.036512371879519584
AMD,log_gk,3,90.0,target_sector_weighted,shifted_1_day_text,cross_ticker_same_day,target_event_keyword,6,173,0.030303030303030304,0.6666666666666666,0.057971014492753624,0.38922155688622756,0.03144464016244487
AMGN,log_gk,3,90.0,target_sector_weighted,shifted_1_day_text,cross_ticker_same_day,target_event_keyword,1,77,0.0,0.0,0.0,0.8421052631578947,0.07692307692307693
AXP,log_gk,3,90.0,target_sector_weighted,shifted_1_day_text,cross_ticker_same_day,target_event_keyword,4,85,0.0,0.0,0.0,0.5956790123456791,0.08001678148736972
BAC,log_gk,3,90.0,target_sector_weighted,shifted_1_day_text,cross_ticker_same_day,target_event_keyword,3,105,0.0,0.0,0.0,0.5620915032679739,0.04102322661644696
BX,log_gk,3,90.0,target_sector_weighted,shifted_1_day_text,cross_ticker_same_day,target_event_keyword,6,86,0.125,0.8333333333333334,0.21739130434782608,0.7291666666666667,0.21955128205128205
C,log_gk,3,90.0,target_sector_weighted,shifted_1_day_text,cross_ticker_same_day,target_event_keyword,3,100,0.08333333333333333,0.3333333333333333,0.13333333333333333,0.4742268041237113,0.06944856944856945
ABT,log_gk,3,95.0,target_sector_weighted,shifted_1_day_text,cross_ticker_same_day,target_event_keyword,1,125,0.0,0.0,0.0,0.7016129032258065,0.02631578947368421
AMD,log_gk,3,95.0,target_sector_weighted,shifted_1_day_text,cross_ticker_same_day,target_event_keyword,5,173,0.03614457831325301,0.6,0.06818181818181818,0.4511904761904762,0.030593204571169583
AMGN,log_gk,3,95.0,target_sector_weighted,shifted_1_day_text,cross_ticker_same_day,target_event_keyword,0,77,,,,,
AXP,log_gk,3,95.0,target_sector_weighted,shifted_1_day_text,cross_ticker_same_day,target_event_keyword,3,85,0.0,0.0,0.0,0.7479674796747968,0.09601139601139602
BAC,log_gk,3,95.0,target_sector_weighted,shifted_1_day_text,cross_ticker_same_day,target_event_keyword,2,105,0.0,0.0,0.0,0.2864077669902913,0.019440406976744186
BX,log_gk,3,95.0,target_sector_weighted,shifted_1_day_text,cross_ticker_same_day,target_event_keyword,2,86,0.07407407407407407,1.0,0.13793103448275862,0.7976190476190477,0.08391608391608392
C,log_gk,3,95.0,target_sector_weighted,shifted_1_day_text,cross_ticker_same_day,target_event_keyword,1,100,0.0,0.0,0.0,0.8787878787878788,0.07692307692307693
ABT,log_abs_return,1,80.0,target_sector_weighted,shifted_1_day_text,cross_ticker_same_day,target_event_keyword,15,125,0.125,0.06666666666666667,0.08695652173913043,0.5557575757575757,0.18209745219589363
AMD,log_abs_return,1,80.0,target_sector_weighted,shifted_1_day_text,cross_ticker_same_day,target_event_keyword,23,173,0.15328467153284672,0.9130434782608695,0.2625,0.527536231884058,0.15594099380064624
AMGN,log_abs_return,1,80.0,target_sector_weighted,shifted_1_day_text,cross_ticker_same_day,target_event_keyword,19,77,0.3333333333333333,0.10526315789473684,0.16,0.5099818511796733,0.34297035430273265
AXP,log_abs_return,1,80.0,target_sector_weighted,shifted_1_day_text,cross_ticker_same_day,target_event_keyword,10,85,0.2,0.3,0.24,0.7853333333333333,0.4291313190348842
BAC,log_abs_return,1,80.0,target_sector_weighted,shifted_1_day_text,cross_ticker_same_day,target_event_keyword,20,105,0.15,0.15,0.15,0.5435294117647059,0.2783483584721291
BX,log_abs_return,1,80.0,target_sector_weighted,shifted_1_day_text,cross_ticker_same_day,target_event_keyword,15,86,0.20754716981132076,0.7333333333333333,0.3235294117647059,0.631924882629108,0.3431371722745467
C,log_abs_return,1,80.0,target_sector_weighted,shifted_1_day_text,cross_ticker_same_day,target_event_keyword,10,100,0.2,0.3,0.24,0.6233333333333333,0.22908842034139387
ABT,log_abs_return,1,85.0,target_sector_weighted,shifted_1_day_text,cross_ticker_same_day,target_event_keyword,9,125,0.14285714285714285,0.1111111111111111,0.125,0.5823754789272031,0.15714999350640563
AMD,log_abs_return,1,85.0,target_sector_weighted,shifted_1_day_text,cross_ticker_same_day,target_event_keyword,15,173,0.09230769230769231,0.8,0.16551724137931034,0.4708860759493671,0.10957433780456571
AMGN,log_abs_return,1,85.0,target_sector_weighted,shifted_1_day_text,cross_ticker_same_day,target_event_keyword,16,77,0.4,0.125,0.19047619047619047,0.4979508196721312,0.32625105168991453
AXP,log_abs_return,1,85.0,target_sector_weighted,shifted_1_day_text,cross_ticker_same_day,target_event_keyword,6,85,0.15384615384615385,0.3333333333333333,0.21052631578947367,0.8544303797468354,0.2974467418546366
BAC,log_abs_return,1,85.0,target_sector_weighted,shifted_1_day_text,cross_ticker_same_day,target_event_keyword,12,105,0.08333333333333333,0.08333333333333333,0.08333333333333333,0.5394265232974911,0.14305956791902297
BX,log_abs_return,1,85.0,target_sector_weighted,shifted_1_day_text,cross_ticker_same_day,target_event_keyword,9,86,0.13043478260869565,0.6666666666666666,0.21818181818181817,0.6017316017316017,0.1544382969112071
C,log_abs_return,1,85.0,target_sector_weighted,shifted_1_day_text,cross_ticker_same_day,target_event_keyword,7,100,0.17647058823529413,0.42857142857142855,0.25,0.6820276497695853,0.1863074329226887
ABT,log_abs_return,1,90.0,target_sector_weighted,shifted_1_day_text,cross_ticker_same_day,target_event_keyword,6,125,0.0,0.0,0.0,0.5140056022408963,0.08387198571409099
AMD,log_abs_return,1,90.0,target_sector_weighted,shifted_1_day_text,cross_ticker_same_day,target_event_keyword,12,173,0.06666666666666667,0.6666666666666666,0.12121212121212122,0.46842650103519673,0.0859193275262263
AMGN,log_abs_return,1,90.0,target_sector_weighted,shifted_1_day_text,cross_ticker_same_day,target_event_keyword,9,77,0.5,0.2222222222222222,0.3076923076923077,0.5147058823529411,0.2207196863188276
AXP,log_abs_return,1,90.0,target_sector_weighted,shifted_1_day_text,cross_ticker_same_day,target_event_keyword,6,85,0.18181818181818182,0.3333333333333333,0.23529411764705882,0.8649789029535865,0.30172741911872347
BAC,log_abs_return,1,90.0,target_sector_weighted,shifted_1_day_text,cross_ticker_same_day,target_event_keyword,7,105,0.1,0.14285714285714285,0.11764705882352941,0.5102040816326531,0.11330156089028001
BX,log_abs_return,1,90.0,target_sector_weighted,shifted_1_day_text,cross_ticker_same_day,target_event_keyword,5,86,0.08333333333333333,0.6,0.14634146341463414,0.5950617283950618,0.15881885392010753
C,log_abs_return,1,90.0,target_sector_weighted,shifted_1_day_text,cross_ticker_same_day,target_event_keyword,5,100,0.08333333333333333,0.2,0.11764705882352941,0.5515789473684212,0.09204728405028256
ABT,log_abs_return,1,95.0,target_sector_weighted,shifted_1_day_text,cross_ticker_same_day,target_event_keyword,3,125,0.0,0.0,0.0,0.7103825136612023,0.08668582375478928
AMD,log_abs_return,1,95.0,target_sector_weighted,shifted_1_day_text,cross_ticker_same_day,target_event_keyword,7,173,0.04040404040404041,0.5714285714285714,0.07547169811320754,0.4638554216867469,0.04100859187599484
AMGN,log_abs_return,1,95.0,target_sector_weighted,shifted_1_day_text,cross_ticker_same_day,target_event_keyword,2,77,0.3333333333333333,0.5,0.4,0.7733333333333332,0.19607843137254902
AXP,log_abs_return,1,95.0,target_sector_weighted,shifted_1_day_text,cross_ticker_same_day,target_event_keyword,2,85,0.0,0.0,0.0,0.7771084337349398,0.07393483709273183
BAC,log_abs_return,1,95.0,target_sector_weighted,shifted_1_day_text,cross_ticker_same_day,target_event_keyword,3,105,0.0,0.0,0.0,0.522875816993464,0.04190550828481863
BX,log_abs_return,1,95.0,target_sector_weighted,shifted_1_day_text,cross_ticker_same_day,target_event_keyword,2,86,0.0,0.0,0.0,0.3571428571428571,0.027222222222222224
C,log_abs_return,1,95.0,target_sector_weighted,shifted_1_day_text,cross_ticker_same_day,target_event_keyword,1,100,0.1,1.0,0.18181818181818182,0.9595959595959596,0.2
ABT,log_abs_return,3,80.0,target_sector_weighted,shifted_1_day_text,cross_ticker_same_day,target_event_keyword,24,125,0.125,0.041666666666666664,0.0625,0.445957095709571,0.18190677037696112
AMD,log_abs_return,3,80.0,target_sector_weighted,shifted_1_day_text,cross_ticker_same_day,target_event_keyword,27,173,0.16233766233766234,0.9259259259259259,0.27624309392265195,0.5362760020294267,0.20256051884220844
AMGN,log_abs_return,3,80.0,target_sector_weighted,shifted_1_day_text,cross_ticker_same_day,target_event_keyword,16,77,0.5,0.1875,0.2727272727272727,0.6065573770491803,0.38437771554744715
AXP,log_abs_return,3,80.0,target_sector_weighted,shifted_1_day_text,cross_ticker_same_day,target_event_keyword,13,85,0.2222222222222222,0.3076923076923077,0.25806451612903225,0.6805555555555556,0.3061113124504713
BAC,log_abs_return,3,80.0,target_sector_weighted,shifted_1_day_text,cross_ticker_same_day,target_event_keyword,17,105,0.19047619047619047,0.23529411764705882,0.21052631578947367,0.5427807486631016,0.22235734010909286
BX,log_abs_return,3,80.0,target_sector_weighted,shifted_1_day_text,cross_ticker_same_day,target_event_keyword,15,86,0.21666666666666667,0.8666666666666667,0.3466666666666667,0.6394366197183098,0.24414096416759226
C,log_abs_return,3,80.0,target_sector_weighted,shifted_1_day_text,cross_ticker_same_day,target_event_keyword,10,100,0.03125,0.1,0.047619047619047616,0.46555555555555556,0.18733254926142967
ABT,log_abs_return,3,85.0,target_sector_weighted,shifted_1_day_text,cross_ticker_same_day,target_event_keyword,18,125,0.16666666666666666,0.05555555555555555,0.08333333333333333,0.35358255451713394,0.1263349409729627
AMD,log_abs_return,3,85.0,target_sector_weighted,shifted_1_day_text,cross_ticker_same_day,target_event_keyword,19,173,0.1232876712328767,0.9473684210526315,0.21818181818181817,0.5457963089542037,0.18728881028935002
AMGN,log_abs_return,3,85.0,target_sector_weighted,shifted_1_day_text,cross_ticker_same_day,target_event_keyword,10,77,0.3333333333333333,0.2,0.25,0.6074626865671642,0.30301271456185597
AXP,log_abs_return,3,85.0,target_sector_weighted,shifted_1_day_text,cross_ticker_same_day,target_event_keyword,10,85,0.1875,0.3,0.23076923076923078,0.6266666666666667,0.17755952380952383
BAC,log_abs_return,3,85.0,target_sector_weighted,shifted_1_day_text,cross_ticker_same_day,target_event_keyword,15,105,0.1,0.13333333333333333,0.11428571428571428,0.5296296296296297,0.17348443947983577
BX,log_abs_return,3,85.0,target_sector_weighted,shifted_1_day_text,cross_ticker_same_day,target_event_keyword,7,86,0.10714285714285714,0.8571428571428571,0.19047619047619047,0.5678119349005425,0.10143465514309505
C,log_abs_return,3,85.0,target_sector_weighted,shifted_1_day_text,cross_ticker_same_day,target_event_keyword,6,100,0.037037037037037035,0.16666666666666666,0.06060606060606061,0.5443262411347518,0.2250248385494287
ABT,log_abs_return,3,90.0,target_sector_weighted,shifted_1_day_text,cross_ticker_same_day,target_event_keyword,10,125,0.3333333333333333,0.2,0.25,0.5539130434782609,0.1407282289977748
AMD,log_abs_return,3,90.0,target_sector_weighted,shifted_1_day_text,cross_ticker_same_day,target_event_keyword,12,173,0.08333333333333333,0.9166666666666666,0.1527777777777778,0.5595238095238095,0.12760280394498522
AMGN,log_abs_return,3,90.0,target_sector_weighted,shifted_1_day_text,cross_ticker_same_day,target_event_keyword,8,77,0.0,0.0,0.0,0.552536231884058,0.1253319597069597
AXP,log_abs_return,3,90.0,target_sector_weighted,shifted_1_day_text,cross_ticker_same_day,target_event_keyword,3,85,0.0,0.0,0.0,0.7276422764227641,0.07878743141162865
BAC,log_abs_return,3,90.0,target_sector_weighted,shifted_1_day_text,cross_ticker_same_day,target_event_keyword,8,105,0.0,0.0,0.0,0.3904639175257732,0.06561140525675166
BX,log_abs_return,3,90.0,target_sector_weighted,shifted_1_day_text,cross_ticker_same_day,target_event_keyword,5,86,0.058823529411764705,0.6,0.10714285714285714,0.5679012345679013,0.07883213201816194
C,log_abs_return,3,90.0,target_sector_weighted,shifted_1_day_text,cross_ticker_same_day,target_event_keyword,3,100,0.0,0.0,0.0,0.5292096219931272,0.0401364522417154
ABT,log_abs_return,3,95.0,target_sector_weighted,shifted_1_day_text,cross_ticker_same_day,target_event_keyword,4,125,0.0,0.0,0.0,0.4793388429752066,0.04116474922926536
AMD,log_abs_return,3,95.0,target_sector_weighted,shifted_1_day_text,cross_ticker_same_day,target_event_keyword,8,173,0.058823529411764705,0.875,0.11023622047244094,0.6916666666666668,0.12137158238986738
AMGN,log_abs_return,3,95.0,target_sector_weighted,shifted_1_day_text,cross_ticker_same_day,target_event_keyword,2,77,0.0,0.0,0.0,0.5866666666666667,0.05333333333333333
AXP,log_abs_return,3,95.0,target_sector_weighted,shifted_1_day_text,cross_ticker_same_day,target_event_keyword,2,85,0.0,0.0,0.0,0.6144578313253012,0.04419642857142857
BAC,log_abs_return,3,95.0,target_sector_weighted,shifted_1_day_text,cross_ticker_same_day,target_event_keyword,3,105,0.0,0.0,0.0,0.4509803921568627,0.03653641679957469
BX,log_abs_return,3,95.0,target_sector_weighted,shifted_1_day_text,cross_ticker_same_day,target_event_keyword,2,86,0.02631578947368421,0.5,0.05,0.5833333333333334,0.06587301587301587
C,log_abs_return,3,95.0,target_sector_weighted,shifted_1_day_text,cross_ticker_same_day,target_event_keyword,1,100,0.0,0.0,0.0,0.5858585858585859,0.023809523809523808
ABT,log_gk,1,80.0,target_sector_weighted,shifted_1_day_text,stale_20d,target_event_keyword,14,125,0.2857142857142857,0.42857142857142855,0.34285714285714286,0.6853281853281854,0.4448092512832448
AMD,log_gk,1,80.0,target_sector_weighted,shifted_1_day_text,stale_20d,target_event_keyword,17,173,0.11538461538461539,0.35294117647058826,0.17391304347826086,0.5177224736048266,0.11425702127140769
AMGN,log_gk,1,80.0,target_sector_weighted,shifted_1_day_text,stale_20d,target_event_keyword,13,77,0.29411764705882354,0.38461538461538464,0.3333333333333333,0.53125,0.3124340201467992
AXP,log_gk,1,80.0,target_sector_weighted,shifted_1_day_text,stale_20d,target_event_keyword,10,85,0.2727272727272727,0.3,0.2857142857142857,0.6333333333333333,0.3032121913331999
BAC,log_gk,1,80.0,target_sector_weighted,shifted_1_day_text,stale_20d,target_event_keyword,9,105,0.07142857142857142,0.1111111111111111,0.08695652173913043,0.556712962962963,0.11956620141920496
BX,log_gk,1,80.0,target_sector_weighted,shifted_1_day_text,stale_20d,target_event_keyword,10,86,0.13953488372093023,0.6,0.22641509433962265,0.6828947368421052,0.36476815176714866
C,log_gk,1,80.0,target_sector_weighted,shifted_1_day_text,stale_20d,target_event_keyword,9,100,0.25,0.3333333333333333,0.2857142857142857,0.7130647130647131,0.22278611128329096
ABT,log_gk,1,85.0,target_sector_weighted,shifted_1_day_text,stale_20d,target_event_keyword,10,125,0.3333333333333333,0.5,0.4,0.7034782608695652,0.4622812067096037
AMD,log_gk,1,85.0,target_sector_weighted,shifted_1_day_text,stale_20d,target_event_keyword,13,173,0.10526315789473684,0.46153846153846156,0.17142857142857143,0.5711538461538461,0.10994154277280976
AMGN,log_gk,1,85.0,target_sector_weighted,shifted_1_day_text,stale_20d,target_event_keyword,11,77,0.3333333333333333,0.45454545454545453,0.38461538461538464,0.6308539944903582,0.37616535109583493
AXP,log_gk,1,85.0,target_sector_weighted,shifted_1_day_text,stale_20d,target_event_keyword,7,85,0.16666666666666666,0.2857142857142857,0.21052631578947367,0.5934065934065934,0.14029699360653286
BAC,log_gk,1,85.0,target_sector_weighted,shifted_1_day_text,stale_20d,target_event_keyword,6,105,0.1,0.16666666666666666,0.125,0.5555555555555556,0.11589202265672854
BX,log_gk,1,85.0,target_sector_weighted,shifted_1_day_text,stale_20d,target_event_keyword,6,86,0.1111111111111111,0.6666666666666666,0.19047619047619047,0.6645833333333333,0.26956790123456786
C,log_gk,1,85.0,target_sector_weighted,shifted_1_day_text,stale_20d,target_event_keyword,4,100,0.0,0.0,0.0,0.5078125,0.04824388968224584
ABT,log_gk,1,90.0,target_sector_weighted,shifted_1_day_text,stale_20d,target_event_keyword,6,125,0.14285714285714285,0.3333333333333333,0.2,0.6442577030812324,0.27307783655303447
AMD,log_gk,1,90.0,target_sector_weighted,shifted_1_day_text,stale_20d,target_event_keyword,6,173,0.07692307692307693,0.5,0.13333333333333333,0.6616766467065869,0.07642754602194486
AMGN,log_gk,1,90.0,target_sector_weighted,shifted_1_day_text,stale_20d,target_event_keyword,5,77,0.14285714285714285,0.4,0.21052631578947367,0.5722222222222223,0.1412842712842713
AXP,log_gk,1,90.0,target_sector_weighted,shifted_1_day_text,stale_20d,target_event_keyword,4,85,0.14285714285714285,0.25,0.18181818181818182,0.595679012345679,0.11727594339622642
BAC,log_gk,1,90.0,target_sector_weighted,shifted_1_day_text,stale_20d,target_event_keyword,5,105,0.18181818181818182,0.4,0.25,0.5760000000000001,0.11801773374062531
BX,log_gk,1,90.0,target_sector_weighted,shifted_1_day_text,stale_20d,target_event_keyword,3,86,0.047619047619047616,0.3333333333333333,0.08333333333333333,0.5662650602409638,0.14511648745519712
C,log_gk,1,90.0,target_sector_weighted,shifted_1_day_text,stale_20d,target_event_keyword,1,100,0.0,0.0,0.0,0.4242424242424242,0.017241379310344827
ABT,log_gk,1,95.0,target_sector_weighted,shifted_1_day_text,stale_20d,target_event_keyword,1,125,0.0,0.0,0.0,0.9112903225806451,0.08333333333333333
AMD,log_gk,1,95.0,target_sector_weighted,shifted_1_day_text,stale_20d,target_event_keyword,5,173,0.08333333333333333,0.4,0.13793103448275862,0.6166666666666667,0.0810816473737822
AMGN,log_gk,1,95.0,target_sector_weighted,shifted_1_day_text,stale_20d,target_event_keyword,2,77,0.09090909090909091,0.5,0.15384615384615385,0.8,0.53125
AXP,log_gk,1,95.0,target_sector_weighted,shifted_1_day_text,stale_20d,target_event_keyword,2,85,0.0,0.0,0.0,0.49397590361445787,0.03992537313432836
BAC,log_gk,1,95.0,target_sector_weighted,shifted_1_day_text,stale_20d,target_event_keyword,2,105,0.16666666666666666,0.5,0.25,0.6504854368932038,0.13908450704225353
BX,log_gk,1,95.0,target_sector_weighted,shifted_1_day_text,stale_20d,target_event_keyword,0,86,,,,,
C,log_gk,1,95.0,target_sector_weighted,shifted_1_day_text,stale_20d,target_event_keyword,0,100,,,,,
ABT,log_gk,3,80.0,target_sector_weighted,shifted_1_day_text,stale_20d,target_event_keyword,15,125,0.3125,0.3333333333333333,0.3225806451612903,0.5478787878787879,0.20334271918557717
AMD,log_gk,3,80.0,target_sector_weighted,shifted_1_day_text,stale_20d,target_event_keyword,20,173,0.1206896551724138,0.35,0.1794871794871795,0.40784313725490196,0.10534011110916863
AMGN,log_gk,3,80.0,target_sector_weighted,shifted_1_day_text,stale_20d,target_event_keyword,9,77,0.0,0.0,0.0,0.2957516339869281,0.08756412835081678
AXP,log_gk,3,80.0,target_sector_weighted,shifted_1_day_text,stale_20d,target_event_keyword,8,85,0.0,0.0,0.0,0.5616883116883117,0.11744108863468963
BAC,log_gk,3,80.0,target_sector_weighted,shifted_1_day_text,stale_20d,target_event_keyword,7,105,0.11764705882352941,0.2857142857142857,0.16666666666666666,0.6865889212827988,0.13226125640872186
BX,log_gk,3,80.0,target_sector_weighted,shifted_1_day_text,stale_20d,target_event_keyword,12,86,0.18181818181818182,0.8333333333333334,0.29850746268656714,0.731981981981982,0.5374837328407708
C,log_gk,3,80.0,target_sector_weighted,shifted_1_day_text,stale_20d,target_event_keyword,8,100,0.06666666666666667,0.125,0.08695652173913043,0.5027173913043479,0.13617975747611297
ABT,log_gk,3,85.0,target_sector_weighted,shifted_1_day_text,stale_20d,target_event_keyword,9,125,0.1875,0.3333333333333333,0.24,0.4655172413793104,0.11659267181333391
AMD,log_gk,3,85.0,target_sector_weighted,shifted_1_day_text,stale_20d,target_event_keyword,14,173,0.10204081632653061,0.35714285714285715,0.15873015873015872,0.4757412398921833,0.09995214914746682
AMGN,log_gk,3,85.0,target_sector_weighted,shifted_1_day_text,stale_20d,target_event_keyword,8,77,0.0,0.0,0.0,0.2753623188405797,0.07756215551297518
AXP,log_gk,3,85.0,target_sector_weighted,shifted_1_day_text,stale_20d,target_event_keyword,6,85,0.0,0.0,0.0,0.5949367088607596,0.10347569097569098
BAC,log_gk,3,85.0,target_sector_weighted,shifted_1_day_text,stale_20d,target_event_keyword,5,105,0.058823529411764705,0.2,0.09090909090909091,0.648,0.09422160071627023
BX,log_gk,3,85.0,target_sector_weighted,shifted_1_day_text,stale_20d,target_event_keyword,9,86,0.14285714285714285,0.6666666666666666,0.23529411764705882,0.7243867243867244,0.431657848324515
C,log_gk,3,85.0,target_sector_weighted,shifted_1_day_text,stale_20d,target_event_keyword,4,100,0.07692307692307693,0.25,0.11764705882352941,0.6458333333333333,0.1710662525879917
ABT,log_gk,3,90.0,target_sector_weighted,shifted_1_day_text,stale_20d,target_event_keyword,4,125,0.07142857142857142,0.25,0.1111111111111111,0.4462809917355372,0.10758340283569641
AMD,log_gk,3,90.0,target_sector_weighted,shifted_1_day_text,stale_20d,target_event_keyword,6,173,0.022727272727272728,0.16666666666666666,0.04,0.37325349301397204,0.03196764304173739
AMGN,log_gk,3,90.0,target_sector_weighted,shifted_1_day_text,stale_20d,target_event_keyword,1,77,0.0,0.0,0.0,0.5,0.02564102564102564
AXP,log_gk,3,90.0,target_sector_weighted,shifted_1_day_text,stale_20d,target_event_keyword,4,85,0.0,0.0,0.0,0.5524691358024691,0.06600072807612162
BAC,log_gk,3,90.0,target_sector_weighted,shifted_1_day_text,stale_20d,target_event_keyword,3,105,0.0,0.0,0.0,0.5980392156862746,0.04774328984855301
BX,log_gk,3,90.0,target_sector_weighted,shifted_1_day_text,stale_20d,target_event_keyword,6,86,0.0967741935483871,0.5,0.16216216216216217,0.6958333333333333,0.4214837450131568
C,log_gk,3,90.0,target_sector_weighted,shifted_1_day_text,stale_20d,target_event_keyword,3,100,0.1111111111111111,0.3333333333333333,0.16666666666666666,0.6597938144329897,0.3651515151515151
ABT,log_gk,3,95.0,target_sector_weighted,shifted_1_day_text,stale_20d,target_event_keyword,1,125,0.1,1.0,0.18181818181818182,0.9596774193548387,0.16666666666666666
AMD,log_gk,3,95.0,target_sector_weighted,shifted_1_day_text,stale_20d,target_event_keyword,5,173,0.0,0.0,0.0,0.3035714285714286,0.02409842735005664
AMGN,log_gk,3,95.0,target_sector_weighted,shifted_1_day_text,stale_20d,target_event_keyword,0,77,,,,,
AXP,log_gk,3,95.0,target_sector_weighted,shifted_1_day_text,stale_20d,target_event_keyword,3,85,0.0,0.0,0.0,0.5772357723577236,0.053857617015511755
BAC,log_gk,3,95.0,target_sector_weighted,shifted_1_day_text,stale_20d,target_event_keyword,2,105,0.0,0.0,0.0,0.49029126213592233,0.027205882352941177
BX,log_gk,3,95.0,target_sector_weighted,shifted_1_day_text,stale_20d,target_event_keyword,2,86,0.05,0.5,0.09090909090909091,0.875,0.21428571428571427
C,log_gk,3,95.0,target_sector_weighted,shifted_1_day_text,stale_20d,target_event_keyword,1,100,0.5,1.0,0.6666666666666666,0.98989898989899,0.5
ABT,log_abs_return,1,80.0,target_sector_weighted,shifted_1_day_text,stale_20d,target_event_keyword,15,125,0.2,0.26666666666666666,0.22857142857142856,0.5575757575757576,0.19406378216712472
AMD,log_abs_return,1,80.0,target_sector_weighted,shifted_1_day_text,stale_20d,target_event_keyword,23,173,0.09259259259259259,0.21739130434782608,0.12987012987012986,0.4765217391304348,0.14351459678561743
AMGN,log_abs_return,1,80.0,target_sector_weighted,shifted_1_day_text,stale_20d,target_event_keyword,19,77,0.26666666666666666,0.21052631578947367,0.23529411764705882,0.5108892921960072,0.31493645435104317
AXP,log_abs_return,1,80.0,target_sector_weighted,shifted_1_day_text,stale_20d,target_event_keyword,10,85,0.125,0.1,0.1111111111111111,0.7493333333333333,0.22981971016026742
BAC,log_abs_return,1,80.0,target_sector_weighted,shifted_1_day_text,stale_20d,target_event_keyword,20,105,0.2777777777777778,0.25,0.2631578947368421,0.5458823529411765,0.26629267721944505
BX,log_abs_return,1,80.0,target_sector_weighted,shifted_1_day_text,stale_20d,target_event_keyword,15,86,0.16666666666666666,0.4666666666666667,0.24561403508771928,0.5389671361502347,0.3094816068341299
C,log_abs_return,1,80.0,target_sector_weighted,shifted_1_day_text,stale_20d,target_event_keyword,10,100,0.3333333333333333,0.2,0.25,0.538888888888889,0.31374941601734097
ABT,log_abs_return,1,85.0,target_sector_weighted,shifted_1_day_text,stale_20d,target_event_keyword,9,125,0.14285714285714285,0.3333333333333333,0.2,0.5737547892720307,0.14170557108157036
AMD,log_abs_return,1,85.0,target_sector_weighted,shifted_1_day_text,stale_20d,target_event_keyword,15,173,0.07547169811320754,0.26666666666666666,0.11764705882352941,0.43333333333333335,0.1004638568989734
AMGN,log_abs_return,1,85.0,target_sector_weighted,shifted_1_day_text,stale_20d,target_event_keyword,16,77,0.3076923076923077,0.25,0.27586206896551724,0.4323770491803279,0.22042579463477868
AXP,log_abs_return,1,85.0,target_sector_weighted,shifted_1_day_text,stale_20d,target_event_keyword,6,85,0.18181818181818182,0.3333333333333333,0.23529411764705882,0.7531645569620253,0.16238881940101452
BAC,log_abs_return,1,85.0,target_sector_weighted,shifted_1_day_text,stale_20d,target_event_keyword,12,105,0.15384615384615385,0.16666666666666666,0.16,0.5582437275985663,0.1640788518839767
BX,log_abs_return,1,85.0,target_sector_weighted,shifted_1_day_text,stale_20d,target_event_keyword,9,86,0.1111111111111111,0.4444444444444444,0.17777777777777778,0.5137085137085138,0.16012635052624416
C,log_abs_return,1,85.0,target_sector_weighted,shifted_1_day_text,stale_20d,target_event_keyword,7,100,0.3333333333333333,0.2857142857142857,0.3076923076923077,0.6728110599078341,0.3543981130713778
ABT,log_abs_return,1,90.0,target_sector_weighted,shifted_1_day_text,stale_20d,target_event_keyword,6,125,0.10526315789473684,0.3333333333333333,0.16,0.46218487394957986,0.06770947267346918
AMD,log_abs_return,1,90.0,target_sector_weighted,shifted_1_day_text,stale_20d,target_event_keyword,12,173,0.06521739130434782,0.25,0.10344827586206896,0.5036231884057971,0.09379300473659817
AMGN,log_abs_return,1,90.0,target_sector_weighted,shifted_1_day_text,stale_20d,target_event_keyword,9,77,0.15384615384615385,0.2222222222222222,0.18181818181818182,0.3594771241830065,0.12514989364428908
AXP,log_abs_return,1,90.0,target_sector_weighted,shifted_1_day_text,stale_20d,target_event_keyword,6,85,0.125,0.16666666666666666,0.14285714285714285,0.7447257383966245,0.16341095204430306
BAC,log_abs_return,1,90.0,target_sector_weighted,shifted_1_day_text,stale_20d,target_event_keyword,7,105,0.1,0.14285714285714285,0.11764705882352941,0.521865889212828,0.08562485470208656
BX,log_abs_return,1,90.0,target_sector_weighted,shifted_1_day_text,stale_20d,target_event_keyword,5,86,0.10344827586206896,0.6,0.17647058823529413,0.6271604938271604,0.17854689882931218
C,log_abs_return,1,90.0,target_sector_weighted,shifted_1_day_text,stale_20d,target_event_keyword,5,100,0.25,0.2,0.2222222222222222,0.6526315789473685,0.30824394087150075
ABT,log_abs_return,1,95.0,target_sector_weighted,shifted_1_day_text,stale_20d,target_event_keyword,3,125,0.125,0.3333333333333333,0.18181818181818182,0.6311475409836065,0.119960668633235
AMD,log_abs_return,1,95.0,target_sector_weighted,shifted_1_day_text,stale_20d,target_event_keyword,7,173,0.021739130434782608,0.14285714285714285,0.03773584905660377,0.36919104991394147,0.0354874028388558
AMGN,log_abs_return,1,95.0,target_sector_weighted,shifted_1_day_text,stale_20d,target_event_keyword,2,77,0.1,0.5,0.16666666666666666,0.5066666666666666,0.09741784037558684
AXP,log_abs_return,1,95.0,target_sector_weighted,shifted_1_day_text,stale_20d,target_event_keyword,2,85,0.0,0.0,0.0,0.7168674698795181,0.059714795008912656
BAC,log_abs_return,1,95.0,target_sector_weighted,shifted_1_day_text,stale_20d,target_event_keyword,3,105,0.0,0.0,0.0,0.5261437908496731,0.04082957645788652
BX,log_abs_return,1,95.0,target_sector_weighted,shifted_1_day_text,stale_20d,target_event_keyword,2,86,0.0,0.0,0.0,0.47023809523809523,0.03210066769388803
C,log_abs_return,1,95.0,target_sector_weighted,shifted_1_day_text,stale_20d,target_event_keyword,1,100,0.3333333333333333,1.0,0.5,1.0,1.0
ABT,log_abs_return,3,80.0,target_sector_weighted,shifted_1_day_text,stale_20d,target_event_keyword,24,125,0.2,0.20833333333333334,0.20408163265306123,0.4773102310231024,0.19941381204532926
AMD,log_abs_return,3,80.0,target_sector_weighted,shifted_1_day_text,stale_20d,target_event_keyword,27,173,0.17073170731707318,0.25925925925925924,0.20588235294117646,0.5266362252663622,0.2178650997670744
AMGN,log_abs_return,3,80.0,target_sector_weighted,shifted_1_day_text,stale_20d,target_event_keyword,16,77,0.23076923076923078,0.1875,0.20689655172413793,0.6106557377049181,0.33339425010334117
AXP,log_abs_return,3,80.0,target_sector_weighted,shifted_1_day_text,stale_20d,target_event_keyword,13,85,0.14285714285714285,0.07692307692307693,0.1,0.5854700854700855,0.20807011600129935
BAC,log_abs_return,3,80.0,target_sector_weighted,shifted_1_day_text,stale_20d,target_event_keyword,17,105,0.25,0.17647058823529413,0.20689655172413793,0.5635026737967914,0.2472636713666443
BX,log_abs_return,3,80.0,target_sector_weighted,shifted_1_day_text,stale_20d,target_event_keyword,15,86,0.21428571428571427,0.8,0.3380281690140845,0.6525821596244132,0.28475300383985597
C,log_abs_return,3,80.0,target_sector_weighted,shifted_1_day_text,stale_20d,target_event_keyword,10,100,0.07142857142857142,0.1,0.08333333333333333,0.5166666666666666,0.13684784054147597
ABT,log_abs_return,3,85.0,target_sector_weighted,shifted_1_day_text,stale_20d,target_event_keyword,18,125,0.16666666666666666,0.16666666666666666,0.16666666666666666,0.40498442367601245,0.15263046088844645
AMD,log_abs_return,3,85.0,target_sector_weighted,shifted_1_day_text,stale_20d,target_event_keyword,19,173,0.17073170731707318,0.3684210526315789,0.23333333333333334,0.6134654818865345,0.23899033486356402
AMGN,log_abs_return,3,85.0,target_sector_weighted,shifted_1_day_text,stale_20d,target_event_keyword,10,77,0.2727272727272727,0.3,0.2857142857142857,0.6776119402985075,0.22941745222679233
AXP,log_abs_return,3,85.0,target_sector_weighted,shifted_1_day_text,stale_20d,target_event_keyword,10,85,0.0,0.0,0.0,0.6053333333333333,0.14931258493519214
BAC,log_abs_return,3,85.0,target_sector_weighted,shifted_1_day_text,stale_20d,target_event_keyword,15,105,0.16666666666666666,0.13333333333333333,0.14814814814814814,0.48148148148148145,0.17787819665774796
BX,log_abs_return,3,85.0,target_sector_weighted,shifted_1_day_text,stale_20d,target_event_keyword,7,86,0.11538461538461539,0.8571428571428571,0.2033898305084746,0.6708860759493671,0.1332277414366967
C,log_abs_return,3,85.0,target_sector_weighted,shifted_1_day_text,stale_20d,target_event_keyword,6,100,0.07692307692307693,0.16666666666666666,0.10526315789473684,0.5585106382978724,0.1125265745208793
ABT,log_abs_return,3,90.0,target_sector_weighted,shifted_1_day_text,stale_20d,target_event_keyword,10,125,0.16666666666666666,0.3,0.21428571428571427,0.5095652173913042,0.19873961179420171
AMD,log_abs_return,3,90.0,target_sector_weighted,shifted_1_day_text,stale_20d,target_event_keyword,12,173,0.09302325581395349,0.3333333333333333,0.14545454545454545,0.6666666666666666,0.20533276999464498
AMGN,log_abs_return,3,90.0,target_sector_weighted,shifted_1_day_text,stale_20d,target_event_keyword,8,77,0.18181818181818182,0.25,0.21052631578947367,0.6304347826086957,0.19101952574815237
AXP,log_abs_return,3,90.0,target_sector_weighted,shifted_1_day_text,stale_20d,target_event_keyword,3,85,0.0,0.0,0.0,0.5894308943089431,0.053679653679653674
BAC,log_abs_return,3,90.0,target_sector_weighted,shifted_1_day_text,stale_20d,target_event_keyword,8,105,0.0,0.0,0.0,0.43427835051546393,0.07068100558220014
BX,log_abs_return,3,90.0,target_sector_weighted,shifted_1_day_text,stale_20d,target_event_keyword,5,86,0.09523809523809523,0.8,0.1702127659574468,0.6246913580246913,0.09153246753246753
C,log_abs_return,3,90.0,target_sector_weighted,shifted_1_day_text,stale_20d,target_event_keyword,3,100,0.0,0.0,0.0,0.3470790378006872,0.0292687559354226
ABT,log_abs_return,3,95.0,target_sector_weighted,shifted_1_day_text,stale_20d,target_event_keyword,4,125,0.0,0.0,0.0,0.29545454545454547,0.028104198668714796
AMD,log_abs_return,3,95.0,target_sector_weighted,shifted_1_day_text,stale_20d,target_event_keyword,8,173,0.05,0.25,0.08333333333333333,0.7007575757575757,0.13122845539902492
AMGN,log_abs_return,3,95.0,target_sector_weighted,shifted_1_day_text,stale_20d,target_event_keyword,2,77,0.0,0.0,0.0,0.4866666666666667,0.03708791208791209
AXP,log_abs_return,3,95.0,target_sector_weighted,shifted_1_day_text,stale_20d,target_event_keyword,2,85,0.0,0.0,0.0,0.6445783132530121,0.07442348008385744
BAC,log_abs_return,3,95.0,target_sector_weighted,shifted_1_day_text,stale_20d,target_event_keyword,3,105,0.0,0.0,0.0,0.4117647058823529,0.031692809769449416
BX,log_abs_return,3,95.0,target_sector_weighted,shifted_1_day_text,stale_20d,target_event_keyword,2,86,0.02857142857142857,0.5,0.05405405405405406,0.5773809523809523,0.04040816326530612
C,log_abs_return,3,95.0,target_sector_weighted,shifted_1_day_text,stale_20d,target_event_keyword,1,100,0.0,0.0,0.0,0.5757575757575757,0.023255813953488372
ABT,log_gk,1,80.0,target_sector_weighted,same_day_text,correct_text,target_event_keyword,14,125,0.23809523809523808,0.35714285714285715,0.2857142857142857,0.6949806949806949,0.44440673812310283
AMD,log_gk,1,80.0,target_sector_weighted,same_day_text,correct_text,target_event_keyword,17,173,0.109375,0.4117647058823529,0.1728395061728395,0.521870286576169,0.12310464186503219
AMGN,log_gk,1,80.0,target_sector_weighted,same_day_text,correct_text,target_event_keyword,13,77,0.25,0.23076923076923078,0.24,0.5408653846153846,0.2472408780718374
AXP,log_gk,1,80.0,target_sector_weighted,same_day_text,correct_text,target_event_keyword,10,85,0.36363636363636365,0.4,0.38095238095238093,0.6906666666666667,0.361563311840015
BAC,log_gk,1,80.0,target_sector_weighted,same_day_text,correct_text,target_event_keyword,9,105,0.125,0.2222222222222222,0.16,0.6226851851851852,0.1373954214217906
BX,log_gk,1,80.0,target_sector_weighted,same_day_text,correct_text,target_event_keyword,10,86,0.15217391304347827,0.7,0.25,0.6894736842105262,0.2600605185817854
C,log_gk,1,80.0,target_sector_weighted,same_day_text,correct_text,target_event_keyword,9,100,0.29411764705882354,0.5555555555555556,0.38461538461538464,0.8205128205128205,0.28754967254967256
ABT,log_gk,1,85.0,target_sector_weighted,same_day_text,correct_text,target_event_keyword,10,125,0.26666666666666666,0.4,0.32,0.6826086956521739,0.4786755349008318
AMD,log_gk,1,85.0,target_sector_weighted,same_day_text,correct_text,target_event_keyword,13,173,0.10344827586206896,0.46153846153846156,0.16901408450704225,0.5754807692307693,0.11207471978988405
AMGN,log_gk,1,85.0,target_sector_weighted,same_day_text,correct_text,target_event_keyword,11,77,0.2857142857142857,0.36363636363636365,0.32,0.615702479338843,0.27812522537205653
AXP,log_gk,1,85.0,target_sector_weighted,same_day_text,correct_text,target_event_keyword,7,85,0.2,0.2857142857142857,0.23529411764705882,0.7234432234432234,0.16584362453264892
BAC,log_gk,1,85.0,target_sector_weighted,same_day_text,correct_text,target_event_keyword,6,105,0.125,0.3333333333333333,0.18181818181818182,0.601010101010101,0.11843240859957832
BX,log_gk,1,85.0,target_sector_weighted,same_day_text,correct_text,target_event_keyword,6,86,0.13793103448275862,0.6666666666666666,0.22857142857142856,0.75,0.240780109568142
C,log_gk,1,85.0,target_sector_weighted,same_day_text,correct_text,target_event_keyword,4,100,0.0,0.0,0.0,0.5807291666666666,0.05592612044817927
ABT,log_gk,1,90.0,target_sector_weighted,same_day_text,correct_text,target_event_keyword,6,125,0.25,0.3333333333333333,0.2857142857142857,0.5294117647058824,0.24376823927846875
AMD,log_gk,1,90.0,target_sector_weighted,same_day_text,correct_text,target_event_keyword,6,173,0.05660377358490566,0.5,0.1016949152542373,0.6417165668662674,0.08654948580715723
AMGN,log_gk,1,90.0,target_sector_weighted,same_day_text,correct_text,target_event_keyword,5,77,0.125,0.2,0.15384615384615385,0.6472222222222223,0.28665505226480836
AXP,log_gk,1,90.0,target_sector_weighted,same_day_text,correct_text,target_event_keyword,4,85,0.1111111111111111,0.25,0.15384615384615385,0.712962962962963,0.1276361172702636
BAC,log_gk,1,90.0,target_sector_weighted,same_day_text,correct_text,target_event_keyword,5,105,0.16666666666666666,0.4,0.23529411764705882,0.634,0.11736097172716892
BX,log_gk,1,90.0,target_sector_weighted,same_day_text,correct_text,target_event_keyword,3,86,0.06666666666666667,0.3333333333333333,0.1111111111111111,0.6184738955823293,0.09102322661644696
C,log_gk,1,90.0,target_sector_weighted,same_day_text,correct_text,target_event_keyword,1,100,0.0,0.0,0.0,0.6161616161616161,0.02564102564102564
ABT,log_gk,1,95.0,target_sector_weighted,same_day_text,correct_text,target_event_keyword,1,125,0.1111111111111111,1.0,0.2,0.9838709677419355,0.3333333333333333
AMD,log_gk,1,95.0,target_sector_weighted,same_day_text,correct_text,target_event_keyword,5,173,0.05405405405405406,0.4,0.09523809523809523,0.5845238095238094,0.06270011028651698
AMGN,log_gk,1,95.0,target_sector_weighted,same_day_text,correct_text,target_event_keyword,2,77,0.058823529411764705,0.5,0.10526315789473684,0.8133333333333334,0.5333333333333333
AXP,log_gk,1,95.0,target_sector_weighted,same_day_text,correct_text,target_event_keyword,2,85,0.0,0.0,0.0,0.6566265060240963,0.05397727272727273
BAC,log_gk,1,95.0,target_sector_weighted,same_day_text,correct_text,target_event_keyword,2,105,0.1,0.5,0.16666666666666666,0.7427184466019418,0.09183673469387754
BX,log_gk,1,95.0,target_sector_weighted,same_day_text,correct_text,target_event_keyword,0,86,,,,,
C,log_gk,1,95.0,target_sector_weighted,same_day_text,correct_text,target_event_keyword,0,100,,,,,
ABT,log_gk,3,80.0,target_sector_weighted,same_day_text,correct_text,target_event_keyword,15,125,0.21052631578947367,0.26666666666666666,0.23529411764705882,0.5715151515151514,0.2562547794215615
AMD,log_gk,3,80.0,target_sector_weighted,same_day_text,correct_text,target_event_keyword,20,173,0.1016949152542373,0.3,0.1518987341772152,0.4970588235294118,0.17938872758715682
AMGN,log_gk,3,80.0,target_sector_weighted,same_day_text,correct_text,target_event_keyword,9,77,0.0,0.0,0.0,0.31535947712418305,0.0897628022324147
AXP,log_gk,3,80.0,target_sector_weighted,same_day_text,correct_text,target_event_keyword,8,85,0.09090909090909091,0.125,0.10526315789473684,0.5616883116883117,0.12395804462417123
BAC,log_gk,3,80.0,target_sector_weighted,same_day_text,correct_text,target_event_keyword,7,105,0.047619047619047616,0.14285714285714285,0.07142857142857142,0.6997084548104957,0.13100744053125005
BX,log_gk,3,80.0,target_sector_weighted,same_day_text,correct_text,target_event_keyword,12,86,0.18181818181818182,0.6666666666666666,0.2857142857142857,0.7117117117117117,0.41812024333506326
C,log_gk,3,80.0,target_sector_weighted,same_day_text,correct_text,target_event_keyword,8,100,0.09523809523809523,0.25,0.13793103448275862,0.59375,0.10646059620825266
ABT,log_gk,3,85.0,target_sector_weighted,same_day_text,correct_text,target_event_keyword,9,125,0.10526315789473684,0.2222222222222222,0.14285714285714285,0.5047892720306513,0.11086799327799794
AMD,log_gk,3,85.0,target_sector_weighted,same_day_text,correct_text,target_event_keyword,14,173,0.09230769230769231,0.42857142857142855,0.1518987341772152,0.5305480682839173,0.21655642106811024
AMGN,log_gk,3,85.0,target_sector_weighted,same_day_text,correct_text,target_event_keyword,8,77,0.0,0.0,0.0,0.3260869565217392,0.08190921529032164
AXP,log_gk,3,85.0,target_sector_weighted,same_day_text,correct_text,target_event_keyword,6,85,0.09090909090909091,0.16666666666666666,0.11764705882352941,0.6033755274261604,0.11542321499218051
BAC,log_gk,3,85.0,target_sector_weighted,same_day_text,correct_text,target_event_keyword,5,105,0.08,0.4,0.13333333333333333,0.7879999999999999,0.13463080778870254
BX,log_gk,3,85.0,target_sector_weighted,same_day_text,correct_text,target_event_keyword,9,86,0.15789473684210525,0.6666666666666666,0.2553191489361702,0.6810966810966811,0.3487782861596903
C,log_gk,3,85.0,target_sector_weighted,same_day_text,correct_text,target_event_keyword,4,100,0.0,0.0,0.0,0.7552083333333333,0.09221360693400166
ABT,log_gk,3,90.0,target_sector_weighted,same_day_text,correct_text,target_event_keyword,4,125,0.0625,0.25,0.1,0.5516528925619835,0.0730584315837772
AMD,log_gk,3,90.0,target_sector_weighted,same_day_text,correct_text,target_event_keyword,6,173,0.031746031746031744,0.3333333333333333,0.057971014492753624,0.5329341317365269,0.07850335998146217
AMGN,log_gk,3,90.0,target_sector_weighted,same_day_text,correct_text,target_event_keyword,1,77,0.0,0.0,0.0,0.4342105263157895,0.022727272727272728
AXP,log_gk,3,90.0,target_sector_weighted,same_day_text,correct_text,target_event_keyword,4,85,0.125,0.25,0.16666666666666666,0.6172839506172839,0.12008755472170107
BAC,log_gk,3,90.0,target_sector_weighted,same_day_text,correct_text,target_event_keyword,3,105,0.037037037037037035,0.3333333333333333,0.06666666666666667,0.696078431372549,0.06065462315462315
BX,log_gk,3,90.0,target_sector_weighted,same_day_text,correct_text,target_event_keyword,6,86,0.17391304347826086,0.6666666666666666,0.27586206896551724,0.6729166666666666,0.2951868919610855
C,log_gk,3,90.0,target_sector_weighted,same_day_text,correct_text,target_event_keyword,3,100,0.07142857142857142,0.3333333333333333,0.11764705882352941,0.6975945017182131,0.08557347670250896
ABT,log_gk,3,95.0,target_sector_weighted,same_day_text,correct_text,target_event_keyword,1,125,0.05263157894736842,1.0,0.1,0.9193548387096774,0.09090909090909091
AMD,log_gk,3,95.0,target_sector_weighted,same_day_text,correct_text,target_event_keyword,5,173,0.03389830508474576,0.4,0.0625,0.4928571428571429,0.03283408261716249
AMGN,log_gk,3,95.0,target_sector_weighted,same_day_text,correct_text,target_event_keyword,0,77,,,,,
AXP,log_gk,3,95.0,target_sector_weighted,same_day_text,correct_text,target_event_keyword,3,85,0.0,0.0,0.0,0.6910569105691057,0.15294117647058825
BAC,log_gk,3,95.0,target_sector_weighted,same_day_text,correct_text,target_event_keyword,2,105,0.0,0.0,0.0,0.645631067961165,0.038517975055025674
BX,log_gk,3,95.0,target_sector_weighted,same_day_text,correct_text,target_event_keyword,2,86,0.058823529411764705,0.5,0.10526315789473684,0.5952380952380953,0.06639344262295083
C,log_gk,3,95.0,target_sector_weighted,same_day_text,correct_text,target_event_keyword,1,100,0.2,1.0,0.3333333333333333,0.9696969696969697,0.25
ABT,log_abs_return,1,80.0,target_sector_weighted,same_day_text,correct_text,target_event_keyword,15,125,0.10714285714285714,0.2,0.13953488372093023,0.5333333333333333,0.26489423294526415
AMD,log_abs_return,1,80.0,target_sector_weighted,same_day_text,correct_text,target_event_keyword,23,173,0.19696969696969696,0.5652173913043478,0.29213483146067415,0.5753623188405798,0.21923830779267578
AMGN,log_abs_return,1,80.0,target_sector_weighted,same_day_text,correct_text,target_event_keyword,19,77,0.2647058823529412,0.47368421052631576,0.33962264150943394,0.5199637023593465,0.28948908691081154
AXP,log_abs_return,1,80.0,target_sector_weighted,same_day_text,correct_text,target_event_keyword,10,85,0.15384615384615385,0.2,0.17391304347826086,0.7493333333333333,0.2179025965982488
BAC,log_abs_return,1,80.0,target_sector_weighted,same_day_text,correct_text,target_event_keyword,20,105,0.1724137931034483,0.25,0.20408163265306123,0.51,0.2436493868439648
BX,log_abs_return,1,80.0,target_sector_weighted,same_day_text,correct_text,target_event_keyword,15,86,0.21568627450980393,0.7333333333333333,0.3333333333333333,0.6666666666666667,0.41671153124523674
C,log_abs_return,1,80.0,target_sector_weighted,same_day_text,correct_text,target_event_keyword,10,100,0.13043478260869565,0.3,0.18181818181818182,0.5700000000000001,0.2523748213453767
ABT,log_abs_return,1,85.0,target_sector_weighted,same_day_text,correct_text,target_event_keyword,9,125,0.075,0.3333333333333333,0.12244897959183673,0.48563218390804597,0.151443637594385
AMD,log_abs_return,1,85.0,target_sector_weighted,same_day_text,correct_text,target_event_keyword,15,173,0.10344827586206896,0.4,0.1643835616438356,0.5476793248945148,0.21123112454847476
AMGN,log_abs_return,1,85.0,target_sector_weighted,same_day_text,correct_text,target_event_keyword,16,77,0.21739130434782608,0.3125,0.2564102564102564,0.5,0.24555264120528614
AXP,log_abs_return,1,85.0,target_sector_weighted,same_day_text,correct_text,target_event_keyword,6,85,0.125,0.16666666666666666,0.14285714285714285,0.751054852320675,0.1678343586238323
BAC,log_abs_return,1,85.0,target_sector_weighted,same_day_text,correct_text,target_event_keyword,12,105,0.16,0.3333333333333333,0.21621621621621623,0.525089605734767,0.1532488204851678
BX,log_abs_return,1,85.0,target_sector_weighted,same_day_text,correct_text,target_event_keyword,9,86,0.13636363636363635,0.6666666666666666,0.22641509433962265,0.5425685425685425,0.14391733667225487
C,log_abs_return,1,85.0,target_sector_weighted,same_day_text,correct_text,target_event_keyword,7,100,0.15789473684210525,0.42857142857142855,0.23076923076923078,0.6712749615975422,0.32777643032311965
ABT,log_abs_return,1,90.0,target_sector_weighted,same_day_text,correct_text,target_event_keyword,6,125,0.030303030303030304,0.16666666666666666,0.05128205128205128,0.3669467787114845,0.11793766457867881
AMD,log_abs_return,1,90.0,target_sector_weighted,same_day_text,correct_text,target_event_keyword,12,173,0.06382978723404255,0.25,0.1016949152542373,0.5455486542443064,0.23895779910602788
AMGN,log_abs_return,1,90.0,target_sector_weighted,same_day_text,correct_text,target_event_keyword,9,77,0.08695652173913043,0.2222222222222222,0.125,0.4901960784313726,0.12728161001931598
AXP,log_abs_return,1,90.0,target_sector_weighted,same_day_text,correct_text,target_event_keyword,6,85,0.1111111111111111,0.16666666666666666,0.13333333333333333,0.7827004219409284,0.16774983435600493
BAC,log_abs_return,1,90.0,target_sector_weighted,same_day_text,correct_text,target_event_keyword,7,105,0.058823529411764705,0.14285714285714285,0.08333333333333333,0.5553935860058309,0.09195089352932967
BX,log_abs_return,1,90.0,target_sector_weighted,same_day_text,correct_text,target_event_keyword,5,86,0.09375,0.6,0.16216216216216217,0.5777777777777778,0.13929326775436612
C,log_abs_return,1,90.0,target_sector_weighted,same_day_text,correct_text,target_event_keyword,5,100,0.16666666666666666,0.4,0.23529411764705882,0.6568421052631579,0.20990498358919413
ABT,log_abs_return,1,95.0,target_sector_weighted,same_day_text,correct_text,target_event_keyword,3,125,0.05555555555555555,0.3333333333333333,0.09523809523809523,0.7650273224043715,0.14835989835989835
AMD,log_abs_return,1,95.0,target_sector_weighted,same_day_text,correct_text,target_event_keyword,7,173,0.04081632653061224,0.2857142857142857,0.07142857142857142,0.49397590361445787,0.04431278888239913
AMGN,log_abs_return,1,95.0,target_sector_weighted,same_day_text,correct_text,target_event_keyword,2,77,0.07142857142857142,0.5,0.125,0.6466666666666667,0.2685185185185185
AXP,log_abs_return,1,95.0,target_sector_weighted,same_day_text,correct_text,target_event_keyword,2,85,0.0,0.0,0.0,0.7289156626506024,0.060798548094373864
BAC,log_abs_return,1,95.0,target_sector_weighted,same_day_text,correct_text,target_event_keyword,3,105,0.0,0.0,0.0,0.6699346405228759,0.05385586635586635
BX,log_abs_return,1,95.0,target_sector_weighted,same_day_text,correct_text,target_event_keyword,2,86,0.025,0.5,0.047619047619047616,0.4642857142857143,0.03367003367003367
C,log_abs_return,1,95.0,target_sector_weighted,same_day_text,correct_text,target_event_keyword,1,100,0.0,0.0,0.0,0.898989898989899,0.09090909090909091
ABT,log_abs_return,3,80.0,target_sector_weighted,same_day_text,correct_text,target_event_keyword,24,125,0.1935483870967742,0.25,0.21818181818181817,0.4253300330033003,0.19279339749077815
AMD,log_abs_return,3,80.0,target_sector_weighted,same_day_text,correct_text,target_event_keyword,27,173,0.16666666666666666,0.4444444444444444,0.24242424242424243,0.556570268899036,0.3066360636469086
AMGN,log_abs_return,3,80.0,target_sector_weighted,same_day_text,correct_text,target_event_keyword,16,77,0.32142857142857145,0.5625,0.4090909090909091,0.6557377049180328,0.29448526215588894
AXP,log_abs_return,3,80.0,target_sector_weighted,same_day_text,correct_text,target_event_keyword,13,85,0.125,0.15384615384615385,0.13793103448275862,0.5202991452991453,0.18687089699584702
BAC,log_abs_return,3,80.0,target_sector_weighted,same_day_text,correct_text,target_event_keyword,17,105,0.24,0.35294117647058826,0.2857142857142857,0.5695187165775402,0.258931991814838
BX,log_abs_return,3,80.0,target_sector_weighted,same_day_text,correct_text,target_event_keyword,15,86,0.1864406779661017,0.7333333333333333,0.2972972972972973,0.6676056338028169,0.2913857739066932
C,log_abs_return,3,80.0,target_sector_weighted,same_day_text,correct_text,target_event_keyword,10,100,0.16666666666666666,0.4,0.23529411764705882,0.5311111111111112,0.15062798740057184
ABT,log_abs_return,3,85.0,target_sector_weighted,same_day_text,correct_text,target_event_keyword,18,125,0.1,0.16666666666666666,0.125,0.31775700934579443,0.13533650442841622
AMD,log_abs_return,3,85.0,target_sector_weighted,same_day_text,correct_text,target_event_keyword,19,173,0.15,0.47368421052631576,0.22784810126582278,0.5892002734107996,0.30560893827378355
AMGN,log_abs_return,3,85.0,target_sector_weighted,same_day_text,correct_text,target_event_keyword,10,77,0.22580645161290322,0.7,0.34146341463414637,0.6402985074626866,0.1871315471578445
AXP,log_abs_return,3,85.0,target_sector_weighted,same_day_text,correct_text,target_event_keyword,10,85,0.08333333333333333,0.1,0.09090909090909091,0.5920000000000001,0.15638812781833378
BAC,log_abs_return,3,85.0,target_sector_weighted,same_day_text,correct_text,target_event_keyword,15,105,0.15789473684210525,0.2,0.17647058823529413,0.5244444444444445,0.18892476868689712
BX,log_abs_return,3,85.0,target_sector_weighted,same_day_text,correct_text,target_event_keyword,7,86,0.07547169811320754,0.5714285714285714,0.13333333333333333,0.596745027124774,0.13266273236457315
C,log_abs_return,3,85.0,target_sector_weighted,same_day_text,correct_text,target_event_keyword,6,100,0.08333333333333333,0.3333333333333333,0.13333333333333333,0.599290780141844,0.13703853499606786
ABT,log_abs_return,3,90.0,target_sector_weighted,same_day_text,correct_text,target_event_keyword,10,125,0.09090909090909091,0.3,0.13953488372093023,0.44173913043478263,0.21292955593762047
AMD,log_abs_return,3,90.0,target_sector_weighted,same_day_text,correct_text,target_event_keyword,12,173,0.11594202898550725,0.6666666666666666,0.19753086419753085,0.6651138716356108,0.22570570213064398
AMGN,log_abs_return,3,90.0,target_sector_weighted,same_day_text,correct_text,target_event_keyword,8,77,0.1875,0.75,0.3,0.6811594202898551,0.17864093183386662
AXP,log_abs_return,3,90.0,target_sector_weighted,same_day_text,correct_text,target_event_keyword,3,85,0.0,0.0,0.0,0.7804878048780487,0.09837164750957855
BAC,log_abs_return,3,90.0,target_sector_weighted,same_day_text,correct_text,target_event_keyword,8,105,0.0,0.0,0.0,0.40850515463917525,0.06769045365305332
BX,log_abs_return,3,90.0,target_sector_weighted,same_day_text,correct_text,target_event_keyword,5,86,0.06818181818181818,0.6,0.12244897959183673,0.5308641975308642,0.07214170474901502
C,log_abs_return,3,90.0,target_sector_weighted,same_day_text,correct_text,target_event_keyword,3,100,0.0,0.0,0.0,0.33676975945017185,0.029153147306943544
ABT,log_abs_return,3,95.0,target_sector_weighted,same_day_text,correct_text,target_event_keyword,4,125,0.0,0.0,0.0,0.2706611570247934,0.026240372356877213
AMD,log_abs_return,3,95.0,target_sector_weighted,same_day_text,correct_text,target_event_keyword,8,173,0.06818181818181818,0.375,0.11538461538461539,0.7757575757575758,0.2179208567484965
AMGN,log_abs_return,3,95.0,target_sector_weighted,same_day_text,correct_text,target_event_keyword,2,77,0.02857142857142857,0.5,0.05405405405405406,0.6333333333333333,0.0825
AXP,log_abs_return,3,95.0,target_sector_weighted,same_day_text,correct_text,target_event_keyword,2,85,0.0,0.0,0.0,0.7349397590361445,0.06458333333333333
BAC,log_abs_return,3,95.0,target_sector_weighted,same_day_text,correct_text,target_event_keyword,3,105,0.0,0.0,0.0,0.522875816993464,0.04012747925791404
BX,log_abs_return,3,95.0,target_sector_weighted,same_day_text,correct_text,target_event_keyword,2,86,0.0,0.0,0.0,0.44642857142857145,0.030495831505046072
C,log_abs_return,3,95.0,target_sector_weighted,same_day_text,correct_text,target_event_keyword,1,100,0.0,0.0,0.0,0.7171717171717171,0.034482758620689655
ABT,log_gk,1,80.0,target_sector_weighted,same_day_text,shuffled_within_ticker,target_event_keyword,14,125,0.3125,0.35714285714285715,0.3333333333333333,0.7001287001287,0.41873199015239204
AMD,log_gk,1,80.0,target_sector_weighted,same_day_text,shuffled_within_ticker,target_event_keyword,17,173,0.09615384615384616,0.29411764705882354,0.14492753623188406,0.4811463046757164,0.12288457685607862
AMGN,log_gk,1,80.0,target_sector_weighted,same_day_text,shuffled_within_ticker,target_event_keyword,13,77,0.2,0.23076923076923078,0.21428571428571427,0.5216346153846154,0.24823800189374562
AXP,log_gk,1,80.0,target_sector_weighted,same_day_text,shuffled_within_ticker,target_event_keyword,10,85,0.3333333333333333,0.3,0.3157894736842105,0.7373333333333332,0.3396625032915356
BAC,log_gk,1,80.0,target_sector_weighted,same_day_text,shuffled_within_ticker,target_event_keyword,9,105,0.07692307692307693,0.1111111111111111,0.09090909090909091,0.5821759259259259,0.13535829958594187
BX,log_gk,1,80.0,target_sector_weighted,same_day_text,shuffled_within_ticker,target_event_keyword,10,86,0.13043478260869565,0.6,0.21428571428571427,0.6815789473684211,0.3891219064146912
C,log_gk,1,80.0,target_sector_weighted,same_day_text,shuffled_within_ticker,target_event_keyword,9,100,0.18181818181818182,0.2222222222222222,0.2,0.7533577533577533,0.24562796111580543
ABT,log_gk,1,85.0,target_sector_weighted,same_day_text,shuffled_within_ticker,target_event_keyword,10,125,0.2857142857142857,0.4,0.3333333333333333,0.7495652173913042,0.46331711934902364
AMD,log_gk,1,85.0,target_sector_weighted,same_day_text,shuffled_within_ticker,target_event_keyword,13,173,0.09302325581395349,0.3076923076923077,0.14285714285714285,0.5581730769230769,0.10425366488566162
AMGN,log_gk,1,85.0,target_sector_weighted,same_day_text,shuffled_within_ticker,target_event_keyword,11,77,0.26666666666666666,0.36363636363636365,0.3076923076923077,0.6473829201101928,0.3026049262680279
AXP,log_gk,1,85.0,target_sector_weighted,same_day_text,shuffled_within_ticker,target_event_keyword,7,85,0.0,0.0,0.0,0.6996336996336996,0.14514428831962378
BAC,log_gk,1,85.0,target_sector_weighted,same_day_text,shuffled_within_ticker,target_event_keyword,6,105,0.08333333333333333,0.16666666666666666,0.1111111111111111,0.5757575757575757,0.12603082268563004
BX,log_gk,1,85.0,target_sector_weighted,same_day_text,shuffled_within_ticker,target_event_keyword,6,86,0.10256410256410256,0.6666666666666666,0.17777777777777778,0.7020833333333333,0.43585858585858583
C,log_gk,1,85.0,target_sector_weighted,same_day_text,shuffled_within_ticker,target_event_keyword,4,100,0.0,0.0,0.0,0.49479166666666663,0.047016061659525155
ABT,log_gk,1,90.0,target_sector_weighted,same_day_text,shuffled_within_ticker,target_event_keyword,6,125,0.2222222222222222,0.3333333333333333,0.26666666666666666,0.623249299719888,0.15110479797979798
AMD,log_gk,1,90.0,target_sector_weighted,same_day_text,shuffled_within_ticker,target_event_keyword,6,173,0.075,0.5,0.13043478260869565,0.7165668662674651,0.11725499159242199
AMGN,log_gk,1,90.0,target_sector_weighted,same_day_text,shuffled_within_ticker,target_event_keyword,5,77,0.08333333333333333,0.2,0.11764705882352941,0.6388888888888888,0.12411265317443806
AXP,log_gk,1,90.0,target_sector_weighted,same_day_text,shuffled_within_ticker,target_event_keyword,4,85,0.125,0.25,0.16666666666666666,0.6851851851851852,0.10381410256410258
BAC,log_gk,1,90.0,target_sector_weighted,same_day_text,shuffled_within_ticker,target_event_keyword,5,105,0.09090909090909091,0.2,0.125,0.606,0.13195903783419083
BX,log_gk,1,90.0,target_sector_weighted,same_day_text,shuffled_within_ticker,target_event_keyword,3,86,0.06896551724137931,0.6666666666666666,0.125,0.6425702811244979,0.12184684684684685
C,log_gk,1,90.0,target_sector_weighted,same_day_text,shuffled_within_ticker,target_event_keyword,1,100,0.0,0.0,0.0,0.4444444444444444,0.017857142857142856
ABT,log_gk,1,95.0,target_sector_weighted,same_day_text,shuffled_within_ticker,target_event_keyword,1,125,0.0,0.0,0.0,0.8064516129032258,0.04
AMD,log_gk,1,95.0,target_sector_weighted,same_day_text,shuffled_within_ticker,target_event_keyword,5,173,0.08333333333333333,0.6,0.14634146341463414,0.7392857142857143,0.09126206037970744
AMGN,log_gk,1,95.0,target_sector_weighted,same_day_text,shuffled_within_ticker,target_event_keyword,2,77,0.1111111111111111,0.5,0.18181818181818182,0.6666666666666666,0.14540816326530612
AXP,log_gk,1,95.0,target_sector_weighted,same_day_text,shuffled_within_ticker,target_event_keyword,2,85,0.0,0.0,0.0,0.6987951807228916,0.05572755417956656
BAC,log_gk,1,95.0,target_sector_weighted,same_day_text,shuffled_within_ticker,target_event_keyword,2,105,0.14285714285714285,0.5,0.2222222222222222,0.6893203883495146,0.18229166666666666
BX,log_gk,1,95.0,target_sector_weighted,same_day_text,shuffled_within_ticker,target_event_keyword,0,86,,,,,
C,log_gk,1,95.0,target_sector_weighted,same_day_text,shuffled_within_ticker,target_event_keyword,0,100,,,,,
ABT,log_gk,3,80.0,target_sector_weighted,same_day_text,shuffled_within_ticker,target_event_keyword,15,125,0.2222222222222222,0.26666666666666666,0.24242424242424243,0.5054545454545455,0.27215210709341653
AMD,log_gk,3,80.0,target_sector_weighted,same_day_text,shuffled_within_ticker,target_event_keyword,20,173,0.06666666666666667,0.2,0.1,0.44738562091503264,0.1124457307502355
AMGN,log_gk,3,80.0,target_sector_weighted,same_day_text,shuffled_within_ticker,target_event_keyword,9,77,0.0,0.0,0.0,0.2712418300653595,0.08467717073280444
AXP,log_gk,3,80.0,target_sector_weighted,same_day_text,shuffled_within_ticker,target_event_keyword,8,85,0.0,0.0,0.0,0.6103896103896105,0.12618822056322057
BAC,log_gk,3,80.0,target_sector_weighted,same_day_text,shuffled_within_ticker,target_event_keyword,7,105,0.11764705882352941,0.2857142857142857,0.16666666666666666,0.6938775510204082,0.14709674383587426
BX,log_gk,3,80.0,target_sector_weighted,same_day_text,shuffled_within_ticker,target_event_keyword,12,86,0.2,0.8333333333333334,0.3225806451612903,0.7038288288288288,0.446219028979964
C,log_gk,3,80.0,target_sector_weighted,same_day_text,shuffled_within_ticker,target_event_keyword,8,100,0.09090909090909091,0.125,0.10526315789473684,0.5339673913043478,0.11772966147970793
ABT,log_gk,3,85.0,target_sector_weighted,same_day_text,shuffled_within_ticker,target_event_keyword,9,125,0.13333333333333333,0.2222222222222222,0.16666666666666666,0.4760536398467433,0.09612937946314548
AMD,log_gk,3,85.0,target_sector_weighted,same_day_text,shuffled_within_ticker,target_event_keyword,14,173,0.0625,0.21428571428571427,0.0967741935483871,0.4779874213836478,0.07899691185190277
AMGN,log_gk,3,85.0,target_sector_weighted,same_day_text,shuffled_within_ticker,target_event_keyword,8,77,0.0,0.0,0.0,0.25181159420289856,0.07535236934180632
AXP,log_gk,3,85.0,target_sector_weighted,same_day_text,shuffled_within_ticker,target_event_keyword,6,85,0.0,0.0,0.0,0.6181434599156118,0.10308614996114997
BAC,log_gk,3,85.0,target_sector_weighted,same_day_text,shuffled_within_ticker,target_event_keyword,5,105,0.07692307692307693,0.2,0.1111111111111111,0.708,0.11052867383512545
BX,log_gk,3,85.0,target_sector_weighted,same_day_text,shuffled_within_ticker,target_event_keyword,9,86,0.14893617021276595,0.7777777777777778,0.25,0.6565656565656566,0.32971500967283784
C,log_gk,3,85.0,target_sector_weighted,same_day_text,shuffled_within_ticker,target_event_keyword,4,100,0.125,0.25,0.16666666666666666,0.5859375,0.08238569059464582
ABT,log_gk,3,90.0,target_sector_weighted,same_day_text,shuffled_within_ticker,target_event_keyword,4,125,0.08333333333333333,0.25,0.125,0.4690082644628099,0.050921658986175115
AMD,log_gk,3,90.0,target_sector_weighted,same_day_text,shuffled_within_ticker,target_event_keyword,6,173,0.02,0.16666666666666666,0.03571428571428571,0.45808383233532934,0.053121543135508056
AMGN,log_gk,3,90.0,target_sector_weighted,same_day_text,shuffled_within_ticker,target_event_keyword,1,77,0.0,0.0,0.0,0.5,0.02564102564102564
AXP,log_gk,3,90.0,target_sector_weighted,same_day_text,shuffled_within_ticker,target_event_keyword,4,85,0.0,0.0,0.0,0.558641975308642,0.06373281736184962
BAC,log_gk,3,90.0,target_sector_weighted,same_day_text,shuffled_within_ticker,target_event_keyword,3,105,0.1111111111111111,0.3333333333333333,0.16666666666666666,0.6928104575163399,0.07671957671957672
BX,log_gk,3,90.0,target_sector_weighted,same_day_text,shuffled_within_ticker,target_event_keyword,6,86,0.10526315789473684,0.6666666666666666,0.18181818181818182,0.6499999999999999,0.26322969951690733
C,log_gk,3,90.0,target_sector_weighted,same_day_text,shuffled_within_ticker,target_event_keyword,3,100,0.125,0.3333333333333333,0.18181818181818182,0.6941580756013745,0.11057754704737184
ABT,log_gk,3,95.0,target_sector_weighted,same_day_text,shuffled_within_ticker,target_event_keyword,1,125,0.0,0.0,0.0,0.935483870967742,0.1111111111111111
AMD,log_gk,3,95.0,target_sector_weighted,same_day_text,shuffled_within_ticker,target_event_keyword,5,173,0.02631578947368421,0.2,0.046511627906976744,0.4797619047619048,0.03435502416472476
AMGN,log_gk,3,95.0,target_sector_weighted,same_day_text,shuffled_within_ticker,target_event_keyword,0,77,,,,,
AXP,log_gk,3,95.0,target_sector_weighted,same_day_text,shuffled_within_ticker,target_event_keyword,3,85,0.0,0.0,0.0,0.6219512195121951,0.059305268000920175
BAC,log_gk,3,95.0,target_sector_weighted,same_day_text,shuffled_within_ticker,target_event_keyword,2,105,0.0,0.0,0.0,0.6067961165048543,0.03968253968253968
BX,log_gk,3,95.0,target_sector_weighted,same_day_text,shuffled_within_ticker,target_event_keyword,2,86,0.047619047619047616,0.5,0.08695652173913043,0.863095238095238,0.17045454545454547
C,log_gk,3,95.0,target_sector_weighted,same_day_text,shuffled_within_ticker,target_event_keyword,1,100,0.0,0.0,0.0,0.9696969696969697,0.25
ABT,log_abs_return,1,80.0,target_sector_weighted,same_day_text,shuffled_within_ticker,target_event_keyword,15,125,0.11538461538461539,0.2,0.14634146341463414,0.4460606060606061,0.12519295808796288
AMD,log_abs_return,1,80.0,target_sector_weighted,same_day_text,shuffled_within_ticker,target_event_keyword,23,173,0.11475409836065574,0.30434782608695654,0.16666666666666666,0.48811594202898545,0.13150359679002177
AMGN,log_abs_return,1,80.0,target_sector_weighted,same_day_text,shuffled_within_ticker,target_event_keyword,19,77,0.375,0.3157894736842105,0.34285714285714286,0.5499092558983665,0.3019804367217291
AXP,log_abs_return,1,80.0,target_sector_weighted,same_day_text,shuffled_within_ticker,target_event_keyword,10,85,0.2,0.2,0.2,0.788,0.26788088164558754
BAC,log_abs_return,1,80.0,target_sector_weighted,same_day_text,shuffled_within_ticker,target_event_keyword,20,105,0.13636363636363635,0.15,0.14285714285714285,0.5264705882352941,0.22897562236970168
BX,log_abs_return,1,80.0,target_sector_weighted,same_day_text,shuffled_within_ticker,target_event_keyword,15,86,0.2037037037037037,0.7333333333333333,0.3188405797101449,0.6375586854460094,0.3460942540837229
C,log_abs_return,1,80.0,target_sector_weighted,same_day_text,shuffled_within_ticker,target_event_keyword,10,100,0.36363636363636365,0.4,0.38095238095238093,0.5544444444444444,0.2826250574809149
ABT,log_abs_return,1,85.0,target_sector_weighted,same_day_text,shuffled_within_ticker,target_event_keyword,9,125,0.08,0.2222222222222222,0.11764705882352941,0.4444444444444444,0.07626173175596346
AMD,log_abs_return,1,85.0,target_sector_weighted,same_day_text,shuffled_within_ticker,target_event_keyword,15,173,0.08928571428571429,0.3333333333333333,0.14084507042253522,0.47552742616033755,0.09150107371711595
AMGN,log_abs_return,1,85.0,target_sector_weighted,same_day_text,shuffled_within_ticker,target_event_keyword,16,77,0.14285714285714285,0.125,0.13333333333333333,0.47540983606557374,0.2156802370116979
AXP,log_abs_return,1,85.0,target_sector_weighted,same_day_text,shuffled_within_ticker,target_event_keyword,6,85,0.2222222222222222,0.3333333333333333,0.26666666666666666,0.8333333333333334,0.22979778506094295
BAC,log_abs_return,1,85.0,target_sector_weighted,same_day_text,shuffled_within_ticker,target_event_keyword,12,105,0.2,0.25,0.2222222222222222,0.525089605734767,0.1554600090384498
BX,log_abs_return,1,85.0,target_sector_weighted,same_day_text,shuffled_within_ticker,target_event_keyword,9,86,0.09302325581395349,0.4444444444444444,0.15384615384615385,0.5266955266955267,0.1355768627698452
C,log_abs_return,1,85.0,target_sector_weighted,same_day_text,shuffled_within_ticker,target_event_keyword,7,100,0.375,0.42857142857142855,0.4,0.7357910906298003,0.3564240276569044
ABT,log_abs_return,1,90.0,target_sector_weighted,same_day_text,shuffled_within_ticker,target_event_keyword,6,125,0.047619047619047616,0.16666666666666666,0.07407407407407407,0.37675070028011204,0.05382338489277831
AMD,log_abs_return,1,90.0,target_sector_weighted,same_day_text,shuffled_within_ticker,target_event_keyword,12,173,0.041666666666666664,0.16666666666666666,0.06666666666666667,0.47308488612836436,0.06719157756600548
AMGN,log_abs_return,1,90.0,target_sector_weighted,same_day_text,shuffled_within_ticker,target_event_keyword,9,77,0.14285714285714285,0.2222222222222222,0.17391304347826086,0.4542483660130719,0.12416057273088417
AXP,log_abs_return,1,90.0,target_sector_weighted,same_day_text,shuffled_within_ticker,target_event_keyword,6,85,0.125,0.16666666666666666,0.14285714285714285,0.8312236286919832,0.21240804688947107
BAC,log_abs_return,1,90.0,target_sector_weighted,same_day_text,shuffled_within_ticker,target_event_keyword,7,105,0.1111111111111111,0.14285714285714285,0.125,0.521865889212828,0.09895095995523051
BX,log_abs_return,1,90.0,target_sector_weighted,same_day_text,shuffled_within_ticker,target_event_keyword,5,86,0.05714285714285714,0.4,0.1,0.5703703703703704,0.1668002219755827
C,log_abs_return,1,90.0,target_sector_weighted,same_day_text,shuffled_within_ticker,target_event_keyword,5,100,0.3333333333333333,0.4,0.36363636363636365,0.6989473684210527,0.3331072375899963
ABT,log_abs_return,1,95.0,target_sector_weighted,same_day_text,shuffled_within_ticker,target_event_keyword,3,125,0.15384615384615385,0.6666666666666666,0.25,0.6994535519125683,0.12438672438672438
AMD,log_abs_return,1,95.0,target_sector_weighted,same_day_text,shuffled_within_ticker,target_event_keyword,7,173,0.0,0.0,0.0,0.37607573149741824,0.03452934021048579
AMGN,log_abs_return,1,95.0,target_sector_weighted,same_day_text,shuffled_within_ticker,target_event_keyword,2,77,0.07142857142857142,0.5,0.125,0.5333333333333333,0.07788461538461539
AXP,log_abs_return,1,95.0,target_sector_weighted,same_day_text,shuffled_within_ticker,target_event_keyword,2,85,0.0,0.0,0.0,0.7349397590361446,0.06350806451612903
BAC,log_abs_return,1,95.0,target_sector_weighted,same_day_text,shuffled_within_ticker,target_event_keyword,3,105,0.0,0.0,0.0,0.611111111111111,0.04744216357119583
BX,log_abs_return,1,95.0,target_sector_weighted,same_day_text,shuffled_within_ticker,target_event_keyword,2,86,0.0,0.0,0.0,0.35714285714285715,0.02667534157449577
C,log_abs_return,1,95.0,target_sector_weighted,same_day_text,shuffled_within_ticker,target_event_keyword,1,100,0.3333333333333333,1.0,0.5,0.98989898989899,0.5
ABT,log_abs_return,3,80.0,target_sector_weighted,same_day_text,shuffled_within_ticker,target_event_keyword,24,125,0.1935483870967742,0.25,0.21818181818181817,0.5255775577557755,0.20527006765368289
AMD,log_abs_return,3,80.0,target_sector_weighted,same_day_text,shuffled_within_ticker,target_event_keyword,27,173,0.2,0.48148148148148145,0.2826086956521739,0.5672247590055809,0.24396186683584764
AMGN,log_abs_return,3,80.0,target_sector_weighted,same_day_text,shuffled_within_ticker,target_event_keyword,16,77,0.23076923076923078,0.1875,0.20689655172413793,0.5450819672131147,0.2391074708235183
AXP,log_abs_return,3,80.0,target_sector_weighted,same_day_text,shuffled_within_ticker,target_event_keyword,13,85,0.3,0.23076923076923078,0.2608695652173913,0.6271367521367521,0.22990891161173704
BAC,log_abs_return,3,80.0,target_sector_weighted,same_day_text,shuffled_within_ticker,target_event_keyword,17,105,0.17647058823529413,0.17647058823529413,0.17647058823529413,0.5835561497326203,0.22181317380468266
BX,log_abs_return,3,80.0,target_sector_weighted,same_day_text,shuffled_within_ticker,target_event_keyword,15,86,0.25,0.9333333333333333,0.39436619718309857,0.6347417840375587,0.24705833280593711
C,log_abs_return,3,80.0,target_sector_weighted,same_day_text,shuffled_within_ticker,target_event_keyword,10,100,0.0,0.0,0.0,0.4511111111111111,0.0968222067740469
ABT,log_abs_return,3,85.0,target_sector_weighted,same_day_text,shuffled_within_ticker,target_event_keyword,18,125,0.0625,0.1111111111111111,0.08,0.3951194184839045,0.12020749363922509
AMD,log_abs_return,3,85.0,target_sector_weighted,same_day_text,shuffled_within_ticker,target_event_keyword,19,173,0.14285714285714285,0.5263157894736842,0.2247191011235955,0.5847573479152426,0.21537813449726748
AMGN,log_abs_return,3,85.0,target_sector_weighted,same_day_text,shuffled_within_ticker,target_event_keyword,10,77,0.09090909090909091,0.1,0.09523809523809523,0.5731343283582089,0.17708026659636786
AXP,log_abs_return,3,85.0,target_sector_weighted,same_day_text,shuffled_within_ticker,target_event_keyword,10,85,0.0,0.0,0.0,0.6173333333333333,0.16102726798501446
BAC,log_abs_return,3,85.0,target_sector_weighted,same_day_text,shuffled_within_ticker,target_event_keyword,15,105,0.14285714285714285,0.13333333333333333,0.13793103448275862,0.4681481481481481,0.1512389837847048
BX,log_abs_return,3,85.0,target_sector_weighted,same_day_text,shuffled_within_ticker,target_event_keyword,7,86,0.10416666666666667,0.7142857142857143,0.18181818181818182,0.566003616636528,0.09843485537954655
C,log_abs_return,3,85.0,target_sector_weighted,same_day_text,shuffled_within_ticker,target_event_keyword,6,100,0.0,0.0,0.0,0.5070921985815603,0.0682164164620305
ABT,log_abs_return,3,90.0,target_sector_weighted,same_day_text,shuffled_within_ticker,target_event_keyword,10,125,0.08,0.2,0.11428571428571428,0.3904347826086957,0.0774343395251069
AMD,log_abs_return,3,90.0,target_sector_weighted,same_day_text,shuffled_within_ticker,target_event_keyword,12,173,0.0967741935483871,0.5,0.16216216216216217,0.6278467908902692,0.10472418626023554
AMGN,log_abs_return,3,90.0,target_sector_weighted,same_day_text,shuffled_within_ticker,target_event_keyword,8,77,0.07692307692307693,0.125,0.09523809523809523,0.572463768115942,0.2343425655286269
AXP,log_abs_return,3,90.0,target_sector_weighted,same_day_text,shuffled_within_ticker,target_event_keyword,3,85,0.0,0.0,0.0,0.6422764227642277,0.061274509803921566
BAC,log_abs_return,3,90.0,target_sector_weighted,same_day_text,shuffled_within_ticker,target_event_keyword,8,105,0.0,0.0,0.0,0.5012886597938144,0.07908436640958727
BX,log_abs_return,3,90.0,target_sector_weighted,same_day_text,shuffled_within_ticker,target_event_keyword,5,86,0.07692307692307693,0.8,0.14035087719298245,0.5728395061728395,0.07981684981684982
C,log_abs_return,3,90.0,target_sector_weighted,same_day_text,shuffled_within_ticker,target_event_keyword,3,100,0.0,0.0,0.0,0.25773195876288657,0.02625463601073357
ABT,log_abs_return,3,95.0,target_sector_weighted,same_day_text,shuffled_within_ticker,target_event_keyword,4,125,0.0,0.0,0.0,0.2975206611570248,0.02713209247731036
AMD,log_abs_return,3,95.0,target_sector_weighted,same_day_text,shuffled_within_ticker,target_event_keyword,8,173,0.075,0.375,0.125,0.6128787878787879,0.0704576279417381
AMGN,log_abs_return,3,95.0,target_sector_weighted,same_day_text,shuffled_within_ticker,target_event_keyword,2,77,0.06666666666666667,0.5,0.11764705882352941,0.4666666666666667,0.05575117370892019
AXP,log_abs_return,3,95.0,target_sector_weighted,same_day_text,shuffled_within_ticker,target_event_keyword,2,85,0.0,0.0,0.0,0.7590361445783133,0.07392473118279569
BAC,log_abs_return,3,95.0,target_sector_weighted,same_day_text,shuffled_within_ticker,target_event_keyword,3,105,0.0,0.0,0.0,0.33333333333333326,0.028636069812540403
BX,log_abs_return,3,95.0,target_sector_weighted,same_day_text,shuffled_within_ticker,target_event_keyword,2,86,0.0,0.0,0.0,0.5,0.034355179704016914
C,log_abs_return,3,95.0,target_sector_weighted,same_day_text,shuffled_within_ticker,target_event_keyword,1,100,0.0,0.0,0.0,0.31313131313131315,0.014492753623188406
ABT,log_gk,1,80.0,target_sector_weighted,same_day_text,cross_ticker_same_day,target_event_keyword,14,125,1.0,0.2857142857142857,0.4444444444444444,0.7104247104247104,0.4506682861166884
AMD,log_gk,1,80.0,target_sector_weighted,same_day_text,cross_ticker_same_day,target_event_keyword,17,173,0.10416666666666667,0.8823529411764706,0.18633540372670807,0.5482654600301659,0.13159562723711504
AMGN,log_gk,1,80.0,target_sector_weighted,same_day_text,cross_ticker_same_day,target_event_keyword,13,77,0.3333333333333333,0.15384615384615385,0.21052631578947367,0.5913461538461539,0.28448806812772937
AXP,log_gk,1,80.0,target_sector_weighted,same_day_text,cross_ticker_same_day,target_event_keyword,10,85,0.25,0.4,0.3076923076923077,0.66,0.29641115395283113
BAC,log_gk,1,80.0,target_sector_weighted,same_day_text,cross_ticker_same_day,target_event_keyword,9,105,0.13333333333333333,0.2222222222222222,0.16666666666666666,0.5833333333333334,0.13939426735799523
BX,log_gk,1,80.0,target_sector_weighted,same_day_text,cross_ticker_same_day,target_event_keyword,10,86,0.11538461538461539,0.6,0.1935483870967742,0.6776315789473685,0.3665950022313944
C,log_gk,1,80.0,target_sector_weighted,same_day_text,cross_ticker_same_day,target_event_keyword,9,100,0.15384615384615385,0.2222222222222222,0.18181818181818182,0.7289377289377289,0.23756934170949306
ABT,log_gk,1,85.0,target_sector_weighted,same_day_text,cross_ticker_same_day,target_event_keyword,10,125,0.6,0.3,0.4,0.6860869565217391,0.4136323067143749
AMD,log_gk,1,85.0,target_sector_weighted,same_day_text,cross_ticker_same_day,target_event_keyword,13,173,0.09090909090909091,0.9230769230769231,0.16551724137931034,0.6283653846153847,0.1292716539435375
AMGN,log_gk,1,85.0,target_sector_weighted,same_day_text,cross_ticker_same_day,target_event_keyword,11,77,0.4,0.18181818181818182,0.25,0.7079889807162535,0.40545736635962204
AXP,log_gk,1,85.0,target_sector_weighted,same_day_text,cross_ticker_same_day,target_event_keyword,7,85,0.07692307692307693,0.14285714285714285,0.1,0.6556776556776557,0.12565735786949805
BAC,log_gk,1,85.0,target_sector_weighted,same_day_text,cross_ticker_same_day,target_event_keyword,6,105,0.07692307692307693,0.16666666666666666,0.10526315789473684,0.5454545454545454,0.14945635835416576
BX,log_gk,1,85.0,target_sector_weighted,same_day_text,cross_ticker_same_day,target_event_keyword,6,86,0.06666666666666667,0.5,0.11764705882352941,0.6479166666666667,0.30729710902124696
C,log_gk,1,85.0,target_sector_weighted,same_day_text,cross_ticker_same_day,target_event_keyword,4,100,0.0,0.0,0.0,0.4739583333333333,0.04512017638770409
ABT,log_gk,1,90.0,target_sector_weighted,same_day_text,cross_ticker_same_day,target_event_keyword,6,125,0.25,0.16666666666666666,0.2,0.6008403361344538,0.2287680437192411
AMD,log_gk,1,90.0,target_sector_weighted,same_day_text,cross_ticker_same_day,target_event_keyword,6,173,0.05405405405405406,1.0,0.10256410256410256,0.7415169660678642,0.11923964205317111
AMGN,log_gk,1,90.0,target_sector_weighted,same_day_text,cross_ticker_same_day,target_event_keyword,5,77,0.0,0.0,0.0,0.5916666666666667,0.09899854540626414
AXP,log_gk,1,90.0,target_sector_weighted,same_day_text,cross_ticker_same_day,target_event_keyword,4,85,0.08333333333333333,0.25,0.125,0.7037037037037037,0.10844155844155845
BAC,log_gk,1,90.0,target_sector_weighted,same_day_text,cross_ticker_same_day,target_event_keyword,5,105,0.09090909090909091,0.2,0.125,0.61,0.16190747709735054
BX,log_gk,1,90.0,target_sector_weighted,same_day_text,cross_ticker_same_day,target_event_keyword,3,86,0.03333333333333333,0.3333333333333333,0.06060606060606061,0.5381526104417671,0.0630718954248366
C,log_gk,1,90.0,target_sector_weighted,same_day_text,cross_ticker_same_day,target_event_keyword,1,100,0.0,0.0,0.0,0.31313131313131315,0.014492753623188406
ABT,log_gk,1,95.0,target_sector_weighted,same_day_text,cross_ticker_same_day,target_event_keyword,1,125,0.0,0.0,0.0,0.9435483870967742,0.125
AMD,log_gk,1,95.0,target_sector_weighted,same_day_text,cross_ticker_same_day,target_event_keyword,5,173,0.043010752688172046,0.8,0.08163265306122448,0.6785714285714286,0.08249488140604266
AMGN,log_gk,1,95.0,target_sector_weighted,same_day_text,cross_ticker_same_day,target_event_keyword,2,77,0.0,0.0,0.0,0.7866666666666666,0.08333333333333333
AXP,log_gk,1,95.0,target_sector_weighted,same_day_text,cross_ticker_same_day,target_event_keyword,2,85,0.0,0.0,0.0,0.5843373493975904,0.05295566502463054
BAC,log_gk,1,95.0,target_sector_weighted,same_day_text,cross_ticker_same_day,target_event_keyword,2,105,0.14285714285714285,0.5,0.2222222222222222,0.6844660194174758,0.11587301587301588
BX,log_gk,1,95.0,target_sector_weighted,same_day_text,cross_ticker_same_day,target_event_keyword,0,86,,,,,
C,log_gk,1,95.0,target_sector_weighted,same_day_text,cross_ticker_same_day,target_event_keyword,0,100,,,,,
ABT,log_gk,3,80.0,target_sector_weighted,same_day_text,cross_ticker_same_day,target_event_keyword,15,125,0.5,0.2,0.2857142857142857,0.5242424242424242,0.27697416719646234
AMD,log_gk,3,80.0,target_sector_weighted,same_day_text,cross_ticker_same_day,target_event_keyword,20,173,0.1165644171779141,0.95,0.20765027322404372,0.4349673202614379,0.10658937859180218
AMGN,log_gk,3,80.0,target_sector_weighted,same_day_text,cross_ticker_same_day,target_event_keyword,9,77,0.0,0.0,0.0,0.26143790849673204,0.08399530104952328
AXP,log_gk,3,80.0,target_sector_weighted,same_day_text,cross_ticker_same_day,target_event_keyword,8,85,0.0,0.0,0.0,0.5714285714285714,0.11473284734701145
BAC,log_gk,3,80.0,target_sector_weighted,same_day_text,cross_ticker_same_day,target_event_keyword,7,105,0.13333333333333333,0.2857142857142857,0.18181818181818182,0.7040816326530612,0.14948320922207042
BX,log_gk,3,80.0,target_sector_weighted,same_day_text,cross_ticker_same_day,target_event_keyword,12,86,0.2,0.8333333333333334,0.3225806451612903,0.7499999999999999,0.5192758931889366
C,log_gk,3,80.0,target_sector_weighted,same_day_text,cross_ticker_same_day,target_event_keyword,8,100,0.07142857142857142,0.125,0.09090909090909091,0.5801630434782609,0.21774234219796346
ABT,log_gk,3,85.0,target_sector_weighted,same_day_text,cross_ticker_same_day,target_event_keyword,9,125,0.2,0.1111111111111111,0.14285714285714285,0.5632183908045977,0.21147508914840038
AMD,log_gk,3,85.0,target_sector_weighted,same_day_text,cross_ticker_same_day,target_event_keyword,14,173,0.08666666666666667,0.9285714285714286,0.15853658536585366,0.5170709793351302,0.1124028089605386
AMGN,log_gk,3,85.0,target_sector_weighted,same_day_text,cross_ticker_same_day,target_event_keyword,8,77,0.0,0.0,0.0,0.28804347826086957,0.07914271719383001
AXP,log_gk,3,85.0,target_sector_weighted,same_day_text,cross_ticker_same_day,target_event_keyword,6,85,0.0,0.0,0.0,0.5654008438818565,0.09548214579636417
BAC,log_gk,3,85.0,target_sector_weighted,same_day_text,cross_ticker_same_day,target_event_keyword,5,105,0.07692307692307693,0.2,0.1111111111111111,0.732,0.11101219928842393
BX,log_gk,3,85.0,target_sector_weighted,same_day_text,cross_ticker_same_day,target_event_keyword,9,86,0.17073170731707318,0.7777777777777778,0.28,0.7272727272727272,0.3185453783572063
C,log_gk,3,85.0,target_sector_weighted,same_day_text,cross_ticker_same_day,target_event_keyword,4,100,0.09090909090909091,0.25,0.13333333333333333,0.6588541666666667,0.11310331825037707
ABT,log_gk,3,90.0,target_sector_weighted,same_day_text,cross_ticker_same_day,target_event_keyword,4,125,0.0,0.0,0.0,0.5082644628099173,0.06343984962406016
AMD,log_gk,3,90.0,target_sector_weighted,same_day_text,cross_ticker_same_day,target_event_keyword,6,173,0.022727272727272728,0.5,0.043478260869565216,0.4041916167664671,0.032827742402314466
AMGN,log_gk,3,90.0,target_sector_weighted,same_day_text,cross_ticker_same_day,target_event_keyword,1,77,0.0,0.0,0.0,0.35526315789473684,0.02
AXP,log_gk,3,90.0,target_sector_weighted,same_day_text,cross_ticker_same_day,target_event_keyword,4,85,0.125,0.25,0.16666666666666666,0.5709876543209876,0.08635617886887892
BAC,log_gk,3,90.0,target_sector_weighted,same_day_text,cross_ticker_same_day,target_event_keyword,3,105,0.0,0.0,0.0,0.6830065359477124,0.05705983620423719
BX,log_gk,3,90.0,target_sector_weighted,same_day_text,cross_ticker_same_day,target_event_keyword,6,86,0.07692307692307693,0.5,0.13333333333333333,0.6604166666666667,0.20596316425120773
C,log_gk,3,90.0,target_sector_weighted,same_day_text,cross_ticker_same_day,target_event_keyword,3,100,0.1111111111111111,0.3333333333333333,0.16666666666666666,0.5498281786941581,0.19128787878787878
ABT,log_gk,3,95.0,target_sector_weighted,same_day_text,cross_ticker_same_day,target_event_keyword,1,125,0.0,0.0,0.0,0.9758064516129032,0.25
AMD,log_gk,3,95.0,target_sector_weighted,same_day_text,cross_ticker_same_day,target_event_keyword,5,173,0.022222222222222223,0.4,0.042105263157894736,0.33690476190476193,0.0255707505243447
AMGN,log_gk,3,95.0,target_sector_weighted,same_day_text,cross_ticker_same_day,target_event_keyword,0,77,,,,,
AXP,log_gk,3,95.0,target_sector_weighted,same_day_text,cross_ticker_same_day,target_event_keyword,3,85,0.0,0.0,0.0,0.7235772357723577,0.07816358024691358
BAC,log_gk,3,95.0,target_sector_weighted,same_day_text,cross_ticker_same_day,target_event_keyword,2,105,0.0,0.0,0.0,0.5728155339805825,0.03306010928961749
BX,log_gk,3,95.0,target_sector_weighted,same_day_text,cross_ticker_same_day,target_event_keyword,2,86,0.05263157894736842,0.5,0.09523809523809523,0.7976190476190477,0.1553030303030303
C,log_gk,3,95.0,target_sector_weighted,same_day_text,cross_ticker_same_day,target_event_keyword,1,100,0.0,0.0,0.0,0.9494949494949495,0.16666666666666666
ABT,log_abs_return,1,80.0,target_sector_weighted,same_day_text,cross_ticker_same_day,target_event_keyword,15,125,0.4,0.13333333333333333,0.2,0.526060606060606,0.2569648035475489
AMD,log_abs_return,1,80.0,target_sector_weighted,same_day_text,cross_ticker_same_day,target_event_keyword,23,173,0.14383561643835616,0.9130434782608695,0.2485207100591716,0.5304347826086956,0.176670893034374
AMGN,log_abs_return,1,80.0,target_sector_weighted,same_day_text,cross_ticker_same_day,target_event_keyword,19,77,0.4,0.10526315789473684,0.16666666666666666,0.44464609800362975,0.3029432220981157
AXP,log_abs_return,1,80.0,target_sector_weighted,same_day_text,cross_ticker_same_day,target_event_keyword,10,85,0.2,0.4,0.26666666666666666,0.7426666666666666,0.23147631994736018
BAC,log_abs_return,1,80.0,target_sector_weighted,same_day_text,cross_ticker_same_day,target_event_keyword,20,105,0.20833333333333334,0.25,0.22727272727272727,0.47705882352941176,0.2389954754282293
BX,log_abs_return,1,80.0,target_sector_weighted,same_day_text,cross_ticker_same_day,target_event_keyword,15,86,0.2,0.6666666666666666,0.3076923076923077,0.6,0.34864602456333266
C,log_abs_return,1,80.0,target_sector_weighted,same_day_text,cross_ticker_same_day,target_event_keyword,10,100,0.1875,0.3,0.23076923076923078,0.5511111111111111,0.3052326019391237
ABT,log_abs_return,1,85.0,target_sector_weighted,same_day_text,cross_ticker_same_day,target_event_keyword,9,125,0.16666666666666666,0.1111111111111111,0.13333333333333333,0.4961685823754789,0.12251296004379376
AMD,log_abs_return,1,85.0,target_sector_weighted,same_day_text,cross_ticker_same_day,target_event_keyword,15,173,0.08759124087591241,0.8,0.15789473684210525,0.5261603375527425,0.1622896462702178
AMGN,log_abs_return,1,85.0,target_sector_weighted,same_day_text,cross_ticker_same_day,target_event_keyword,16,77,0.2,0.0625,0.09523809523809523,0.3831967213114754,0.18581700642343918
AXP,log_abs_return,1,85.0,target_sector_weighted,same_day_text,cross_ticker_same_day,target_event_keyword,6,85,0.06666666666666667,0.16666666666666666,0.09523809523809523,0.7531645569620253,0.1566629524934815
BAC,log_abs_return,1,85.0,target_sector_weighted,same_day_text,cross_ticker_same_day,target_event_keyword,12,105,0.15384615384615385,0.16666666666666666,0.16,0.4560931899641577,0.14387696254956317
BX,log_abs_return,1,85.0,target_sector_weighted,same_day_text,cross_ticker_same_day,target_event_keyword,9,86,0.11627906976744186,0.5555555555555556,0.19230769230769232,0.5339105339105339,0.13704176431935883
C,log_abs_return,1,85.0,target_sector_weighted,same_day_text,cross_ticker_same_day,target_event_keyword,7,100,0.1875,0.42857142857142855,0.2608695652173913,0.6436251920122888,0.32278711070536353
ABT,log_abs_return,1,90.0,target_sector_weighted,same_day_text,cross_ticker_same_day,target_event_keyword,6,125,0.0,0.0,0.0,0.4103641456582633,0.08247293507194497
AMD,log_abs_return,1,90.0,target_sector_weighted,same_day_text,cross_ticker_same_day,target_event_keyword,12,173,0.0873015873015873,0.9166666666666666,0.15942028985507245,0.56055900621118,0.17269283383402406
AMGN,log_abs_return,1,90.0,target_sector_weighted,same_day_text,cross_ticker_same_day,target_event_keyword,9,77,0.0,0.0,0.0,0.3104575163398693,0.09281700142821424
AXP,log_abs_return,1,90.0,target_sector_weighted,same_day_text,cross_ticker_same_day,target_event_keyword,6,85,0.07692307692307693,0.16666666666666666,0.10526315789473684,0.7447257383966245,0.14731469510881273
BAC,log_abs_return,1,90.0,target_sector_weighted,same_day_text,cross_ticker_same_day,target_event_keyword,7,105,0.07692307692307693,0.14285714285714285,0.1,0.4387755102040816,0.12652260303559193
BX,log_abs_return,1,90.0,target_sector_weighted,same_day_text,cross_ticker_same_day,target_event_keyword,5,86,0.058823529411764705,0.4,0.10256410256410256,0.6074074074074074,0.16586580086580088
C,log_abs_return,1,90.0,target_sector_weighted,same_day_text,cross_ticker_same_day,target_event_keyword,5,100,0.07692307692307693,0.2,0.1111111111111111,0.6357894736842105,0.0889563492063492
ABT,log_abs_return,1,95.0,target_sector_weighted,same_day_text,cross_ticker_same_day,target_event_keyword,3,125,0.0,0.0,0.0,0.7021857923497268,0.10607235142118862
AMD,log_abs_return,1,95.0,target_sector_weighted,same_day_text,cross_ticker_same_day,target_event_keyword,7,173,0.04819277108433735,0.5714285714285714,0.08888888888888889,0.5748709122203098,0.05252617331028049
AMGN,log_abs_return,1,95.0,target_sector_weighted,same_day_text,cross_ticker_same_day,target_event_keyword,2,77,0.0,0.0,0.0,0.5666666666666667,0.049019607843137254
AXP,log_abs_return,1,95.0,target_sector_weighted,same_day_text,cross_ticker_same_day,target_event_keyword,2,85,0.0,0.0,0.0,0.7771084337349398,0.07393483709273183
BAC,log_abs_return,1,95.0,target_sector_weighted,same_day_text,cross_ticker_same_day,target_event_keyword,3,105,0.0,0.0,0.0,0.6143790849673202,0.051634768740031894
BX,log_abs_return,1,95.0,target_sector_weighted,same_day_text,cross_ticker_same_day,target_event_keyword,2,86,0.0,0.0,0.0,0.4107142857142857,0.028820116054158608
C,log_abs_return,1,95.0,target_sector_weighted,same_day_text,cross_ticker_same_day,target_event_keyword,1,100,0.0,0.0,0.0,0.8282828282828283,0.05555555555555555
ABT,log_abs_return,3,80.0,target_sector_weighted,same_day_text,cross_ticker_same_day,target_event_keyword,24,125,0.0,0.0,0.0,0.4174917491749175,0.17030017702880634
AMD,log_abs_return,3,80.0,target_sector_weighted,same_day_text,cross_ticker_same_day,target_event_keyword,27,173,0.16233766233766234,0.9259259259259259,0.27624309392265195,0.5575849822425165,0.18692886268088998
AMGN,log_abs_return,3,80.0,target_sector_weighted,same_day_text,cross_ticker_same_day,target_event_keyword,16,77,0.3333333333333333,0.125,0.18181818181818182,0.5686475409836066,0.30343404952647446
AXP,log_abs_return,3,80.0,target_sector_weighted,same_day_text,cross_ticker_same_day,target_event_keyword,13,85,0.26666666666666666,0.3076923076923077,0.2857142857142857,0.6378205128205128,0.22516256912729818
BAC,log_abs_return,3,80.0,target_sector_weighted,same_day_text,cross_ticker_same_day,target_event_keyword,17,105,0.2631578947368421,0.29411764705882354,0.2777777777777778,0.5788770053475936,0.2650215703646256
BX,log_abs_return,3,80.0,target_sector_weighted,same_day_text,cross_ticker_same_day,target_event_keyword,15,86,0.23636363636363636,0.8666666666666667,0.37142857142857144,0.7061032863849765,0.29628721127117363
C,log_abs_return,3,80.0,target_sector_weighted,same_day_text,cross_ticker_same_day,target_event_keyword,10,100,0.10526315789473684,0.2,0.13793103448275862,0.5011111111111111,0.12962347275811545
ABT,log_abs_return,3,85.0,target_sector_weighted,same_day_text,cross_ticker_same_day,target_event_keyword,18,125,0.25,0.05555555555555555,0.09090909090909091,0.3691588785046729,0.14219665887098804
AMD,log_abs_return,3,85.0,target_sector_weighted,same_day_text,cross_ticker_same_day,target_event_keyword,19,173,0.1103448275862069,0.8421052631578947,0.1951219512195122,0.5850991114149009,0.186297214134292
AMGN,log_abs_return,3,85.0,target_sector_weighted,same_day_text,cross_ticker_same_day,target_event_keyword,10,77,0.0,0.0,0.0,0.5716417910447761,0.16859981695230025
AXP,log_abs_return,3,85.0,target_sector_weighted,same_day_text,cross_ticker_same_day,target_event_keyword,10,85,0.14285714285714285,0.2,0.16666666666666666,0.616,0.17703956978796254
BAC,log_abs_return,3,85.0,target_sector_weighted,same_day_text,cross_ticker_same_day,target_event_keyword,15,105,0.15789473684210525,0.2,0.17647058823529413,0.5044444444444445,0.18742334040022737
BX,log_abs_return,3,85.0,target_sector_weighted,same_day_text,cross_ticker_same_day,target_event_keyword,7,86,0.12244897959183673,0.8571428571428571,0.21428571428571427,0.6853526220614828,0.13681630931515382
C,log_abs_return,3,85.0,target_sector_weighted,same_day_text,cross_ticker_same_day,target_event_keyword,6,100,0.06666666666666667,0.16666666666666666,0.09523809523809523,0.5390070921985816,0.08110153735153736
ABT,log_abs_return,3,90.0,target_sector_weighted,same_day_text,cross_ticker_same_day,target_event_keyword,10,125,0.5,0.2,0.2857142857142857,0.5026086956521738,0.24201084838273898
AMD,log_abs_return,3,90.0,target_sector_weighted,same_day_text,cross_ticker_same_day,target_event_keyword,12,173,0.08450704225352113,1.0,0.15584415584415584,0.6433747412008282,0.19578048992969121
AMGN,log_abs_return,3,90.0,target_sector_weighted,same_day_text,cross_ticker_same_day,target_event_keyword,8,77,0.16666666666666666,0.125,0.14285714285714285,0.42934782608695654,0.12612610091058366
AXP,log_abs_return,3,90.0,target_sector_weighted,same_day_text,cross_ticker_same_day,target_event_keyword,3,85,0.0,0.0,0.0,0.5609756097560975,0.05035727116681968
BAC,log_abs_return,3,90.0,target_sector_weighted,same_day_text,cross_ticker_same_day,target_event_keyword,8,105,0.0,0.0,0.0,0.3427835051546392,0.06181854349759543
BX,log_abs_return,3,90.0,target_sector_weighted,same_day_text,cross_ticker_same_day,target_event_keyword,5,86,0.0851063829787234,0.8,0.15384615384615385,0.6765432098765432,0.10184831515866
C,log_abs_return,3,90.0,target_sector_weighted,same_day_text,cross_ticker_same_day,target_event_keyword,3,100,0.0,0.0,0.0,0.41237113402061853,0.03325039032006245
ABT,log_abs_return,3,95.0,target_sector_weighted,same_day_text,cross_ticker_same_day,target_event_keyword,4,125,0.0,0.0,0.0,0.6280991735537189,0.0636620286348054
AMD,log_abs_return,3,95.0,target_sector_weighted,same_day_text,cross_ticker_same_day,target_event_keyword,8,173,0.06862745098039216,0.875,0.12727272727272726,0.7219696969696969,0.173276557700702
AMGN,log_abs_return,3,95.0,target_sector_weighted,same_day_text,cross_ticker_same_day,target_event_keyword,2,77,0.0,0.0,0.0,0.26666666666666666,0.02620841180163214
AXP,log_abs_return,3,95.0,target_sector_weighted,same_day_text,cross_ticker_same_day,target_event_keyword,2,85,0.0,0.0,0.0,0.5240963855421688,0.0367003367003367
BAC,log_abs_return,3,95.0,target_sector_weighted,same_day_text,cross_ticker_same_day,target_event_keyword,3,105,0.0,0.0,0.0,0.33660130718954245,0.03414341434143414
BX,log_abs_return,3,95.0,target_sector_weighted,same_day_text,cross_ticker_same_day,target_event_keyword,2,86,0.07407407407407407,1.0,0.13793103448275862,0.7678571428571429,0.06979405034324943
C,log_abs_return,3,95.0,target_sector_weighted,same_day_text,cross_ticker_same_day,target_event_keyword,1,100,0.0,0.0,0.0,0.3737373737373737,0.015873015873015872
ABT,log_gk,1,80.0,target_sector_weighted,same_day_text,stale_20d,target_event_keyword,14,125,0.25,0.2857142857142857,0.26666666666666666,0.7149292149292149,0.4025527902337319
AMD,log_gk,1,80.0,target_sector_weighted,same_day_text,stale_20d,target_event_keyword,17,173,0.09615384615384616,0.29411764705882354,0.14492753623188406,0.5316742081447964,0.12064559939761721
AMGN,log_gk,1,80.0,target_sector_weighted,same_day_text,stale_20d,target_event_keyword,13,77,0.21428571428571427,0.23076923076923078,0.2222222222222222,0.6201923076923077,0.3309362132991633
AXP,log_gk,1,80.0,target_sector_weighted,same_day_text,stale_20d,target_event_keyword,10,85,0.3333333333333333,0.3,0.3157894736842105,0.6973333333333332,0.3478349552434918
BAC,log_gk,1,80.0,target_sector_weighted,same_day_text,stale_20d,target_event_keyword,9,105,0.16666666666666666,0.2222222222222222,0.19047619047619047,0.5486111111111112,0.13939167904321403
BX,log_gk,1,80.0,target_sector_weighted,same_day_text,stale_20d,target_event_keyword,10,86,0.13043478260869565,0.6,0.21428571428571427,0.7052631578947368,0.391822786074299
C,log_gk,1,80.0,target_sector_weighted,same_day_text,stale_20d,target_event_keyword,9,100,0.29411764705882354,0.5555555555555556,0.38461538461538464,0.6959706959706959,0.23405860660762617
ABT,log_gk,1,85.0,target_sector_weighted,same_day_text,stale_20d,target_event_keyword,10,125,0.2857142857142857,0.4,0.3333333333333333,0.7486956521739131,0.4006535160920667
AMD,log_gk,1,85.0,target_sector_weighted,same_day_text,stale_20d,target_event_keyword,13,173,0.1,0.38461538461538464,0.15873015873015872,0.5524038461538462,0.09964578313944239
AMGN,log_gk,1,85.0,target_sector_weighted,same_day_text,stale_20d,target_event_keyword,11,77,0.26666666666666666,0.36363636363636365,0.3076923076923077,0.6790633608815426,0.38513900402198276
AXP,log_gk,1,85.0,target_sector_weighted,same_day_text,stale_20d,target_event_keyword,7,85,0.2,0.14285714285714285,0.16666666666666666,0.6776556776556777,0.17608563086968404
BAC,log_gk,1,85.0,target_sector_weighted,same_day_text,stale_20d,target_event_keyword,6,105,0.125,0.16666666666666666,0.14285714285714285,0.537037037037037,0.12574764580361594
BX,log_gk,1,85.0,target_sector_weighted,same_day_text,stale_20d,target_event_keyword,6,86,0.10810810810810811,0.6666666666666666,0.18604651162790697,0.7,0.3124070317782285
C,log_gk,1,85.0,target_sector_weighted,same_day_text,stale_20d,target_event_keyword,4,100,0.1111111111111111,0.25,0.15384615384615385,0.4166666666666667,0.06060606060606061
ABT,log_gk,1,90.0,target_sector_weighted,same_day_text,stale_20d,target_event_keyword,6,125,0.07692307692307693,0.16666666666666666,0.10526315789473684,0.6470588235294117,0.13118570219252357
AMD,log_gk,1,90.0,target_sector_weighted,same_day_text,stale_20d,target_event_keyword,6,173,0.08333333333333333,0.5,0.14285714285714285,0.720558882235529,0.11299327496510594
AMGN,log_gk,1,90.0,target_sector_weighted,same_day_text,stale_20d,target_event_keyword,5,77,0.09090909090909091,0.2,0.125,0.6444444444444444,0.2778608716837955
AXP,log_gk,1,90.0,target_sector_weighted,same_day_text,stale_20d,target_event_keyword,4,85,0.2,0.25,0.2222222222222222,0.6697530864197532,0.1137576499388005
BAC,log_gk,1,90.0,target_sector_weighted,same_day_text,stale_20d,target_event_keyword,5,105,0.125,0.2,0.15384615384615385,0.5940000000000001,0.1285687660031448
BX,log_gk,1,90.0,target_sector_weighted,same_day_text,stale_20d,target_event_keyword,3,86,0.06451612903225806,0.6666666666666666,0.11764705882352941,0.5903614457831325,0.06218264494126563
C,log_gk,1,90.0,target_sector_weighted,same_day_text,stale_20d,target_event_keyword,1,100,0.0,0.0,0.0,0.7373737373737373,0.037037037037037035
ABT,log_gk,1,95.0,target_sector_weighted,same_day_text,stale_20d,target_event_keyword,1,125,0.0,0.0,0.0,0.5887096774193548,0.019230769230769232
AMD,log_gk,1,95.0,target_sector_weighted,same_day_text,stale_20d,target_event_keyword,5,173,0.041666666666666664,0.2,0.06896551724137931,0.55,0.09815474492926464
AMGN,log_gk,1,95.0,target_sector_weighted,same_day_text,stale_20d,target_event_keyword,2,77,0.1,0.5,0.16666666666666666,0.8200000000000001,0.2857142857142857
AXP,log_gk,1,95.0,target_sector_weighted,same_day_text,stale_20d,target_event_keyword,2,85,0.0,0.0,0.0,0.5662650602409638,0.0390961262553802
BAC,log_gk,1,95.0,target_sector_weighted,same_day_text,stale_20d,target_event_keyword,2,105,0.16666666666666666,0.5,0.25,0.7087378640776699,0.18333333333333332
BX,log_gk,1,95.0,target_sector_weighted,same_day_text,stale_20d,target_event_keyword,0,86,,,,,
C,log_gk,1,95.0,target_sector_weighted,same_day_text,stale_20d,target_event_keyword,0,100,,,,,
ABT,log_gk,3,80.0,target_sector_weighted,same_day_text,stale_20d,target_event_keyword,15,125,0.23076923076923078,0.2,0.21428571428571427,0.5624242424242424,0.20468144999367227
AMD,log_gk,3,80.0,target_sector_weighted,same_day_text,stale_20d,target_event_keyword,20,173,0.10204081632653061,0.25,0.14492753623188406,0.4718954248366013,0.10991879362605722
AMGN,log_gk,3,80.0,target_sector_weighted,same_day_text,stale_20d,target_event_keyword,9,77,0.0,0.0,0.0,0.34477124183006536,0.09362592034499508
AXP,log_gk,3,80.0,target_sector_weighted,same_day_text,stale_20d,target_event_keyword,8,85,0.0,0.0,0.0,0.5422077922077922,0.10711016510423671
BAC,log_gk,3,80.0,target_sector_weighted,same_day_text,stale_20d,target_event_keyword,7,105,0.06666666666666667,0.14285714285714285,0.09090909090909091,0.6938775510204082,0.13440302621906394
BX,log_gk,3,80.0,target_sector_weighted,same_day_text,stale_20d,target_event_keyword,12,86,0.1836734693877551,0.75,0.29508196721311475,0.7083333333333334,0.4506666325512798
C,log_gk,3,80.0,target_sector_weighted,same_day_text,stale_20d,target_event_keyword,8,100,0.05263157894736842,0.125,0.07407407407407407,0.4497282608695652,0.08935367873253725
ABT,log_gk,3,85.0,target_sector_weighted,same_day_text,stale_20d,target_event_keyword,9,125,0.13333333333333333,0.2222222222222222,0.16666666666666666,0.5268199233716475,0.11875538151309846
AMD,log_gk,3,85.0,target_sector_weighted,same_day_text,stale_20d,target_event_keyword,14,173,0.08888888888888889,0.2857142857142857,0.13559322033898305,0.5332434860736748,0.100007489876792
AMGN,log_gk,3,85.0,target_sector_weighted,same_day_text,stale_20d,target_event_keyword,8,77,0.0,0.0,0.0,0.3804347826086957,0.08842275913256295
AXP,log_gk,3,85.0,target_sector_weighted,same_day_text,stale_20d,target_event_keyword,6,85,0.0,0.0,0.0,0.5717299578059072,0.08884559173699143
BAC,log_gk,3,85.0,target_sector_weighted,same_day_text,stale_20d,target_event_keyword,5,105,0.07692307692307693,0.2,0.1111111111111111,0.71,0.12836734113093715
BX,log_gk,3,85.0,target_sector_weighted,same_day_text,stale_20d,target_event_keyword,9,86,0.16666666666666666,0.7777777777777778,0.27450980392156865,0.7215007215007215,0.34931456658627524
C,log_gk,3,85.0,target_sector_weighted,same_day_text,stale_20d,target_event_keyword,4,100,0.0625,0.25,0.1,0.5703125,0.07663689845240619
ABT,log_gk,3,90.0,target_sector_weighted,same_day_text,stale_20d,target_event_keyword,4,125,0.07692307692307693,0.25,0.11764705882352941,0.5991735537190083,0.05947687115346437
AMD,log_gk,3,90.0,target_sector_weighted,same_day_text,stale_20d,target_event_keyword,6,173,0.027777777777777776,0.16666666666666666,0.047619047619047616,0.4820359281437126,0.039274770253031124
AMGN,log_gk,3,90.0,target_sector_weighted,same_day_text,stale_20d,target_event_keyword,1,77,0.0,0.0,0.0,0.5394736842105263,0.027777777777777776
AXP,log_gk,3,90.0,target_sector_weighted,same_day_text,stale_20d,target_event_keyword,4,85,0.0,0.0,0.0,0.46296296296296297,0.05181743619433589
BAC,log_gk,3,90.0,target_sector_weighted,same_day_text,stale_20d,target_event_keyword,3,105,0.0,0.0,0.0,0.6372549019607844,0.057774204115667534
BX,log_gk,3,90.0,target_sector_weighted,same_day_text,stale_20d,target_event_keyword,6,86,0.11764705882352941,0.6666666666666666,0.2,0.7291666666666667,0.30582458295763293
C,log_gk,3,90.0,target_sector_weighted,same_day_text,stale_20d,target_event_keyword,3,100,0.07142857142857142,0.3333333333333333,0.11764705882352941,0.5601374570446735,0.19451337193272678
ABT,log_gk,3,95.0,target_sector_weighted,same_day_text,stale_20d,target_event_keyword,1,125,0.06666666666666667,1.0,0.125,0.8870967741935484,0.06666666666666667
AMD,log_gk,3,95.0,target_sector_weighted,same_day_text,stale_20d,target_event_keyword,5,173,0.0,0.0,0.0,0.4238095238095238,0.028758971698598215
AMGN,log_gk,3,95.0,target_sector_weighted,same_day_text,stale_20d,target_event_keyword,0,77,,,,,
AXP,log_gk,3,95.0,target_sector_weighted,same_day_text,stale_20d,target_event_keyword,3,85,0.0,0.0,0.0,0.4105691056910569,0.03804713804713805
BAC,log_gk,3,95.0,target_sector_weighted,same_day_text,stale_20d,target_event_keyword,2,105,0.0,0.0,0.0,0.6067961165048543,0.03542319749216301
BX,log_gk,3,95.0,target_sector_weighted,same_day_text,stale_20d,target_event_keyword,2,86,0.09090909090909091,1.0,0.16666666666666666,0.863095238095238,0.17045454545454547
C,log_gk,3,95.0,target_sector_weighted,same_day_text,stale_20d,target_event_keyword,1,100,0.25,1.0,0.4,0.98989898989899,0.5
ABT,log_abs_return,1,80.0,target_sector_weighted,same_day_text,stale_20d,target_event_keyword,15,125,0.16666666666666666,0.2,0.18181818181818182,0.5599999999999999,0.1654702230549786
AMD,log_abs_return,1,80.0,target_sector_weighted,same_day_text,stale_20d,target_event_keyword,23,173,0.13559322033898305,0.34782608695652173,0.1951219512195122,0.5214492753623188,0.14760740130668842
AMGN,log_abs_return,1,80.0,target_sector_weighted,same_day_text,stale_20d,target_event_keyword,19,77,0.3,0.3157894736842105,0.3076923076923077,0.5480943738656987,0.3256878749770045
AXP,log_abs_return,1,80.0,target_sector_weighted,same_day_text,stale_20d,target_event_keyword,10,85,0.25,0.2,0.2222222222222222,0.7266666666666666,0.21144945697577278
BAC,log_abs_return,1,80.0,target_sector_weighted,same_day_text,stale_20d,target_event_keyword,20,105,0.25925925925925924,0.35,0.2978723404255319,0.5764705882352941,0.2638163782832639
BX,log_abs_return,1,80.0,target_sector_weighted,same_day_text,stale_20d,target_event_keyword,15,86,0.22916666666666666,0.7333333333333333,0.3492063492063492,0.6948356807511737,0.44674433364757926
C,log_abs_return,1,80.0,target_sector_weighted,same_day_text,stale_20d,target_event_keyword,10,100,0.18518518518518517,0.5,0.2702702702702703,0.5766666666666667,0.26415360666247556
ABT,log_abs_return,1,85.0,target_sector_weighted,same_day_text,stale_20d,target_event_keyword,9,125,0.08695652173913043,0.2222222222222222,0.125,0.5239463601532567,0.0889857793372727
AMD,log_abs_return,1,85.0,target_sector_weighted,same_day_text,stale_20d,target_event_keyword,15,173,0.08620689655172414,0.3333333333333333,0.136986301369863,0.47890295358649787,0.11089342283636663
AMGN,log_abs_return,1,85.0,target_sector_weighted,same_day_text,stale_20d,target_event_keyword,16,77,0.2631578947368421,0.3125,0.2857142857142857,0.5051229508196722,0.27116209562577726
AXP,log_abs_return,1,85.0,target_sector_weighted,same_day_text,stale_20d,target_event_keyword,6,85,0.14285714285714285,0.16666666666666666,0.15384615384615385,0.7953586497890295,0.20684329287270464
BAC,log_abs_return,1,85.0,target_sector_weighted,same_day_text,stale_20d,target_event_keyword,12,105,0.21739130434782608,0.4166666666666667,0.2857142857142857,0.5707885304659499,0.1945047315252218
BX,log_abs_return,1,85.0,target_sector_weighted,same_day_text,stale_20d,target_event_keyword,9,86,0.11363636363636363,0.5555555555555556,0.18867924528301888,0.5930735930735931,0.21717796903747874
C,log_abs_return,1,85.0,target_sector_weighted,same_day_text,stale_20d,target_event_keyword,7,100,0.2,0.7142857142857143,0.3125,0.7511520737327189,0.2681959345002823
ABT,log_abs_return,1,90.0,target_sector_weighted,same_day_text,stale_20d,target_event_keyword,6,125,0.058823529411764705,0.16666666666666666,0.08695652173913043,0.5056022408963586,0.06151292791999045
AMD,log_abs_return,1,90.0,target_sector_weighted,same_day_text,stale_20d,target_event_keyword,12,173,0.08333333333333333,0.4166666666666667,0.1388888888888889,0.5175983436853002,0.09631235311144809
AMGN,log_abs_return,1,90.0,target_sector_weighted,same_day_text,stale_20d,target_event_keyword,9,77,0.11764705882352941,0.2222222222222222,0.15384615384615385,0.4820261437908496,0.1555477782819994
AXP,log_abs_return,1,90.0,target_sector_weighted,same_day_text,stale_20d,target_event_keyword,6,85,0.0,0.0,0.0,0.7911392405063291,0.1808982683982684
BAC,log_abs_return,1,90.0,target_sector_weighted,same_day_text,stale_20d,target_event_keyword,7,105,0.07692307692307693,0.14285714285714285,0.1,0.5116618075801749,0.13934492979763718
BX,log_abs_return,1,90.0,target_sector_weighted,same_day_text,stale_20d,target_event_keyword,5,86,0.0967741935483871,0.6,0.16666666666666666,0.6913580246913581,0.14361645299145298
C,log_abs_return,1,90.0,target_sector_weighted,same_day_text,stale_20d,target_event_keyword,5,100,0.10526315789473684,0.4,0.16666666666666666,0.6547368421052632,0.21210012210012208
ABT,log_abs_return,1,95.0,target_sector_weighted,same_day_text,stale_20d,target_event_keyword,3,125,0.07692307692307693,0.3333333333333333,0.125,0.6366120218579234,0.058633002453227175
AMD,log_abs_return,1,95.0,target_sector_weighted,same_day_text,stale_20d,target_event_keyword,7,173,0.023809523809523808,0.14285714285714285,0.04081632653061224,0.3993115318416523,0.03707143760444179
AMGN,log_abs_return,1,95.0,target_sector_weighted,same_day_text,stale_20d,target_event_keyword,2,77,0.06666666666666667,0.5,0.11764705882352941,0.6399999999999999,0.08290816326530612
AXP,log_abs_return,1,95.0,target_sector_weighted,same_day_text,stale_20d,target_event_keyword,2,85,0.0,0.0,0.0,0.6445783132530121,0.04726890756302521
BAC,log_abs_return,1,95.0,target_sector_weighted,same_day_text,stale_20d,target_event_keyword,3,105,0.0,0.0,0.0,0.6503267973856208,0.051964426432511535
BX,log_abs_return,1,95.0,target_sector_weighted,same_day_text,stale_20d,target_event_keyword,2,86,0.0,0.0,0.0,0.5595238095238095,0.038513513513513516
C,log_abs_return,1,95.0,target_sector_weighted,same_day_text,stale_20d,target_event_keyword,1,100,0.1,1.0,0.18181818181818182,0.9494949494949495,0.16666666666666666
ABT,log_abs_return,3,80.0,target_sector_weighted,same_day_text,stale_20d,target_event_keyword,24,125,0.25,0.20833333333333334,0.22727272727272727,0.5276402640264026,0.21440516273965243
AMD,log_abs_return,3,80.0,target_sector_weighted,same_day_text,stale_20d,target_event_keyword,27,173,0.23214285714285715,0.48148148148148145,0.3132530120481928,0.6273465246067985,0.28880093575682275
AMGN,log_abs_return,3,80.0,target_sector_weighted,same_day_text,stale_20d,target_event_keyword,16,77,0.23529411764705882,0.25,0.24242424242424243,0.5327868852459017,0.33177194151512024
AXP,log_abs_return,3,80.0,target_sector_weighted,same_day_text,stale_20d,target_event_keyword,13,85,0.0,0.0,0.0,0.5566239316239316,0.1859092870712683
BAC,log_abs_return,3,80.0,target_sector_weighted,same_day_text,stale_20d,target_event_keyword,17,105,0.21428571428571427,0.17647058823529413,0.1935483870967742,0.5601604278074866,0.2463320189645785
BX,log_abs_return,3,80.0,target_sector_weighted,same_day_text,stale_20d,target_event_keyword,15,86,0.2608695652173913,0.8,0.39344262295081966,0.6638497652582159,0.2687711211571956
C,log_abs_return,3,80.0,target_sector_weighted,same_day_text,stale_20d,target_event_keyword,10,100,0.09523809523809523,0.2,0.12903225806451613,0.4477777777777777,0.11173154321881859
ABT,log_abs_return,3,85.0,target_sector_weighted,same_day_text,stale_20d,target_event_keyword,18,125,0.09090909090909091,0.1111111111111111,0.1,0.39771547248182765,0.12175727693034583
AMD,log_abs_return,3,85.0,target_sector_weighted,same_day_text,stale_20d,target_event_keyword,19,173,0.1774193548387097,0.5789473684210527,0.2716049382716049,0.6736158578263841,0.32580632570366064
AMGN,log_abs_return,3,85.0,target_sector_weighted,same_day_text,stale_20d,target_event_keyword,10,77,0.23529411764705882,0.4,0.2962962962962963,0.5880597014925373,0.2103687161852484
AXP,log_abs_return,3,85.0,target_sector_weighted,same_day_text,stale_20d,target_event_keyword,10,85,0.0,0.0,0.0,0.5653333333333334,0.14904714089962423
BAC,log_abs_return,3,85.0,target_sector_weighted,same_day_text,stale_20d,target_event_keyword,15,105,0.16666666666666666,0.13333333333333333,0.14814814814814814,0.482962962962963,0.18732179500987006
BX,log_abs_return,3,85.0,target_sector_weighted,same_day_text,stale_20d,target_event_keyword,7,86,0.11904761904761904,0.7142857142857143,0.20408163265306123,0.6419529837251355,0.13825975780383076
C,log_abs_return,3,85.0,target_sector_weighted,same_day_text,stale_20d,target_event_keyword,6,100,0.0625,0.16666666666666666,0.09090909090909091,0.5638297872340425,0.10651109068347817
ABT,log_abs_return,3,90.0,target_sector_weighted,same_day_text,stale_20d,target_event_keyword,10,125,0.058823529411764705,0.1,0.07407407407407407,0.48782608695652174,0.09238654960345996
AMD,log_abs_return,3,90.0,target_sector_weighted,same_day_text,stale_20d,target_event_keyword,12,173,0.11864406779661017,0.5833333333333334,0.19718309859154928,0.7008281573498965,0.19642498687454346
AMGN,log_abs_return,3,90.0,target_sector_weighted,same_day_text,stale_20d,target_event_keyword,8,77,0.11764705882352941,0.25,0.16,0.5869565217391304,0.15191130387025908
AXP,log_abs_return,3,90.0,target_sector_weighted,same_day_text,stale_20d,target_event_keyword,3,85,0.0,0.0,0.0,0.5487804878048781,0.04912011402883614
BAC,log_abs_return,3,90.0,target_sector_weighted,same_day_text,stale_20d,target_event_keyword,8,105,0.0,0.0,0.0,0.39432989690721654,0.06640769419219933
BX,log_abs_return,3,90.0,target_sector_weighted,same_day_text,stale_20d,target_event_keyword,5,86,0.05555555555555555,0.4,0.0975609756097561,0.4839506172839506,0.06284584327987039
C,log_abs_return,3,90.0,target_sector_weighted,same_day_text,stale_20d,target_event_keyword,3,100,0.0,0.0,0.0,0.15463917525773196,0.023545987147519716
ABT,log_abs_return,3,95.0,target_sector_weighted,same_day_text,stale_20d,target_event_keyword,4,125,0.0,0.0,0.0,0.2975206611570248,0.027461563627928908
AMD,log_abs_return,3,95.0,target_sector_weighted,same_day_text,stale_20d,target_event_keyword,8,173,0.09302325581395349,0.5,0.1568627450980392,0.7053030303030303,0.2258364294695444
AMGN,log_abs_return,3,95.0,target_sector_weighted,same_day_text,stale_20d,target_event_keyword,2,77,0.0,0.0,0.0,0.52,0.03888081395348837
AXP,log_abs_return,3,95.0,target_sector_weighted,same_day_text,stale_20d,target_event_keyword,2,85,0.0,0.0,0.0,0.536144578313253,0.036616161616161616
BAC,log_abs_return,3,95.0,target_sector_weighted,same_day_text,stale_20d,target_event_keyword,3,105,0.0,0.0,0.0,0.16339869281045752,0.02221404025527737
BX,log_abs_return,3,95.0,target_sector_weighted,same_day_text,stale_20d,target_event_keyword,2,86,0.037037037037037035,0.5,0.06896551724137931,0.7380952380952381,0.06226053639846743
C,log_abs_return,3,95.0,target_sector_weighted,same_day_text,stale_20d,target_event_keyword,1,100,0.0,0.0,0.0,0.5454545454545454,0.021739130434782608
ABT,log_gk,1,80.0,target_sector_event_weighted,shifted_1_day_text,correct_text,target_event_keyword,14,125,0.2777777777777778,0.35714285714285715,0.3125,0.6724581724581725,0.42965436917688293
AMD,log_gk,1,80.0,target_sector_event_weighted,shifted_1_day_text,correct_text,target_event_keyword,17,173,0.13725490196078433,0.4117647058823529,0.20588235294117646,0.5407239819004525,0.12222286577456591
AMGN,log_gk,1,80.0,target_sector_event_weighted,shifted_1_day_text,correct_text,target_event_keyword,13,77,0.18181818181818182,0.3076923076923077,0.22857142857142856,0.5625,0.3236133531974429
AXP,log_gk,1,80.0,target_sector_event_weighted,shifted_1_day_text,correct_text,target_event_keyword,10,85,0.26666666666666666,0.4,0.32,0.7053333333333334,0.3556833566760037
BAC,log_gk,1,80.0,target_sector_event_weighted,shifted_1_day_text,correct_text,target_event_keyword,9,105,0.14285714285714285,0.2222222222222222,0.17391304347826086,0.599537037037037,0.15493408001639328
BX,log_gk,1,80.0,target_sector_event_weighted,shifted_1_day_text,correct_text,target_event_keyword,10,86,0.11764705882352941,0.6,0.19672131147540983,0.6605263157894736,0.40043975578515056
C,log_gk,1,80.0,target_sector_event_weighted,shifted_1_day_text,correct_text,target_event_keyword,9,100,0.3,0.3333333333333333,0.3157894736842105,0.6800976800976801,0.22225979715860536
ABT,log_gk,1,85.0,target_sector_event_weighted,shifted_1_day_text,correct_text,target_event_keyword,10,125,0.25,0.3,0.2727272727272727,0.691304347826087,0.39948046529442705
AMD,log_gk,1,85.0,target_sector_event_weighted,shifted_1_day_text,correct_text,target_event_keyword,13,173,0.1111111111111111,0.46153846153846156,0.1791044776119403,0.5625000000000001,0.1059275673850598
AMGN,log_gk,1,85.0,target_sector_event_weighted,shifted_1_day_text,correct_text,target_event_keyword,11,77,0.25,0.45454545454545453,0.3225806451612903,0.6446280991735537,0.40636888364161095
AXP,log_gk,1,85.0,target_sector_event_weighted,shifted_1_day_text,correct_text,target_event_keyword,7,85,0.15384615384615385,0.2857142857142857,0.2,0.6593406593406593,0.13661095710097526
BAC,log_gk,1,85.0,target_sector_event_weighted,shifted_1_day_text,correct_text,target_event_keyword,6,105,0.2,0.3333333333333333,0.25,0.6026936026936027,0.1517774470899471
BX,log_gk,1,85.0,target_sector_event_weighted,shifted_1_day_text,correct_text,target_event_keyword,6,86,0.08888888888888889,0.6666666666666666,0.1568627450980392,0.6979166666666666,0.41395308123249297
C,log_gk,1,85.0,target_sector_event_weighted,shifted_1_day_text,correct_text,target_event_keyword,4,100,0.0,0.0,0.0,0.4583333333333333,0.04445352635970006
ABT,log_gk,1,90.0,target_sector_event_weighted,shifted_1_day_text,correct_text,target_event_keyword,6,125,0.08333333333333333,0.16666666666666666,0.1111111111111111,0.5518207282913166,0.11381539678690691
AMD,log_gk,1,90.0,target_sector_event_weighted,shifted_1_day_text,correct_text,target_event_keyword,6,173,0.07317073170731707,0.5,0.1276595744680851,0.6377245508982035,0.07548441446123753
AMGN,log_gk,1,90.0,target_sector_event_weighted,shifted_1_day_text,correct_text,target_event_keyword,5,77,0.13333333333333333,0.4,0.2,0.6777777777777778,0.30080931646969383
AXP,log_gk,1,90.0,target_sector_event_weighted,shifted_1_day_text,correct_text,target_event_keyword,4,85,0.0,0.0,0.0,0.6203703703703703,0.07985963105048782
BAC,log_gk,1,90.0,target_sector_event_weighted,shifted_1_day_text,correct_text,target_event_keyword,5,105,0.25,0.4,0.3076923076923077,0.672,0.16224751816952104
BX,log_gk,1,90.0,target_sector_event_weighted,shifted_1_day_text,correct_text,target_event_keyword,3,86,0.03125,0.3333333333333333,0.05714285714285714,0.6144578313253012,0.2010989010989011
C,log_gk,1,90.0,target_sector_event_weighted,shifted_1_day_text,correct_text,target_event_keyword,1,100,0.0,0.0,0.0,0.6868686868686869,0.03125
ABT,log_gk,1,95.0,target_sector_event_weighted,shifted_1_day_text,correct_text,target_event_keyword,1,125,0.0,0.0,0.0,0.717741935483871,0.027777777777777776
AMD,log_gk,1,95.0,target_sector_event_weighted,shifted_1_day_text,correct_text,target_event_keyword,5,173,0.05555555555555555,0.4,0.0975609756097561,0.6000000000000001,0.05697167325428195
AMGN,log_gk,1,95.0,target_sector_event_weighted,shifted_1_day_text,correct_text,target_event_keyword,2,77,0.1111111111111111,0.5,0.18181818181818182,0.8533333333333333,0.5416666666666666
AXP,log_gk,1,95.0,target_sector_event_weighted,shifted_1_day_text,correct_text,target_event_keyword,2,85,0.0,0.0,0.0,0.5542168674698795,0.04946236559139785
BAC,log_gk,1,95.0,target_sector_event_weighted,shifted_1_day_text,correct_text,target_event_keyword,2,105,0.25,0.5,0.3333333333333333,0.6990291262135923,0.1827956989247312
BX,log_gk,1,95.0,target_sector_event_weighted,shifted_1_day_text,correct_text,target_event_keyword,0,86,,,,,
C,log_gk,1,95.0,target_sector_event_weighted,shifted_1_day_text,correct_text,target_event_keyword,0,100,,,,,
ABT,log_gk,3,80.0,target_sector_event_weighted,shifted_1_day_text,correct_text,target_event_keyword,15,125,0.3333333333333333,0.26666666666666666,0.2962962962962963,0.5709090909090909,0.26284991308909744
AMD,log_gk,3,80.0,target_sector_event_weighted,shifted_1_day_text,correct_text,target_event_keyword,20,173,0.08333333333333333,0.25,0.125,0.4813725490196078,0.12827508017914052
AMGN,log_gk,3,80.0,target_sector_event_weighted,shifted_1_day_text,correct_text,target_event_keyword,9,77,0.0,0.0,0.0,0.3627450980392157,0.09619610594397368
AXP,log_gk,3,80.0,target_sector_event_weighted,shifted_1_day_text,correct_text,target_event_keyword,8,85,0.0,0.0,0.0,0.5681818181818181,0.11689699684982705
BAC,log_gk,3,80.0,target_sector_event_weighted,shifted_1_day_text,correct_text,target_event_keyword,7,105,0.16666666666666666,0.42857142857142855,0.24,0.6370262390670554,0.14874407927813502
BX,log_gk,3,80.0,target_sector_event_weighted,shifted_1_day_text,correct_text,target_event_keyword,12,86,0.2,0.8333333333333334,0.3225806451612903,0.7162162162162162,0.48893156537977506
C,log_gk,3,80.0,target_sector_event_weighted,shifted_1_day_text,correct_text,target_event_keyword,8,100,0.1111111111111111,0.125,0.11764705882352941,0.5095108695652174,0.1441720491136174
ABT,log_gk,3,85.0,target_sector_event_weighted,shifted_1_day_text,correct_text,target_event_keyword,9,125,0.18181818181818182,0.2222222222222222,0.2,0.5603448275862069,0.24372785341973235
AMD,log_gk,3,85.0,target_sector_event_weighted,shifted_1_day_text,correct_text,target_event_keyword,14,173,0.0625,0.21428571428571427,0.0967741935483871,0.5143755615453729,0.10944486912043648
AMGN,log_gk,3,85.0,target_sector_event_weighted,shifted_1_day_text,correct_text,target_event_keyword,8,77,0.0,0.0,0.0,0.3876811594202898,0.08925335665626054
AXP,log_gk,3,85.0,target_sector_event_weighted,shifted_1_day_text,correct_text,target_event_keyword,6,85,0.0,0.0,0.0,0.6054852320675106,0.10647194397194398
BAC,log_gk,3,85.0,target_sector_event_weighted,shifted_1_day_text,correct_text,target_event_keyword,5,105,0.16666666666666666,0.4,0.23529411764705882,0.702,0.17155067155067155
BX,log_gk,3,85.0,target_sector_event_weighted,shifted_1_day_text,correct_text,target_event_keyword,9,86,0.15217391304347827,0.7777777777777778,0.2545454545454545,0.7056277056277056,0.3362951869284775
C,log_gk,3,85.0,target_sector_event_weighted,shifted_1_day_text,correct_text,target_event_keyword,4,100,0.14285714285714285,0.25,0.18181818181818182,0.47395833333333337,0.1565909090909091
ABT,log_gk,3,90.0,target_sector_event_weighted,shifted_1_day_text,correct_text,target_event_keyword,4,125,0.0,0.0,0.0,0.42355371900826444,0.037753155215735405
AMD,log_gk,3,90.0,target_sector_event_weighted,shifted_1_day_text,correct_text,target_event_keyword,6,173,0.023255813953488372,0.16666666666666666,0.04081632653061224,0.3972055888223553,0.03324517709331268
AMGN,log_gk,3,90.0,target_sector_event_weighted,shifted_1_day_text,correct_text,target_event_keyword,1,77,0.0,0.0,0.0,0.1578947368421053,0.015384615384615385
AXP,log_gk,3,90.0,target_sector_event_weighted,shifted_1_day_text,correct_text,target_event_keyword,4,85,0.0,0.0,0.0,0.6080246913580247,0.07617405239687848
BAC,log_gk,3,90.0,target_sector_event_weighted,shifted_1_day_text,correct_text,target_event_keyword,3,105,0.07142857142857142,0.3333333333333333,0.11764705882352941,0.6241830065359477,0.05468671679197995
BX,log_gk,3,90.0,target_sector_event_weighted,shifted_1_day_text,correct_text,target_event_keyword,6,86,0.11428571428571428,0.6666666666666666,0.1951219512195122,0.6854166666666667,0.2270122948337472
C,log_gk,3,90.0,target_sector_event_weighted,shifted_1_day_text,correct_text,target_event_keyword,3,100,0.14285714285714285,0.3333333333333333,0.2,0.5292096219931272,0.19016122364613475
ABT,log_gk,3,95.0,target_sector_event_weighted,shifted_1_day_text,correct_text,target_event_keyword,1,125,0.14285714285714285,1.0,0.25,0.9516129032258065,0.14285714285714285
AMD,log_gk,3,95.0,target_sector_event_weighted,shifted_1_day_text,correct_text,target_event_keyword,5,173,0.023255813953488372,0.2,0.041666666666666664,0.48214285714285715,0.0403996275968043
AMGN,log_gk,3,95.0,target_sector_event_weighted,shifted_1_day_text,correct_text,target_event_keyword,0,77,,,,,
AXP,log_gk,3,95.0,target_sector_event_weighted,shifted_1_day_text,correct_text,target_event_keyword,3,85,0.0,0.0,0.0,0.6991869918699187,0.07198879551820728
BAC,log_gk,3,95.0,target_sector_event_weighted,shifted_1_day_text,correct_text,target_event_keyword,2,105,0.14285714285714285,0.5,0.2222222222222222,0.7330097087378641,0.10256410256410256
BX,log_gk,3,95.0,target_sector_event_weighted,shifted_1_day_text,correct_text,target_event_keyword,2,86,0.10526315789473684,1.0,0.19047619047619047,0.9285714285714286,0.25
C,log_gk,3,95.0,target_sector_event_weighted,shifted_1_day_text,correct_text,target_event_keyword,1,100,0.3333333333333333,1.0,0.5,0.98989898989899,0.5
ABT,log_abs_return,1,80.0,target_sector_event_weighted,shifted_1_day_text,correct_text,target_event_keyword,15,125,0.09090909090909091,0.13333333333333333,0.10810810810810811,0.5018181818181817,0.12593813919806887
AMD,log_abs_return,1,80.0,target_sector_event_weighted,shifted_1_day_text,correct_text,target_event_keyword,23,173,0.08064516129032258,0.21739130434782608,0.11764705882352941,0.45710144927536234,0.16118714897055086
AMGN,log_abs_return,1,80.0,target_sector_event_weighted,shifted_1_day_text,correct_text,target_event_keyword,19,77,0.2727272727272727,0.3157894736842105,0.2926829268292683,0.4954627949183303,0.27981889431347645
AXP,log_abs_return,1,80.0,target_sector_event_weighted,shifted_1_day_text,correct_text,target_event_keyword,10,85,0.15384615384615385,0.2,0.17391304347826086,0.7453333333333333,0.310010582010582
BAC,log_abs_return,1,80.0,target_sector_event_weighted,shifted_1_day_text,correct_text,target_event_keyword,20,105,0.23529411764705882,0.2,0.21621621621621623,0.5105882352941177,0.24166769939035637
BX,log_abs_return,1,80.0,target_sector_event_weighted,shifted_1_day_text,correct_text,target_event_keyword,15,86,0.1836734693877551,0.6,0.28125,0.603755868544601,0.30634123863805335
C,log_abs_return,1,80.0,target_sector_event_weighted,shifted_1_day_text,correct_text,target_event_keyword,10,100,0.3333333333333333,0.3,0.3157894736842105,0.5666666666666667,0.3402121490287016
ABT,log_abs_return,1,85.0,target_sector_event_weighted,shifted_1_day_text,correct_text,target_event_keyword,9,125,0.08333333333333333,0.2222222222222222,0.12121212121212122,0.5421455938697317,0.09947614604362603
AMD,log_abs_return,1,85.0,target_sector_event_weighted,shifted_1_day_text,correct_text,target_event_keyword,15,173,0.07017543859649122,0.26666666666666666,0.1111111111111111,0.47890295358649787,0.1276009995040734
AMGN,log_abs_return,1,85.0,target_sector_event_weighted,shifted_1_day_text,correct_text,target_event_keyword,16,77,0.23809523809523808,0.3125,0.2702702702702703,0.4723360655737705,0.24631958541595242
AXP,log_abs_return,1,85.0,target_sector_event_weighted,shifted_1_day_text,correct_text,target_event_keyword,6,85,0.18181818181818182,0.3333333333333333,0.23529411764705882,0.8037974683544304,0.23767137384268444
BAC,log_abs_return,1,85.0,target_sector_event_weighted,shifted_1_day_text,correct_text,target_event_keyword,12,105,0.16666666666666666,0.16666666666666666,0.16666666666666666,0.5367383512544803,0.20915777593635893
BX,log_abs_return,1,85.0,target_sector_event_weighted,shifted_1_day_text,correct_text,target_event_keyword,9,86,0.10638297872340426,0.5555555555555556,0.17857142857142858,0.5714285714285714,0.142694894798649
C,log_abs_return,1,85.0,target_sector_event_weighted,shifted_1_day_text,correct_text,target_event_keyword,7,100,0.3333333333333333,0.42857142857142855,0.375,0.6497695852534562,0.33210853485733094
ABT,log_abs_return,1,90.0,target_sector_event_weighted,shifted_1_day_text,correct_text,target_event_keyword,6,125,0.05263157894736842,0.16666666666666666,0.08,0.39215686274509803,0.04825840804827943
AMD,log_abs_return,1,90.0,target_sector_event_weighted,shifted_1_day_text,correct_text,target_event_keyword,12,173,0.07547169811320754,0.3333333333333333,0.12307692307692308,0.5150103519668737,0.11959376649123557
AMGN,log_abs_return,1,90.0,target_sector_event_weighted,shifted_1_day_text,correct_text,target_event_keyword,9,77,0.1111111111111111,0.2222222222222222,0.14814814814814814,0.4444444444444444,0.1473336215061975
AXP,log_abs_return,1,90.0,target_sector_event_weighted,shifted_1_day_text,correct_text,target_event_keyword,6,85,0.2222222222222222,0.3333333333333333,0.26666666666666666,0.8206751054852321,0.25029277157087093
BAC,log_abs_return,1,90.0,target_sector_event_weighted,shifted_1_day_text,correct_text,target_event_keyword,7,105,0.16666666666666666,0.14285714285714285,0.15384615384615385,0.5,0.11629270093859295
BX,log_abs_return,1,90.0,target_sector_event_weighted,shifted_1_day_text,correct_text,target_event_keyword,5,86,0.08571428571428572,0.6,0.15,0.5925925925925926,0.15422548466026725
C,log_abs_return,1,90.0,target_sector_event_weighted,shifted_1_day_text,correct_text,target_event_keyword,5,100,0.3333333333333333,0.4,0.36363636363636365,0.5536842105263158,0.29932900432900433
ABT,log_abs_return,1,95.0,target_sector_event_weighted,shifted_1_day_text,correct_text,target_event_keyword,3,125,0.125,0.3333333333333333,0.18181818181818182,0.546448087431694,0.07131964489951528
AMD,log_abs_return,1,95.0,target_sector_event_weighted,shifted_1_day_text,correct_text,target_event_keyword,7,173,0.020833333333333332,0.14285714285714285,0.03636363636363636,0.37607573149741824,0.03461685171935062
AMGN,log_abs_return,1,95.0,target_sector_event_weighted,shifted_1_day_text,correct_text,target_event_keyword,2,77,0.125,0.5,0.2,0.5933333333333334,0.18306010928961747
AXP,log_abs_return,1,95.0,target_sector_event_weighted,shifted_1_day_text,correct_text,target_event_keyword,2,85,0.0,0.0,0.0,0.6807228915662651,0.052258064516129035
BAC,log_abs_return,1,95.0,target_sector_event_weighted,shifted_1_day_text,correct_text,target_event_keyword,3,105,0.0,0.0,0.0,0.6045751633986928,0.0681397455591004
BX,log_abs_return,1,95.0,target_sector_event_weighted,shifted_1_day_text,correct_text,target_event_keyword,2,86,0.03125,0.5,0.058823529411764705,0.4226190476190476,0.030952380952380953
C,log_abs_return,1,95.0,target_sector_event_weighted,shifted_1_day_text,correct_text,target_event_keyword,1,100,0.3333333333333333,1.0,0.5,1.0,1.0
ABT,log_abs_return,3,80.0,target_sector_event_weighted,shifted_1_day_text,correct_text,target_event_keyword,24,125,0.0,0.0,0.0,0.386963696369637,0.1570569823508437
AMD,log_abs_return,3,80.0,target_sector_event_weighted,shifted_1_day_text,correct_text,target_event_keyword,27,173,0.16666666666666666,0.4444444444444444,0.24242424242424243,0.5832064941653984,0.2723088762603479
AMGN,log_abs_return,3,80.0,target_sector_event_weighted,shifted_1_day_text,correct_text,target_event_keyword,16,77,0.16666666666666666,0.1875,0.17647058823529413,0.6024590163934427,0.2812243744260085
AXP,log_abs_return,3,80.0,target_sector_event_weighted,shifted_1_day_text,correct_text,target_event_keyword,13,85,0.3333333333333333,0.23076923076923078,0.2727272727272727,0.6185897435897435,0.32953002387640623
BAC,log_abs_return,3,80.0,target_sector_event_weighted,shifted_1_day_text,correct_text,target_event_keyword,17,105,0.15,0.17647058823529413,0.16216216216216217,0.483288770053476,0.18646788992364027
BX,log_abs_return,3,80.0,target_sector_event_weighted,shifted_1_day_text,correct_text,target_event_keyword,15,86,0.21818181818181817,0.8,0.34285714285714286,0.6676056338028169,0.28333677827990655
C,log_abs_return,3,80.0,target_sector_event_weighted,shifted_1_day_text,correct_text,target_event_keyword,10,100,0.14285714285714285,0.3,0.1935483870967742,0.5088888888888888,0.12317103570225674
ABT,log_abs_return,3,85.0,target_sector_event_weighted,shifted_1_day_text,correct_text,target_event_keyword,18,125,0.0,0.0,0.0,0.3089304257528557,0.1081858804139802
AMD,log_abs_return,3,85.0,target_sector_event_weighted,shifted_1_day_text,correct_text,target_event_keyword,19,173,0.15873015873015872,0.5263157894736842,0.24390243902439024,0.6418318523581681,0.3027936672760276
AMGN,log_abs_return,3,85.0,target_sector_event_weighted,shifted_1_day_text,correct_text,target_event_keyword,10,77,0.18181818181818182,0.4,0.25,0.6432835820895523,0.1989051105216156
AXP,log_abs_return,3,85.0,target_sector_event_weighted,shifted_1_day_text,correct_text,target_event_keyword,10,85,0.14285714285714285,0.1,0.11764705882352941,0.632,0.2001597258219132
BAC,log_abs_return,3,85.0,target_sector_event_weighted,shifted_1_day_text,correct_text,target_event_keyword,15,105,0.15,0.2,0.17142857142857143,0.44666666666666666,0.15072967459022507
BX,log_abs_return,3,85.0,target_sector_event_weighted,shifted_1_day_text,correct_text,target_event_keyword,7,86,0.10344827586206896,0.8571428571428571,0.18461538461538463,0.7269439421338155,0.19083908252090942
C,log_abs_return,3,85.0,target_sector_event_weighted,shifted_1_day_text,correct_text,target_event_keyword,6,100,0.11764705882352941,0.3333333333333333,0.17391304347826086,0.5390070921985816,0.08566338881659824
ABT,log_abs_return,3,90.0,target_sector_event_weighted,shifted_1_day_text,correct_text,target_event_keyword,10,125,0.0,0.0,0.0,0.35391304347826086,0.07121781363851828
AMD,log_abs_return,3,90.0,target_sector_event_weighted,shifted_1_day_text,correct_text,target_event_keyword,12,173,0.10606060606060606,0.5833333333333334,0.1794871794871795,0.675983436853002,0.1506740818411815
AMGN,log_abs_return,3,90.0,target_sector_event_weighted,shifted_1_day_text,correct_text,target_event_keyword,8,77,0.08695652173913043,0.25,0.12903225806451613,0.6213768115942029,0.19017762198923455
AXP,log_abs_return,3,90.0,target_sector_event_weighted,shifted_1_day_text,correct_text,target_event_keyword,3,85,0.0,0.0,0.0,0.7032520325203252,0.07381981523857954
BAC,log_abs_return,3,90.0,target_sector_event_weighted,shifted_1_day_text,correct_text,target_event_keyword,8,105,0.0,0.0,0.0,0.3865979381443299,0.06550554223595492
BX,log_abs_return,3,90.0,target_sector_event_weighted,shifted_1_day_text,correct_text,target_event_keyword,5,86,0.07407407407407407,0.8,0.13559322033898305,0.6518518518518519,0.0949505928853755
C,log_abs_return,3,90.0,target_sector_event_weighted,shifted_1_day_text,correct_text,target_event_keyword,3,100,0.0,0.0,0.0,0.2508591065292096,0.026218197290423653
ABT,log_abs_return,3,95.0,target_sector_event_weighted,shifted_1_day_text,correct_text,target_event_keyword,4,125,0.0,0.0,0.0,0.22314049586776857,0.02488080121400407
AMD,log_abs_return,3,95.0,target_sector_event_weighted,shifted_1_day_text,correct_text,target_event_keyword,8,173,0.12903225806451613,0.5,0.20512820512820512,0.8075757575757576,0.15517905013694427
AMGN,log_abs_return,3,95.0,target_sector_event_weighted,shifted_1_day_text,correct_text,target_event_keyword,2,77,0.047619047619047616,0.5,0.08695652173913043,0.6,0.061274509803921566
AXP,log_abs_return,3,95.0,target_sector_event_weighted,shifted_1_day_text,correct_text,target_event_keyword,2,85,0.0,0.0,0.0,0.7048192771084337,0.05606060606060606
BAC,log_abs_return,3,95.0,target_sector_event_weighted,shifted_1_day_text,correct_text,target_event_keyword,3,105,0.0,0.0,0.0,0.2679738562091503,0.025259592190562338
BX,log_abs_return,3,95.0,target_sector_event_weighted,shifted_1_day_text,correct_text,target_event_keyword,2,86,0.02702702702702703,0.5,0.05128205128205128,0.5833333333333334,0.04386792452830189
C,log_abs_return,3,95.0,target_sector_event_weighted,shifted_1_day_text,correct_text,target_event_keyword,1,100,0.0,0.0,0.0,0.2222222222222222,0.01282051282051282
ABT,log_gk,1,80.0,target_sector_event_weighted,shifted_1_day_text,shuffled_within_ticker,target_event_keyword,14,125,0.35294117647058826,0.42857142857142855,0.3870967741935484,0.6531531531531531,0.44503076208959647
AMD,log_gk,1,80.0,target_sector_event_weighted,shifted_1_day_text,shuffled_within_ticker,target_event_keyword,17,173,0.11764705882352941,0.47058823529411764,0.18823529411764706,0.530920060331825,0.11043048706771152
AMGN,log_gk,1,80.0,target_sector_event_weighted,shifted_1_day_text,shuffled_within_ticker,target_event_keyword,13,77,0.2222222222222222,0.3076923076923077,0.25806451612903225,0.5805288461538461,0.28195205709791676
AXP,log_gk,1,80.0,target_sector_event_weighted,shifted_1_day_text,shuffled_within_ticker,target_event_keyword,10,85,0.3333333333333333,0.3,0.3157894736842105,0.7346666666666667,0.32903821200160965
BAC,log_gk,1,80.0,target_sector_event_weighted,shifted_1_day_text,shuffled_within_ticker,target_event_keyword,9,105,0.14285714285714285,0.2222222222222222,0.17391304347826086,0.5590277777777778,0.13711462461262292
BX,log_gk,1,80.0,target_sector_event_weighted,shifted_1_day_text,shuffled_within_ticker,target_event_keyword,10,86,0.14583333333333334,0.7,0.2413793103448276,0.6907894736842105,0.3168494448395251
C,log_gk,1,80.0,target_sector_event_weighted,shifted_1_day_text,shuffled_within_ticker,target_event_keyword,9,100,0.2222222222222222,0.2222222222222222,0.2222222222222222,0.7753357753357754,0.26987472989104977
ABT,log_gk,1,85.0,target_sector_event_weighted,shifted_1_day_text,shuffled_within_ticker,target_event_keyword,10,125,0.35714285714285715,0.5,0.4166666666666667,0.6773913043478261,0.4062421060049518
AMD,log_gk,1,85.0,target_sector_event_weighted,shifted_1_day_text,shuffled_within_ticker,target_event_keyword,13,173,0.1111111111111111,0.5384615384615384,0.18421052631578946,0.6019230769230769,0.09909234455615297
AMGN,log_gk,1,85.0,target_sector_event_weighted,shifted_1_day_text,shuffled_within_ticker,target_event_keyword,11,77,0.3333333333333333,0.45454545454545453,0.38461538461538464,0.6460055096418733,0.322867914005332
AXP,log_gk,1,85.0,target_sector_event_weighted,shifted_1_day_text,shuffled_within_ticker,target_event_keyword,7,85,0.14285714285714285,0.14285714285714285,0.14285714285714285,0.761904761904762,0.18017024026876244
BAC,log_gk,1,85.0,target_sector_event_weighted,shifted_1_day_text,shuffled_within_ticker,target_event_keyword,6,105,0.2,0.3333333333333333,0.25,0.6127946127946128,0.15079269046544902
BX,log_gk,1,85.0,target_sector_event_weighted,shifted_1_day_text,shuffled_within_ticker,target_event_keyword,6,86,0.11904761904761904,0.8333333333333334,0.20833333333333334,0.7229166666666665,0.28366962385949723
C,log_gk,1,85.0,target_sector_event_weighted,shifted_1_day_text,shuffled_within_ticker,target_event_keyword,4,100,0.14285714285714285,0.25,0.18181818181818182,0.5729166666666666,0.07538349419648412
ABT,log_gk,1,90.0,target_sector_event_weighted,shifted_1_day_text,shuffled_within_ticker,target_event_keyword,6,125,0.16666666666666666,0.3333333333333333,0.2222222222222222,0.5700280112044818,0.14690241427448045
AMD,log_gk,1,90.0,target_sector_event_weighted,shifted_1_day_text,shuffled_within_ticker,target_event_keyword,6,173,0.05357142857142857,0.5,0.0967741935483871,0.6197604790419162,0.07223691476165602
AMGN,log_gk,1,90.0,target_sector_event_weighted,shifted_1_day_text,shuffled_within_ticker,target_event_keyword,5,77,0.15384615384615385,0.4,0.2222222222222222,0.5972222222222223,0.1714833140330561
AXP,log_gk,1,90.0,target_sector_event_weighted,shifted_1_day_text,shuffled_within_ticker,target_event_keyword,4,85,0.0,0.0,0.0,0.7746913580246914,0.13881578947368423
BAC,log_gk,1,90.0,target_sector_event_weighted,shifted_1_day_text,shuffled_within_ticker,target_event_keyword,5,105,0.25,0.4,0.3076923076923077,0.692,0.16269147221638286
BX,log_gk,1,90.0,target_sector_event_weighted,shifted_1_day_text,shuffled_within_ticker,target_event_keyword,3,86,0.027777777777777776,0.3333333333333333,0.05128205128205128,0.5301204819277108,0.09671052631578947
C,log_gk,1,90.0,target_sector_event_weighted,shifted_1_day_text,shuffled_within_ticker,target_event_keyword,1,100,0.0,0.0,0.0,0.7373737373737373,0.037037037037037035
ABT,log_gk,1,95.0,target_sector_event_weighted,shifted_1_day_text,shuffled_within_ticker,target_event_keyword,1,125,0.0,0.0,0.0,0.9193548387096774,0.09090909090909091
AMD,log_gk,1,95.0,target_sector_event_weighted,shifted_1_day_text,shuffled_within_ticker,target_event_keyword,5,173,0.0625,0.6,0.11320754716981132,0.6297619047619047,0.06603155364075368
AMGN,log_gk,1,95.0,target_sector_event_weighted,shifted_1_day_text,shuffled_within_ticker,target_event_keyword,2,77,0.14285714285714285,0.5,0.2222222222222222,0.5533333333333333,0.0873015873015873
AXP,log_gk,1,95.0,target_sector_event_weighted,shifted_1_day_text,shuffled_within_ticker,target_event_keyword,2,85,0.0,0.0,0.0,0.6385542168674698,0.07407407407407407
BAC,log_gk,1,95.0,target_sector_event_weighted,shifted_1_day_text,shuffled_within_ticker,target_event_keyword,2,105,0.0,0.0,0.0,0.587378640776699,0.09552845528455284
BX,log_gk,1,95.0,target_sector_event_weighted,shifted_1_day_text,shuffled_within_ticker,target_event_keyword,0,86,,,,,
C,log_gk,1,95.0,target_sector_event_weighted,shifted_1_day_text,shuffled_within_ticker,target_event_keyword,0,100,,,,,
ABT,log_gk,3,80.0,target_sector_event_weighted,shifted_1_day_text,shuffled_within_ticker,target_event_keyword,15,125,0.2222222222222222,0.26666666666666666,0.24242424242424243,0.5315151515151515,0.1896325628610503
AMD,log_gk,3,80.0,target_sector_event_weighted,shifted_1_day_text,shuffled_within_ticker,target_event_keyword,20,173,0.12857142857142856,0.45,0.2,0.5169934640522875,0.12772261717856223
AMGN,log_gk,3,80.0,target_sector_event_weighted,shifted_1_day_text,shuffled_within_ticker,target_event_keyword,9,77,0.0,0.0,0.0,0.28431372549019607,0.08631046695101227
AXP,log_gk,3,80.0,target_sector_event_weighted,shifted_1_day_text,shuffled_within_ticker,target_event_keyword,8,85,0.0,0.0,0.0,0.5795454545454546,0.12022966934633222
BAC,log_gk,3,80.0,target_sector_event_weighted,shifted_1_day_text,shuffled_within_ticker,target_event_keyword,7,105,0.07692307692307693,0.14285714285714285,0.1,0.6107871720116619,0.09594881942145811
BX,log_gk,3,80.0,target_sector_event_weighted,shifted_1_day_text,shuffled_within_ticker,target_event_keyword,12,86,0.21739130434782608,0.8333333333333334,0.3448275862068966,0.7432432432432432,0.449634738205174
C,log_gk,3,80.0,target_sector_event_weighted,shifted_1_day_text,shuffled_within_ticker,target_event_keyword,8,100,0.1111111111111111,0.125,0.11764705882352941,0.5801630434782609,0.1511189929723809
ABT,log_gk,3,85.0,target_sector_event_weighted,shifted_1_day_text,shuffled_within_ticker,target_event_keyword,9,125,0.15384615384615385,0.2222222222222222,0.18181818181818182,0.5210727969348659,0.09984800146670633
AMD,log_gk,3,85.0,target_sector_event_weighted,shifted_1_day_text,shuffled_within_ticker,target_event_keyword,14,173,0.07692307692307693,0.35714285714285715,0.12658227848101267,0.5700808625336926,0.10607783851481659
AMGN,log_gk,3,85.0,target_sector_event_weighted,shifted_1_day_text,shuffled_within_ticker,target_event_keyword,8,77,0.0,0.0,0.0,0.3115942028985507,0.08092765422817294
AXP,log_gk,3,85.0,target_sector_event_weighted,shifted_1_day_text,shuffled_within_ticker,target_event_keyword,6,85,0.0,0.0,0.0,0.5864978902953587,0.1056796104181763
BAC,log_gk,3,85.0,target_sector_event_weighted,shifted_1_day_text,shuffled_within_ticker,target_event_keyword,5,105,0.0,0.0,0.0,0.6699999999999999,0.08330139030328784
BX,log_gk,3,85.0,target_sector_event_weighted,shifted_1_day_text,shuffled_within_ticker,target_event_keyword,9,86,0.16279069767441862,0.7777777777777778,0.2692307692307692,0.7445887445887447,0.395805664923312
C,log_gk,3,85.0,target_sector_event_weighted,shifted_1_day_text,shuffled_within_ticker,target_event_keyword,4,100,0.16666666666666666,0.25,0.2,0.6302083333333334,0.1919191919191919
ABT,log_gk,3,90.0,target_sector_event_weighted,shifted_1_day_text,shuffled_within_ticker,target_event_keyword,4,125,0.0,0.0,0.0,0.49380165289256195,0.04662216438532228
AMD,log_gk,3,90.0,target_sector_event_weighted,shifted_1_day_text,shuffled_within_ticker,target_event_keyword,6,173,0.06060606060606061,0.6666666666666666,0.1111111111111111,0.5958083832335329,0.05879611901781237
AMGN,log_gk,3,90.0,target_sector_event_weighted,shifted_1_day_text,shuffled_within_ticker,target_event_keyword,1,77,0.0,0.0,0.0,0.3421052631578947,0.0196078431372549
AXP,log_gk,3,90.0,target_sector_event_weighted,shifted_1_day_text,shuffled_within_ticker,target_event_keyword,4,85,0.0,0.0,0.0,0.4876543209876543,0.062223800505050504
BAC,log_gk,3,90.0,target_sector_event_weighted,shifted_1_day_text,shuffled_within_ticker,target_event_keyword,3,105,0.0,0.0,0.0,0.6601307189542484,0.05871794871794872
BX,log_gk,3,90.0,target_sector_event_weighted,shifted_1_day_text,shuffled_within_ticker,target_event_keyword,6,86,0.13513513513513514,0.8333333333333334,0.23255813953488372,0.7395833333333334,0.24733626588465296
C,log_gk,3,90.0,target_sector_event_weighted,shifted_1_day_text,shuffled_within_ticker,target_event_keyword,3,100,0.16666666666666666,0.3333333333333333,0.2222222222222222,0.6288659793814433,0.19618055555555555
ABT,log_gk,3,95.0,target_sector_event_weighted,shifted_1_day_text,shuffled_within_ticker,target_event_keyword,1,125,0.0,0.0,0.0,0.9193548387096774,0.09090909090909091
AMD,log_gk,3,95.0,target_sector_event_weighted,shifted_1_day_text,shuffled_within_ticker,target_event_keyword,5,173,0.017543859649122806,0.2,0.03225806451612903,0.40714285714285714,0.02847981089669069
AMGN,log_gk,3,95.0,target_sector_event_weighted,shifted_1_day_text,shuffled_within_ticker,target_event_keyword,0,77,,,,,
AXP,log_gk,3,95.0,target_sector_event_weighted,shifted_1_day_text,shuffled_within_ticker,target_event_keyword,3,85,0.0,0.0,0.0,0.5691056910569106,0.05536780159730979
BAC,log_gk,3,95.0,target_sector_event_weighted,shifted_1_day_text,shuffled_within_ticker,target_event_keyword,2,105,0.0,0.0,0.0,0.5097087378640777,0.02827380952380952
BX,log_gk,3,95.0,target_sector_event_weighted,shifted_1_day_text,shuffled_within_ticker,target_event_keyword,2,86,0.09090909090909091,1.0,0.16666666666666666,0.8630952380952381,0.14761904761904762
C,log_gk,3,95.0,target_sector_event_weighted,shifted_1_day_text,shuffled_within_ticker,target_event_keyword,1,100,0.25,1.0,0.4,0.9797979797979798,0.3333333333333333
ABT,log_abs_return,1,80.0,target_sector_event_weighted,shifted_1_day_text,shuffled_within_ticker,target_event_keyword,15,125,0.15,0.2,0.17142857142857143,0.5393939393939394,0.1779374415145191
AMD,log_abs_return,1,80.0,target_sector_event_weighted,shifted_1_day_text,shuffled_within_ticker,target_event_keyword,23,173,0.125,0.391304347826087,0.18947368421052632,0.5005797101449274,0.12985397428702544
AMGN,log_abs_return,1,80.0,target_sector_event_weighted,shifted_1_day_text,shuffled_within_ticker,target_event_keyword,19,77,0.3181818181818182,0.3684210526315789,0.34146341463414637,0.5462794918330308,0.3666674367735864
AXP,log_abs_return,1,80.0,target_sector_event_weighted,shifted_1_day_text,shuffled_within_ticker,target_event_keyword,10,85,0.2,0.2,0.2,0.8013333333333332,0.28821853062139835
BAC,log_abs_return,1,80.0,target_sector_event_weighted,shifted_1_day_text,shuffled_within_ticker,target_event_keyword,20,105,0.1875,0.15,0.16666666666666666,0.5282352941176471,0.2688044661153008
BX,log_abs_return,1,80.0,target_sector_event_weighted,shifted_1_day_text,shuffled_within_ticker,target_event_keyword,15,86,0.20754716981132076,0.7333333333333333,0.3235294117647059,0.6713615023474178,0.31773754887578026
C,log_abs_return,1,80.0,target_sector_event_weighted,shifted_1_day_text,shuffled_within_ticker,target_event_keyword,10,100,0.23076923076923078,0.3,0.2608695652173913,0.6088888888888889,0.32719626172413974
ABT,log_abs_return,1,85.0,target_sector_event_weighted,shifted_1_day_text,shuffled_within_ticker,target_event_keyword,9,125,0.08695652173913043,0.2222222222222222,0.125,0.5210727969348659,0.10527310241415053
AMD,log_abs_return,1,85.0,target_sector_event_weighted,shifted_1_day_text,shuffled_within_ticker,target_event_keyword,15,173,0.08333333333333333,0.4,0.13793103448275862,0.5054852320675105,0.10403319799818003
AMGN,log_abs_return,1,85.0,target_sector_event_weighted,shifted_1_day_text,shuffled_within_ticker,target_event_keyword,16,77,0.2777777777777778,0.3125,0.29411764705882354,0.5163934426229508,0.2632285145758782
AXP,log_abs_return,1,85.0,target_sector_event_weighted,shifted_1_day_text,shuffled_within_ticker,target_event_keyword,6,85,0.3,0.5,0.375,0.850210970464135,0.251839057102215
BAC,log_abs_return,1,85.0,target_sector_event_weighted,shifted_1_day_text,shuffled_within_ticker,target_event_keyword,12,105,0.14285714285714285,0.16666666666666666,0.15384615384615385,0.5044802867383512,0.19823677775619436
BX,log_abs_return,1,85.0,target_sector_event_weighted,shifted_1_day_text,shuffled_within_ticker,target_event_keyword,9,86,0.14634146341463414,0.6666666666666666,0.24,0.5829725829725829,0.1798431390416283
C,log_abs_return,1,85.0,target_sector_event_weighted,shifted_1_day_text,shuffled_within_ticker,target_event_keyword,7,100,0.3,0.42857142857142855,0.35294117647058826,0.7619047619047619,0.4130613161706731
ABT,log_abs_return,1,90.0,target_sector_event_weighted,shifted_1_day_text,shuffled_within_ticker,target_event_keyword,6,125,0.09090909090909091,0.3333333333333333,0.14285714285714285,0.46078431372549017,0.0704619666632623
AMD,log_abs_return,1,90.0,target_sector_event_weighted,shifted_1_day_text,shuffled_within_ticker,target_event_keyword,12,173,0.06557377049180328,0.3333333333333333,0.1095890410958904,0.5134575569358178,0.08691293445289708
AMGN,log_abs_return,1,90.0,target_sector_event_weighted,shifted_1_day_text,shuffled_within_ticker,target_event_keyword,9,77,0.13333333333333333,0.2222222222222222,0.16666666666666666,0.45751633986928103,0.14107908688733156
AXP,log_abs_return,1,90.0,target_sector_event_weighted,shifted_1_day_text,shuffled_within_ticker,target_event_keyword,6,85,0.125,0.16666666666666666,0.14285714285714285,0.8396624472573839,0.21039064702857804
BAC,log_abs_return,1,90.0,target_sector_event_weighted,shifted_1_day_text,shuffled_within_ticker,target_event_keyword,7,105,0.1,0.14285714285714285,0.11764705882352941,0.48833819241982507,0.20295510299085098
BX,log_abs_return,1,90.0,target_sector_event_weighted,shifted_1_day_text,shuffled_within_ticker,target_event_keyword,5,86,0.10256410256410256,0.8,0.18181818181818182,0.6864197530864198,0.19475677594981655
C,log_abs_return,1,90.0,target_sector_event_weighted,shifted_1_day_text,shuffled_within_ticker,target_event_keyword,5,100,0.2,0.4,0.26666666666666666,0.7621052631578947,0.30630479321517057
ABT,log_abs_return,1,95.0,target_sector_event_weighted,shifted_1_day_text,shuffled_within_ticker,target_event_keyword,3,125,0.18181818181818182,0.6666666666666666,0.2857142857142857,0.6475409836065574,0.23546944858420266
AMD,log_abs_return,1,95.0,target_sector_event_weighted,shifted_1_day_text,shuffled_within_ticker,target_event_keyword,7,173,0.018867924528301886,0.14285714285714285,0.03333333333333333,0.45955249569707396,0.0417463295173896
AMGN,log_abs_return,1,95.0,target_sector_event_weighted,shifted_1_day_text,shuffled_within_ticker,target_event_keyword,2,77,0.08333333333333333,0.5,0.14285714285714285,0.6266666666666667,0.1431818181818182
AXP,log_abs_return,1,95.0,target_sector_event_weighted,shifted_1_day_text,shuffled_within_ticker,target_event_keyword,2,85,0.0,0.0,0.0,0.710843373493976,0.057870370370370364
BAC,log_abs_return,1,95.0,target_sector_event_weighted,shifted_1_day_text,shuffled_within_ticker,target_event_keyword,3,105,0.0,0.0,0.0,0.7026143790849674,0.06515700219614004
BX,log_abs_return,1,95.0,target_sector_event_weighted,shifted_1_day_text,shuffled_within_ticker,target_event_keyword,2,86,0.038461538461538464,0.5,0.07142857142857142,0.6845238095238095,0.052258064516129035
C,log_abs_return,1,95.0,target_sector_event_weighted,shifted_1_day_text,shuffled_within_ticker,target_event_keyword,1,100,0.14285714285714285,1.0,0.25,1.0,1.0
ABT,log_abs_return,3,80.0,target_sector_event_weighted,shifted_1_day_text,shuffled_within_ticker,target_event_keyword,24,125,0.2,0.16666666666666666,0.18181818181818182,0.5243399339933993,0.20978697466381763
AMD,log_abs_return,3,80.0,target_sector_event_weighted,shifted_1_day_text,shuffled_within_ticker,target_event_keyword,27,173,0.20253164556962025,0.5925925925925926,0.3018867924528302,0.6085743277524099,0.2305587920716116
AMGN,log_abs_return,3,80.0,target_sector_event_weighted,shifted_1_day_text,shuffled_within_ticker,target_event_keyword,16,77,0.2,0.25,0.2222222222222222,0.6014344262295083,0.3334299322633316
AXP,log_abs_return,3,80.0,target_sector_event_weighted,shifted_1_day_text,shuffled_within_ticker,target_event_keyword,13,85,0.3333333333333333,0.3076923076923077,0.32,0.6655982905982907,0.2844540099422214
BAC,log_abs_return,3,80.0,target_sector_event_weighted,shifted_1_day_text,shuffled_within_ticker,target_event_keyword,17,105,0.16666666666666666,0.17647058823529413,0.17142857142857143,0.5762032085561498,0.22625844305787585
BX,log_abs_return,3,80.0,target_sector_event_weighted,shifted_1_day_text,shuffled_within_ticker,target_event_keyword,15,86,0.21428571428571427,0.8,0.3380281690140845,0.644131455399061,0.26708912624864056
C,log_abs_return,3,80.0,target_sector_event_weighted,shifted_1_day_text,shuffled_within_ticker,target_event_keyword,10,100,0.058823529411764705,0.1,0.07407407407407407,0.45333333333333337,0.10604271503197274
ABT,log_abs_return,3,85.0,target_sector_event_weighted,shifted_1_day_text,shuffled_within_ticker,target_event_keyword,18,125,0.15,0.16666666666666666,0.15789473684210525,0.4652128764278297,0.14425199171897665
AMD,log_abs_return,3,85.0,target_sector_event_weighted,shifted_1_day_text,shuffled_within_ticker,target_event_keyword,19,173,0.16666666666666666,0.631578947368421,0.26373626373626374,0.649008885850991,0.2133892562578941
AMGN,log_abs_return,3,85.0,target_sector_event_weighted,shifted_1_day_text,shuffled_within_ticker,target_event_keyword,10,77,0.26666666666666666,0.4,0.32,0.6537313432835821,0.21754809182305762
AXP,log_abs_return,3,85.0,target_sector_event_weighted,shifted_1_day_text,shuffled_within_ticker,target_event_keyword,10,85,0.3,0.3,0.3,0.696,0.21426879821587355
BAC,log_abs_return,3,85.0,target_sector_event_weighted,shifted_1_day_text,shuffled_within_ticker,target_event_keyword,15,105,0.23076923076923078,0.2,0.21428571428571427,0.5214814814814814,0.2113401116920141
BX,log_abs_return,3,85.0,target_sector_event_weighted,shifted_1_day_text,shuffled_within_ticker,target_event_keyword,7,86,0.08333333333333333,0.5714285714285714,0.14545454545454545,0.6021699819168174,0.13339146233883076
C,log_abs_return,3,85.0,target_sector_event_weighted,shifted_1_day_text,shuffled_within_ticker,target_event_keyword,6,100,0.07692307692307693,0.16666666666666666,0.10526315789473684,0.5106382978723404,0.08352769622147244
ABT,log_abs_return,3,90.0,target_sector_event_weighted,shifted_1_day_text,shuffled_within_ticker,target_event_keyword,10,125,0.16666666666666666,0.2,0.18181818181818182,0.5304347826086957,0.11071044978485807
AMD,log_abs_return,3,90.0,target_sector_event_weighted,shifted_1_day_text,shuffled_within_ticker,target_event_keyword,12,173,0.1076923076923077,0.5833333333333334,0.18181818181818182,0.6682194616977226,0.1354388497461948
AMGN,log_abs_return,3,90.0,target_sector_event_weighted,shifted_1_day_text,shuffled_within_ticker,target_event_keyword,8,77,0.19047619047619047,0.5,0.27586206896551724,0.6231884057971014,0.15644692350006473
AXP,log_abs_return,3,90.0,target_sector_event_weighted,shifted_1_day_text,shuffled_within_ticker,target_event_keyword,3,85,0.0,0.0,0.0,0.7317073170731707,0.09841269841269842
BAC,log_abs_return,3,90.0,target_sector_event_weighted,shifted_1_day_text,shuffled_within_ticker,target_event_keyword,8,105,0.0,0.0,0.0,0.48711340206185566,0.08239538913549446
BX,log_abs_return,3,90.0,target_sector_event_weighted,shifted_1_day_text,shuffled_within_ticker,target_event_keyword,5,86,0.04878048780487805,0.4,0.08695652173913043,0.5037037037037038,0.06512062790674214
C,log_abs_return,3,90.0,target_sector_event_weighted,shifted_1_day_text,shuffled_within_ticker,target_event_keyword,3,100,0.0,0.0,0.0,0.37800687285223367,0.03193889198444169
ABT,log_abs_return,3,95.0,target_sector_event_weighted,shifted_1_day_text,shuffled_within_ticker,target_event_keyword,4,125,0.0,0.0,0.0,0.3822314049586777,0.03167844017579753
AMD,log_abs_return,3,95.0,target_sector_event_weighted,shifted_1_day_text,shuffled_within_ticker,target_event_keyword,8,173,0.10416666666666667,0.625,0.17857142857142858,0.75,0.1484169046972445
AMGN,log_abs_return,3,95.0,target_sector_event_weighted,shifted_1_day_text,shuffled_within_ticker,target_event_keyword,2,77,0.05555555555555555,0.5,0.1,0.76,0.0748663101604278
AXP,log_abs_return,3,95.0,target_sector_event_weighted,shifted_1_day_text,shuffled_within_ticker,target_event_keyword,2,85,0.0,0.0,0.0,0.6566265060240963,0.04857142857142857
BAC,log_abs_return,3,95.0,target_sector_event_weighted,shifted_1_day_text,shuffled_within_ticker,target_event_keyword,3,105,0.0,0.0,0.0,0.33333333333333326,0.02743452834986016
BX,log_abs_return,3,95.0,target_sector_event_weighted,shifted_1_day_text,shuffled_within_ticker,target_event_keyword,2,86,0.03571428571428571,0.5,0.06666666666666667,0.7023809523809524,0.05507246376811594
C,log_abs_return,3,95.0,target_sector_event_weighted,shifted_1_day_text,shuffled_within_ticker,target_event_keyword,1,100,0.0,0.0,0.0,0.19191919191919193,0.012345679012345678
ABT,log_gk,1,80.0,target_sector_event_weighted,shifted_1_day_text,cross_ticker_same_day,target_event_keyword,14,125,0.8,0.2857142857142857,0.42105263157894735,0.6788931788931789,0.43544928940400685
AMD,log_gk,1,80.0,target_sector_event_weighted,shifted_1_day_text,cross_ticker_same_day,target_event_keyword,17,173,0.07857142857142857,0.6470588235294118,0.14012738853503184,0.49585218702865763,0.11819152178706992
AMGN,log_gk,1,80.0,target_sector_event_weighted,shifted_1_day_text,cross_ticker_same_day,target_event_keyword,13,77,0.6,0.23076923076923078,0.3333333333333333,0.5961538461538463,0.36174956412953624
AXP,log_gk,1,80.0,target_sector_event_weighted,shifted_1_day_text,cross_ticker_same_day,target_event_keyword,10,85,0.1875,0.3,0.23076923076923078,0.7,0.3046953814716973
BAC,log_gk,1,80.0,target_sector_event_weighted,shifted_1_day_text,cross_ticker_same_day,target_event_keyword,9,105,0.125,0.2222222222222222,0.16,0.625,0.14446299989696118
BX,log_gk,1,80.0,target_sector_event_weighted,shifted_1_day_text,cross_ticker_same_day,target_event_keyword,10,86,0.1346153846153846,0.7,0.22580645161290322,0.6592105263157895,0.3878812381054425
C,log_gk,1,80.0,target_sector_event_weighted,shifted_1_day_text,cross_ticker_same_day,target_event_keyword,9,100,0.2857142857142857,0.4444444444444444,0.34782608695652173,0.7594627594627594,0.22301913122808648
ABT,log_gk,1,85.0,target_sector_event_weighted,shifted_1_day_text,cross_ticker_same_day,target_event_keyword,10,125,1.0,0.3,0.46153846153846156,0.7069565217391305,0.4392034151619132
AMD,log_gk,1,85.0,target_sector_event_weighted,shifted_1_day_text,cross_ticker_same_day,target_event_keyword,13,173,0.07352941176470588,0.7692307692307693,0.1342281879194631,0.5581730769230769,0.10386294297073181
AMGN,log_gk,1,85.0,target_sector_event_weighted,shifted_1_day_text,cross_ticker_same_day,target_event_keyword,11,77,0.6666666666666666,0.18181818181818182,0.2857142857142857,0.637741046831956,0.40709185731179864
AXP,log_gk,1,85.0,target_sector_event_weighted,shifted_1_day_text,cross_ticker_same_day,target_event_keyword,7,85,0.07142857142857142,0.14285714285714285,0.09523809523809523,0.6886446886446886,0.13560784472657178
BAC,log_gk,1,85.0,target_sector_event_weighted,shifted_1_day_text,cross_ticker_same_day,target_event_keyword,6,105,0.15384615384615385,0.3333333333333333,0.21052631578947367,0.6195286195286195,0.12650765536765032
BX,log_gk,1,85.0,target_sector_event_weighted,shifted_1_day_text,cross_ticker_same_day,target_event_keyword,6,86,0.0625,0.5,0.1111111111111111,0.6625000000000001,0.40439903059938764
C,log_gk,1,85.0,target_sector_event_weighted,shifted_1_day_text,cross_ticker_same_day,target_event_keyword,4,100,0.0,0.0,0.0,0.5494791666666666,0.05178800479973518
ABT,log_gk,1,90.0,target_sector_event_weighted,shifted_1_day_text,cross_ticker_same_day,target_event_keyword,6,125,0.3333333333333333,0.16666666666666666,0.2222222222222222,0.5714285714285715,0.16594434489112198
AMD,log_gk,1,90.0,target_sector_event_weighted,shifted_1_day_text,cross_ticker_same_day,target_event_keyword,6,173,0.049586776859504134,1.0,0.09448818897637795,0.7205588822355289,0.11927843179739034
AMGN,log_gk,1,90.0,target_sector_event_weighted,shifted_1_day_text,cross_ticker_same_day,target_event_keyword,5,77,0.0,0.0,0.0,0.6166666666666667,0.12241423509295672
AXP,log_gk,1,90.0,target_sector_event_weighted,shifted_1_day_text,cross_ticker_same_day,target_event_keyword,4,85,0.0,0.0,0.0,0.6975308641975309,0.0899438616703048
BAC,log_gk,1,90.0,target_sector_event_weighted,shifted_1_day_text,cross_ticker_same_day,target_event_keyword,5,105,0.15384615384615385,0.4,0.2222222222222222,0.69,0.12525442565690242
BX,log_gk,1,90.0,target_sector_event_weighted,shifted_1_day_text,cross_ticker_same_day,target_event_keyword,3,86,0.02857142857142857,0.3333333333333333,0.05263157894736842,0.4457831325301205,0.05797491039426523
C,log_gk,1,90.0,target_sector_event_weighted,shifted_1_day_text,cross_ticker_same_day,target_event_keyword,1,100,0.0,0.0,0.0,0.4747474747474747,0.018867924528301886
ABT,log_gk,1,95.0,target_sector_event_weighted,shifted_1_day_text,cross_ticker_same_day,target_event_keyword,1,125,0.0,0.0,0.0,0.9032258064516129,0.07692307692307693
AMD,log_gk,1,95.0,target_sector_event_weighted,shifted_1_day_text,cross_ticker_same_day,target_event_keyword,5,173,0.0449438202247191,0.8,0.0851063829787234,0.6738095238095239,0.07251283099667523
AMGN,log_gk,1,95.0,target_sector_event_weighted,shifted_1_day_text,cross_ticker_same_day,target_event_keyword,2,77,0.0,0.0,0.0,0.66,0.08423913043478261
AXP,log_gk,1,95.0,target_sector_event_weighted,shifted_1_day_text,cross_ticker_same_day,target_event_keyword,2,85,0.0,0.0,0.0,0.6506024096385542,0.05213903743315508
BAC,log_gk,1,95.0,target_sector_event_weighted,shifted_1_day_text,cross_ticker_same_day,target_event_keyword,2,105,0.16666666666666666,0.5,0.25,0.8300970873786407,0.11458333333333333
BX,log_gk,1,95.0,target_sector_event_weighted,shifted_1_day_text,cross_ticker_same_day,target_event_keyword,0,86,,,,,
C,log_gk,1,95.0,target_sector_event_weighted,shifted_1_day_text,cross_ticker_same_day,target_event_keyword,0,100,,,,,
ABT,log_gk,3,80.0,target_sector_event_weighted,shifted_1_day_text,cross_ticker_same_day,target_event_keyword,15,125,0.0,0.0,0.0,0.5624242424242425,0.18295272791833334
AMD,log_gk,3,80.0,target_sector_event_weighted,shifted_1_day_text,cross_ticker_same_day,target_event_keyword,20,173,0.10365853658536585,0.85,0.18478260869565216,0.3908496732026144,0.09733542278926936
AMGN,log_gk,3,80.0,target_sector_event_weighted,shifted_1_day_text,cross_ticker_same_day,target_event_keyword,9,77,0.0,0.0,0.0,0.3986928104575163,0.10836488192897187
AXP,log_gk,3,80.0,target_sector_event_weighted,shifted_1_day_text,cross_ticker_same_day,target_event_keyword,8,85,0.0,0.0,0.0,0.6363636363636364,0.1467507302489971
BAC,log_gk,3,80.0,target_sector_event_weighted,shifted_1_day_text,cross_ticker_same_day,target_event_keyword,7,105,0.10526315789473684,0.2857142857142857,0.15384615384615385,0.5714285714285714,0.12357908198244333
BX,log_gk,3,80.0,target_sector_event_weighted,shifted_1_day_text,cross_ticker_same_day,target_event_keyword,12,86,0.18518518518518517,0.8333333333333334,0.30303030303030304,0.7781531531531533,0.527045536315623
C,log_gk,3,80.0,target_sector_event_weighted,shifted_1_day_text,cross_ticker_same_day,target_event_keyword,8,100,0.047619047619047616,0.125,0.06896551724137931,0.5135869565217391,0.11969043182433994
ABT,log_gk,3,85.0,target_sector_event_weighted,shifted_1_day_text,cross_ticker_same_day,target_event_keyword,9,125,0.0,0.0,0.0,0.5708812260536398,0.11894913327333198
AMD,log_gk,3,85.0,target_sector_event_weighted,shifted_1_day_text,cross_ticker_same_day,target_event_keyword,14,173,0.07692307692307693,0.8571428571428571,0.1411764705882353,0.4775381850853549,0.09050997782270608
AMGN,log_gk,3,85.0,target_sector_event_weighted,shifted_1_day_text,cross_ticker_same_day,target_event_keyword,8,77,0.0,0.0,0.0,0.3949275362318841,0.09753031587848887
AXP,log_gk,3,85.0,target_sector_event_weighted,shifted_1_day_text,cross_ticker_same_day,target_event_keyword,6,85,0.0,0.0,0.0,0.6350210970464135,0.11315548605008324
BAC,log_gk,3,85.0,target_sector_event_weighted,shifted_1_day_text,cross_ticker_same_day,target_event_keyword,5,105,0.07142857142857142,0.2,0.10526315789473684,0.5780000000000001,0.09995414487247518
BX,log_gk,3,85.0,target_sector_event_weighted,shifted_1_day_text,cross_ticker_same_day,target_event_keyword,9,86,0.14,0.7777777777777778,0.23728813559322035,0.7676767676767677,0.40323823385417584
C,log_gk,3,85.0,target_sector_event_weighted,shifted_1_day_text,cross_ticker_same_day,target_event_keyword,4,100,0.058823529411764705,0.25,0.09523809523809523,0.6223958333333334,0.11673465423465423
ABT,log_gk,3,90.0,target_sector_event_weighted,shifted_1_day_text,cross_ticker_same_day,target_event_keyword,4,125,0.0,0.0,0.0,0.4669421487603306,0.03733374468668586
AMD,log_gk,3,90.0,target_sector_event_weighted,shifted_1_day_text,cross_ticker_same_day,target_event_keyword,6,173,0.021739130434782608,0.5,0.041666666666666664,0.39421157684630737,0.03337482297953949
AMGN,log_gk,3,90.0,target_sector_event_weighted,shifted_1_day_text,cross_ticker_same_day,target_event_keyword,1,77,0.0,0.0,0.0,0.7763157894736842,0.05555555555555555
AXP,log_gk,3,90.0,target_sector_event_weighted,shifted_1_day_text,cross_ticker_same_day,target_event_keyword,4,85,0.14285714285714285,0.25,0.18181818181818182,0.6666666666666667,0.14658679927667267
BAC,log_gk,3,90.0,target_sector_event_weighted,shifted_1_day_text,cross_ticker_same_day,target_event_keyword,3,105,0.0,0.0,0.0,0.48039215686274506,0.03509735662653168
BX,log_gk,3,90.0,target_sector_event_weighted,shifted_1_day_text,cross_ticker_same_day,target_event_keyword,6,86,0.12195121951219512,0.8333333333333334,0.2127659574468085,0.7312500000000001,0.2408456486042693
C,log_gk,3,90.0,target_sector_event_weighted,shifted_1_day_text,cross_ticker_same_day,target_event_keyword,3,100,0.08333333333333333,0.3333333333333333,0.13333333333333333,0.6219931271477663,0.11978939724037763
ABT,log_gk,3,95.0,target_sector_event_weighted,shifted_1_day_text,cross_ticker_same_day,target_event_keyword,1,125,0.0,0.0,0.0,0.685483870967742,0.025
AMD,log_gk,3,95.0,target_sector_event_weighted,shifted_1_day_text,cross_ticker_same_day,target_event_keyword,5,173,0.030927835051546393,0.6,0.058823529411764705,0.44880952380952377,0.034108395537743676
AMGN,log_gk,3,95.0,target_sector_event_weighted,shifted_1_day_text,cross_ticker_same_day,target_event_keyword,0,77,,,,,
AXP,log_gk,3,95.0,target_sector_event_weighted,shifted_1_day_text,cross_ticker_same_day,target_event_keyword,3,85,0.16666666666666666,0.3333333333333333,0.2222222222222222,0.8008130081300813,0.12602124183006536
BAC,log_gk,3,95.0,target_sector_event_weighted,shifted_1_day_text,cross_ticker_same_day,target_event_keyword,2,105,0.0,0.0,0.0,0.43203883495145634,0.025561706284597852
BX,log_gk,3,95.0,target_sector_event_weighted,shifted_1_day_text,cross_ticker_same_day,target_event_keyword,2,86,0.07692307692307693,1.0,0.14285714285714285,0.7976190476190476,0.08166666666666667
C,log_gk,3,95.0,target_sector_event_weighted,shifted_1_day_text,cross_ticker_same_day,target_event_keyword,1,100,0.1111111111111111,1.0,0.2,0.9494949494949495,0.16666666666666666
ABT,log_abs_return,1,80.0,target_sector_event_weighted,shifted_1_day_text,cross_ticker_same_day,target_event_keyword,15,125,0.25,0.06666666666666667,0.10526315789473684,0.5703030303030303,0.18390152257875714
AMD,log_abs_return,1,80.0,target_sector_event_weighted,shifted_1_day_text,cross_ticker_same_day,target_event_keyword,23,173,0.1476510067114094,0.9565217391304348,0.2558139534883721,0.4828985507246377,0.1351244776676916
AMGN,log_abs_return,1,80.0,target_sector_event_weighted,shifted_1_day_text,cross_ticker_same_day,target_event_keyword,19,77,0.5,0.10526315789473684,0.17391304347826086,0.4764065335753176,0.32418820310305435
AXP,log_abs_return,1,80.0,target_sector_event_weighted,shifted_1_day_text,cross_ticker_same_day,target_event_keyword,10,85,0.1875,0.3,0.23076923076923078,0.752,0.34690856393714964
BAC,log_abs_return,1,80.0,target_sector_event_weighted,shifted_1_day_text,cross_ticker_same_day,target_event_keyword,20,105,0.18181818181818182,0.2,0.19047619047619047,0.5494117647058823,0.2616488729476303
BX,log_abs_return,1,80.0,target_sector_event_weighted,shifted_1_day_text,cross_ticker_same_day,target_event_keyword,15,86,0.18,0.6,0.27692307692307694,0.5830985915492958,0.27797865929825455
C,log_abs_return,1,80.0,target_sector_event_weighted,shifted_1_day_text,cross_ticker_same_day,target_event_keyword,10,100,0.15384615384615385,0.2,0.17391304347826086,0.5955555555555555,0.27876207260508534
ABT,log_abs_return,1,85.0,target_sector_event_weighted,shifted_1_day_text,cross_ticker_same_day,target_event_keyword,9,125,0.16666666666666666,0.1111111111111111,0.13333333333333333,0.5766283524904214,0.16357848521404816
AMD,log_abs_return,1,85.0,target_sector_event_weighted,shifted_1_day_text,cross_ticker_same_day,target_event_keyword,15,173,0.09859154929577464,0.9333333333333333,0.17834394904458598,0.49156118143459915,0.10004971048318242
AMGN,log_abs_return,1,85.0,target_sector_event_weighted,shifted_1_day_text,cross_ticker_same_day,target_event_keyword,16,77,0.14285714285714285,0.0625,0.08695652173913043,0.42827868852459017,0.24827459024073367
AXP,log_abs_return,1,85.0,target_sector_event_weighted,shifted_1_day_text,cross_ticker_same_day,target_event_keyword,6,85,0.15384615384615385,0.3333333333333333,0.21052631578947367,0.8016877637130801,0.3647215865751334
BAC,log_abs_return,1,85.0,target_sector_event_weighted,shifted_1_day_text,cross_ticker_same_day,target_event_keyword,12,105,0.11764705882352941,0.16666666666666666,0.13793103448275862,0.5806451612903226,0.1679554497981386
BX,log_abs_return,1,85.0,target_sector_event_weighted,shifted_1_day_text,cross_ticker_same_day,target_event_keyword,9,86,0.11538461538461539,0.6666666666666666,0.19672131147540983,0.5526695526695526,0.12874439281777333
C,log_abs_return,1,85.0,target_sector_event_weighted,shifted_1_day_text,cross_ticker_same_day,target_event_keyword,7,100,0.1,0.2857142857142857,0.14814814814814814,0.6436251920122887,0.2662463851937536
ABT,log_abs_return,1,90.0,target_sector_event_weighted,shifted_1_day_text,cross_ticker_same_day,target_event_keyword,6,125,0.0,0.0,0.0,0.4719887955182074,0.07426757553174174
AMD,log_abs_return,1,90.0,target_sector_event_weighted,shifted_1_day_text,cross_ticker_same_day,target_event_keyword,12,173,0.06299212598425197,0.6666666666666666,0.11510791366906475,0.5144927536231884,0.08904119335364467
AMGN,log_abs_return,1,90.0,target_sector_event_weighted,shifted_1_day_text,cross_ticker_same_day,target_event_keyword,9,77,0.16666666666666666,0.1111111111111111,0.13333333333333333,0.4444444444444444,0.14276038291594423
AXP,log_abs_return,1,90.0,target_sector_event_weighted,shifted_1_day_text,cross_ticker_same_day,target_event_keyword,6,85,0.16666666666666666,0.3333333333333333,0.2222222222222222,0.8270042194092827,0.29178743961352654
BAC,log_abs_return,1,90.0,target_sector_event_weighted,shifted_1_day_text,cross_ticker_same_day,target_event_keyword,7,105,0.09090909090909091,0.14285714285714285,0.1111111111111111,0.4329446064139941,0.09027059522945699
BX,log_abs_return,1,90.0,target_sector_event_weighted,shifted_1_day_text,cross_ticker_same_day,target_event_keyword,5,86,0.07317073170731707,0.6,0.13043478260869565,0.5876543209876544,0.11237615872499593
C,log_abs_return,1,90.0,target_sector_event_weighted,shifted_1_day_text,cross_ticker_same_day,target_event_keyword,5,100,0.06666666666666667,0.2,0.1,0.6000000000000001,0.25686501114754734
ABT,log_abs_return,1,95.0,target_sector_event_weighted,shifted_1_day_text,cross_ticker_same_day,target_event_keyword,3,125,0.0,0.0,0.0,0.7131147540983607,0.11492537313432835
AMD,log_abs_return,1,95.0,target_sector_event_weighted,shifted_1_day_text,cross_ticker_same_day,target_event_keyword,7,173,0.036036036036036036,0.5714285714285714,0.06779661016949153,0.40275387263339074,0.03674997083248503
AMGN,log_abs_return,1,95.0,target_sector_event_weighted,shifted_1_day_text,cross_ticker_same_day,target_event_keyword,2,77,0.0,0.0,0.0,0.4866666666666667,0.04871794871794872
AXP,log_abs_return,1,95.0,target_sector_event_weighted,shifted_1_day_text,cross_ticker_same_day,target_event_keyword,2,85,0.0,0.0,0.0,0.608433734939759,0.04508611955420466
BAC,log_abs_return,1,95.0,target_sector_event_weighted,shifted_1_day_text,cross_ticker_same_day,target_event_keyword,3,105,0.0,0.0,0.0,0.48366013071895425,0.0359324236517219
BX,log_abs_return,1,95.0,target_sector_event_weighted,shifted_1_day_text,cross_ticker_same_day,target_event_keyword,2,86,0.0,0.0,0.0,0.30357142857142855,0.0243593353984793
C,log_abs_return,1,95.0,target_sector_event_weighted,shifted_1_day_text,cross_ticker_same_day,target_event_keyword,1,100,0.09090909090909091,1.0,0.16666666666666666,0.98989898989899,0.5
ABT,log_abs_return,3,80.0,target_sector_event_weighted,shifted_1_day_text,cross_ticker_same_day,target_event_keyword,24,125,0.0,0.0,0.0,0.41171617161716173,0.17959757793875225
AMD,log_abs_return,3,80.0,target_sector_event_weighted,shifted_1_day_text,cross_ticker_same_day,target_event_keyword,27,173,0.15584415584415584,0.8888888888888888,0.26519337016574585,0.54337899543379,0.2175789838230197
AMGN,log_abs_return,3,80.0,target_sector_event_weighted,shifted_1_day_text,cross_ticker_same_day,target_event_keyword,16,77,0.5,0.1875,0.2727272727272727,0.6454918032786885,0.37876484786506337
AXP,log_abs_return,3,80.0,target_sector_event_weighted,shifted_1_day_text,cross_ticker_same_day,target_event_keyword,13,85,0.17647058823529413,0.23076923076923078,0.2,0.6367521367521367,0.33555313108881163
BAC,log_abs_return,3,80.0,target_sector_event_weighted,shifted_1_day_text,cross_ticker_same_day,target_event_keyword,17,105,0.19047619047619047,0.23529411764705882,0.21052631578947367,0.5514705882352942,0.21038517488737252
BX,log_abs_return,3,80.0,target_sector_event_weighted,shifted_1_day_text,cross_ticker_same_day,target_event_keyword,15,86,0.22413793103448276,0.8666666666666667,0.3561643835616438,0.6610328638497653,0.278500053509197
C,log_abs_return,3,80.0,target_sector_event_weighted,shifted_1_day_text,cross_ticker_same_day,target_event_keyword,10,100,0.1,0.3,0.15,0.46555555555555556,0.10311957365629565
ABT,log_abs_return,3,85.0,target_sector_event_weighted,shifted_1_day_text,cross_ticker_same_day,target_event_keyword,18,125,0.0,0.0,0.0,0.3639667705088266,0.12275325762230596
AMD,log_abs_return,3,85.0,target_sector_event_weighted,shifted_1_day_text,cross_ticker_same_day,target_event_keyword,19,173,0.11486486486486487,0.8947368421052632,0.20359281437125748,0.5635680109364319,0.18651139397923513
AMGN,log_abs_return,3,85.0,target_sector_event_weighted,shifted_1_day_text,cross_ticker_same_day,target_event_keyword,10,77,0.2,0.1,0.13333333333333333,0.6119402985074627,0.21474125061564137
AXP,log_abs_return,3,85.0,target_sector_event_weighted,shifted_1_day_text,cross_ticker_same_day,target_event_keyword,10,85,0.11764705882352941,0.2,0.14814814814814814,0.6266666666666667,0.17206290780580624
BAC,log_abs_return,3,85.0,target_sector_event_weighted,shifted_1_day_text,cross_ticker_same_day,target_event_keyword,15,105,0.17391304347826086,0.26666666666666666,0.21052631578947367,0.5259259259259259,0.1765680259677549
BX,log_abs_return,3,85.0,target_sector_event_weighted,shifted_1_day_text,cross_ticker_same_day,target_event_keyword,7,86,0.12962962962962962,1.0,0.22950819672131148,0.6907775768535263,0.14503437738731856
C,log_abs_return,3,85.0,target_sector_event_weighted,shifted_1_day_text,cross_ticker_same_day,target_event_keyword,6,100,0.045454545454545456,0.16666666666666666,0.07142857142857142,0.5390070921985816,0.08302129978115472
ABT,log_abs_return,3,90.0,target_sector_event_weighted,shifted_1_day_text,cross_ticker_same_day,target_event_keyword,10,125,0.25,0.1,0.14285714285714285,0.5391304347826087,0.1241847363984229
AMD,log_abs_return,3,90.0,target_sector_event_weighted,shifted_1_day_text,cross_ticker_same_day,target_event_keyword,12,173,0.0763888888888889,0.9166666666666666,0.14102564102564102,0.5657349896480331,0.13160964409970405
AMGN,log_abs_return,3,90.0,target_sector_event_weighted,shifted_1_day_text,cross_ticker_same_day,target_event_keyword,8,77,0.0,0.0,0.0,0.5434782608695652,0.11788233910412434
AXP,log_abs_return,3,90.0,target_sector_event_weighted,shifted_1_day_text,cross_ticker_same_day,target_event_keyword,3,85,0.0,0.0,0.0,0.6829268292682927,0.06854106854106853
BAC,log_abs_return,3,90.0,target_sector_event_weighted,shifted_1_day_text,cross_ticker_same_day,target_event_keyword,8,105,0.0,0.0,0.0,0.4188144329896908,0.06847577756674171
BX,log_abs_return,3,90.0,target_sector_event_weighted,shifted_1_day_text,cross_ticker_same_day,target_event_keyword,5,86,0.09433962264150944,1.0,0.1724137931034483,0.7827160493827161,0.14824561403508774
C,log_abs_return,3,90.0,target_sector_event_weighted,shifted_1_day_text,cross_ticker_same_day,target_event_keyword,3,100,0.0,0.0,0.0,0.49828178694158076,0.03873170480313337
ABT,log_abs_return,3,95.0,target_sector_event_weighted,shifted_1_day_text,cross_ticker_same_day,target_event_keyword,4,125,0.0,0.0,0.0,0.4710743801652893,0.038371752193120195
AMD,log_abs_return,3,95.0,target_sector_event_weighted,shifted_1_day_text,cross_ticker_same_day,target_event_keyword,8,173,0.05737704918032787,0.875,0.1076923076923077,0.6583333333333333,0.10812991151564051
AMGN,log_abs_return,3,95.0,target_sector_event_weighted,shifted_1_day_text,cross_ticker_same_day,target_event_keyword,2,77,0.0,0.0,0.0,0.54,0.04423076923076923
AXP,log_abs_return,3,95.0,target_sector_event_weighted,shifted_1_day_text,cross_ticker_same_day,target_event_keyword,2,85,0.0,0.0,0.0,0.6987951807228916,0.055714285714285716
BAC,log_abs_return,3,95.0,target_sector_event_weighted,shifted_1_day_text,cross_ticker_same_day,target_event_keyword,3,105,0.0,0.0,0.0,0.4411764705882353,0.03548415186346221
BX,log_abs_return,3,95.0,target_sector_event_weighted,shifted_1_day_text,cross_ticker_same_day,target_event_keyword,2,86,0.02631578947368421,0.5,0.05,0.6726190476190477,0.05505952380952381
C,log_abs_return,3,95.0,target_sector_event_weighted,shifted_1_day_text,cross_ticker_same_day,target_event_keyword,1,100,0.0,0.0,0.0,0.46464646464646464,0.018518518518518517
ABT,log_gk,1,80.0,target_sector_event_weighted,shifted_1_day_text,stale_20d,target_event_keyword,14,125,0.3333333333333333,0.42857142857142855,0.375,0.6537966537966537,0.4343892255554008
AMD,log_gk,1,80.0,target_sector_event_weighted,shifted_1_day_text,stale_20d,target_event_keyword,17,173,0.11864406779661017,0.4117647058823529,0.18421052631578946,0.4837858220211162,0.10177492490670338
AMGN,log_gk,1,80.0,target_sector_event_weighted,shifted_1_day_text,stale_20d,target_event_keyword,13,77,0.1875,0.23076923076923078,0.20689655172413793,0.4939903846153846,0.22426317581494637
AXP,log_gk,1,80.0,target_sector_event_weighted,shifted_1_day_text,stale_20d,target_event_keyword,10,85,0.3,0.3,0.3,0.6866666666666666,0.32686135218394385
BAC,log_gk,1,80.0,target_sector_event_weighted,shifted_1_day_text,stale_20d,target_event_keyword,9,105,0.08333333333333333,0.1111111111111111,0.09523809523809523,0.5381944444444444,0.11293705292447964
BX,log_gk,1,80.0,target_sector_event_weighted,shifted_1_day_text,stale_20d,target_event_keyword,10,86,0.13043478260869565,0.6,0.21428571428571427,0.6631578947368421,0.39064619834394465
C,log_gk,1,80.0,target_sector_event_weighted,shifted_1_day_text,stale_20d,target_event_keyword,9,100,0.2727272727272727,0.3333333333333333,0.3,0.7704517704517704,0.2880134270614147
ABT,log_gk,1,85.0,target_sector_event_weighted,shifted_1_day_text,stale_20d,target_event_keyword,10,125,0.35714285714285715,0.5,0.4166666666666667,0.7043478260869566,0.4282333854944351
AMD,log_gk,1,85.0,target_sector_event_weighted,shifted_1_day_text,stale_20d,target_event_keyword,13,173,0.10344827586206896,0.46153846153846156,0.16901408450704225,0.5293269230769231,0.0917559662651043
AMGN,log_gk,1,85.0,target_sector_event_weighted,shifted_1_day_text,stale_20d,target_event_keyword,11,77,0.25,0.36363636363636365,0.2962962962962963,0.5950413223140496,0.23520361218743566
AXP,log_gk,1,85.0,target_sector_event_weighted,shifted_1_day_text,stale_20d,target_event_keyword,7,85,0.1,0.14285714285714285,0.11764705882352941,0.6648351648351648,0.1562239700208517
BAC,log_gk,1,85.0,target_sector_event_weighted,shifted_1_day_text,stale_20d,target_event_keyword,6,105,0.09090909090909091,0.16666666666666666,0.11764705882352941,0.5269360269360269,0.10884356799504064
BX,log_gk,1,85.0,target_sector_event_weighted,shifted_1_day_text,stale_20d,target_event_keyword,6,86,0.1111111111111111,0.6666666666666666,0.19047619047619047,0.6770833333333333,0.2482476683512059
C,log_gk,1,85.0,target_sector_event_weighted,shifted_1_day_text,stale_20d,target_event_keyword,4,100,0.0,0.0,0.0,0.5677083333333333,0.05480924572276073
ABT,log_gk,1,90.0,target_sector_event_weighted,shifted_1_day_text,stale_20d,target_event_keyword,6,125,0.14285714285714285,0.3333333333333333,0.2,0.6610644257703081,0.17185946396012847
AMD,log_gk,1,90.0,target_sector_event_weighted,shifted_1_day_text,stale_20d,target_event_keyword,6,173,0.07692307692307693,0.5,0.13333333333333333,0.6057884231536926,0.05885500349960959
AMGN,log_gk,1,90.0,target_sector_event_weighted,shifted_1_day_text,stale_20d,target_event_keyword,5,77,0.08333333333333333,0.2,0.11764705882352941,0.4805555555555556,0.08491071428571428
AXP,log_gk,1,90.0,target_sector_event_weighted,shifted_1_day_text,stale_20d,target_event_keyword,4,85,0.2,0.25,0.2222222222222222,0.6728395061728395,0.14782362220250417
BAC,log_gk,1,90.0,target_sector_event_weighted,shifted_1_day_text,stale_20d,target_event_keyword,5,105,0.2,0.4,0.26666666666666666,0.546,0.11577476289177815
BX,log_gk,1,90.0,target_sector_event_weighted,shifted_1_day_text,stale_20d,target_event_keyword,3,86,0.043478260869565216,0.3333333333333333,0.07692307692307693,0.606425702811245,0.12426900584795321
C,log_gk,1,90.0,target_sector_event_weighted,shifted_1_day_text,stale_20d,target_event_keyword,1,100,0.0,0.0,0.0,0.5151515151515151,0.02040816326530612
ABT,log_gk,1,95.0,target_sector_event_weighted,shifted_1_day_text,stale_20d,target_event_keyword,1,125,0.0,0.0,0.0,0.8870967741935484,0.06666666666666667
AMD,log_gk,1,95.0,target_sector_event_weighted,shifted_1_day_text,stale_20d,target_event_keyword,5,173,0.05555555555555555,0.4,0.0975609756097561,0.5809523809523809,0.04914098972922502
AMGN,log_gk,1,95.0,target_sector_event_weighted,shifted_1_day_text,stale_20d,target_event_keyword,2,77,0.07142857142857142,0.5,0.125,0.7933333333333333,0.13448275862068965
AXP,log_gk,1,95.0,target_sector_event_weighted,shifted_1_day_text,stale_20d,target_event_keyword,2,85,0.0,0.0,0.0,0.5662650602409638,0.05
BAC,log_gk,1,95.0,target_sector_event_weighted,shifted_1_day_text,stale_20d,target_event_keyword,2,105,0.16666666666666666,0.5,0.25,0.5825242718446602,0.13676470588235295
BX,log_gk,1,95.0,target_sector_event_weighted,shifted_1_day_text,stale_20d,target_event_keyword,0,86,,,,,
C,log_gk,1,95.0,target_sector_event_weighted,shifted_1_day_text,stale_20d,target_event_keyword,0,100,,,,,
ABT,log_gk,3,80.0,target_sector_event_weighted,shifted_1_day_text,stale_20d,target_event_keyword,15,125,0.25,0.3333333333333333,0.2857142857142857,0.5951515151515151,0.2405641622280934
AMD,log_gk,3,80.0,target_sector_event_weighted,shifted_1_day_text,stale_20d,target_event_keyword,20,173,0.07575757575757576,0.25,0.11627906976744186,0.4130718954248366,0.14399930966811592
AMGN,log_gk,3,80.0,target_sector_event_weighted,shifted_1_day_text,stale_20d,target_event_keyword,9,77,0.0,0.0,0.0,0.357843137254902,0.0951031449636864
AXP,log_gk,3,80.0,target_sector_event_weighted,shifted_1_day_text,stale_20d,target_event_keyword,8,85,0.0,0.0,0.0,0.6217532467532467,0.13269706415090018
BAC,log_gk,3,80.0,target_sector_event_weighted,shifted_1_day_text,stale_20d,target_event_keyword,7,105,0.07692307692307693,0.14285714285714285,0.1,0.6720116618075802,0.16481546834807703
BX,log_gk,3,80.0,target_sector_event_weighted,shifted_1_day_text,stale_20d,target_event_keyword,12,86,0.18181818181818182,0.8333333333333334,0.29850746268656714,0.7173423423423424,0.4877452278373201
C,log_gk,3,80.0,target_sector_event_weighted,shifted_1_day_text,stale_20d,target_event_keyword,8,100,0.1111111111111111,0.125,0.11764705882352941,0.45108695652173914,0.11021832662729156
ABT,log_gk,3,85.0,target_sector_event_weighted,shifted_1_day_text,stale_20d,target_event_keyword,9,125,0.1875,0.3333333333333333,0.24,0.514367816091954,0.12352068237332953
AMD,log_gk,3,85.0,target_sector_event_weighted,shifted_1_day_text,stale_20d,target_event_keyword,14,173,0.09090909090909091,0.35714285714285715,0.14492753623188406,0.5085354896675651,0.1569701741896746
AMGN,log_gk,3,85.0,target_sector_event_weighted,shifted_1_day_text,stale_20d,target_event_keyword,8,77,0.0,0.0,0.0,0.3568840579710145,0.08608577360835233
AXP,log_gk,3,85.0,target_sector_event_weighted,shifted_1_day_text,stale_20d,target_event_keyword,6,85,0.0,0.0,0.0,0.5991561181434599,0.10755005533330655
BAC,log_gk,3,85.0,target_sector_event_weighted,shifted_1_day_text,stale_20d,target_event_keyword,5,105,0.09090909090909091,0.2,0.125,0.62,0.10481637761487575
BX,log_gk,3,85.0,target_sector_event_weighted,shifted_1_day_text,stale_20d,target_event_keyword,9,86,0.14,0.7777777777777778,0.23728813559322035,0.7113997113997115,0.37637599459888615
C,log_gk,3,85.0,target_sector_event_weighted,shifted_1_day_text,stale_20d,target_event_keyword,4,100,0.14285714285714285,0.25,0.18181818181818182,0.5833333333333333,0.12726107226107225
ABT,log_gk,3,90.0,target_sector_event_weighted,shifted_1_day_text,stale_20d,target_event_keyword,4,125,0.08333333333333333,0.25,0.125,0.46487603305785125,0.10836607370220816
AMD,log_gk,3,90.0,target_sector_event_weighted,shifted_1_day_text,stale_20d,target_event_keyword,6,173,0.024390243902439025,0.16666666666666666,0.0425531914893617,0.42015968063872255,0.03713075028807361
AMGN,log_gk,3,90.0,target_sector_event_weighted,shifted_1_day_text,stale_20d,target_event_keyword,1,77,0.0,0.0,0.0,0.5921052631578947,0.03125
AXP,log_gk,3,90.0,target_sector_event_weighted,shifted_1_day_text,stale_20d,target_event_keyword,4,85,0.0,0.0,0.0,0.48456790123456794,0.0709171226630187
BAC,log_gk,3,90.0,target_sector_event_weighted,shifted_1_day_text,stale_20d,target_event_keyword,3,105,0.0,0.0,0.0,0.5751633986928104,0.04501176145011761
BX,log_gk,3,90.0,target_sector_event_weighted,shifted_1_day_text,stale_20d,target_event_keyword,6,86,0.11627906976744186,0.8333333333333334,0.20408163265306123,0.7145833333333333,0.3368237233625273
C,log_gk,3,90.0,target_sector_event_weighted,shifted_1_day_text,stale_20d,target_event_keyword,3,100,0.125,0.3333333333333333,0.18181818181818182,0.5292096219931272,0.1901010101010101
ABT,log_gk,3,95.0,target_sector_event_weighted,shifted_1_day_text,stale_20d,target_event_keyword,1,125,0.1,1.0,0.18181818181818182,0.9596774193548387,0.16666666666666666
AMD,log_gk,3,95.0,target_sector_event_weighted,shifted_1_day_text,stale_20d,target_event_keyword,5,173,0.02857142857142857,0.2,0.05,0.37380952380952387,0.029168214632600963
AMGN,log_gk,3,95.0,target_sector_event_weighted,shifted_1_day_text,stale_20d,target_event_keyword,0,77,,,,,
AXP,log_gk,3,95.0,target_sector_event_weighted,shifted_1_day_text,stale_20d,target_event_keyword,3,85,0.0,0.0,0.0,0.5487804878048781,0.055880230880230884
BAC,log_gk,3,95.0,target_sector_event_weighted,shifted_1_day_text,stale_20d,target_event_keyword,2,105,0.0,0.0,0.0,0.5194174757281553,0.030940009447331128
BX,log_gk,3,95.0,target_sector_event_weighted,shifted_1_day_text,stale_20d,target_event_keyword,2,86,0.041666666666666664,0.5,0.07692307692307693,0.8511904761904762,0.28846153846153844
C,log_gk,3,95.0,target_sector_event_weighted,shifted_1_day_text,stale_20d,target_event_keyword,1,100,0.25,1.0,0.4,0.98989898989899,0.5
ABT,log_abs_return,1,80.0,target_sector_event_weighted,shifted_1_day_text,stale_20d,target_event_keyword,15,125,0.20833333333333334,0.3333333333333333,0.2564102564102564,0.5163636363636364,0.17088077329037565
AMD,log_abs_return,1,80.0,target_sector_event_weighted,shifted_1_day_text,stale_20d,target_event_keyword,23,173,0.11764705882352941,0.34782608695652173,0.17582417582417584,0.48840579710144927,0.1699676361893242
AMGN,log_abs_return,1,80.0,target_sector_event_weighted,shifted_1_day_text,stale_20d,target_event_keyword,19,77,0.2857142857142857,0.21052631578947367,0.24242424242424243,0.5117967332123412,0.2843808258247283
AXP,log_abs_return,1,80.0,target_sector_event_weighted,shifted_1_day_text,stale_20d,target_event_keyword,10,85,0.14285714285714285,0.1,0.11764705882352941,0.7333333333333334,0.2240051157920428
BAC,log_abs_return,1,80.0,target_sector_event_weighted,shifted_1_day_text,stale_20d,target_event_keyword,20,105,0.3125,0.25,0.2777777777777778,0.5458823529411765,0.2580338001173238
BX,log_abs_return,1,80.0,target_sector_event_weighted,shifted_1_day_text,stale_20d,target_event_keyword,15,86,0.18181818181818182,0.5333333333333333,0.2711864406779661,0.5305164319248825,0.28212654829475514
C,log_abs_return,1,80.0,target_sector_event_weighted,shifted_1_day_text,stale_20d,target_event_keyword,10,100,0.5,0.3,0.375,0.5077777777777777,0.3316244489690881
ABT,log_abs_return,1,85.0,target_sector_event_weighted,shifted_1_day_text,stale_20d,target_event_keyword,9,125,0.2,0.4444444444444444,0.27586206896551724,0.5689655172413793,0.14195476655503306
AMD,log_abs_return,1,85.0,target_sector_event_weighted,shifted_1_day_text,stale_20d,target_event_keyword,15,173,0.06896551724137931,0.26666666666666666,0.1095890410958904,0.4122362869198312,0.1412596341476014
AMGN,log_abs_return,1,85.0,target_sector_event_weighted,shifted_1_day_text,stale_20d,target_event_keyword,16,77,0.1875,0.1875,0.1875,0.44159836065573776,0.21062946871722643
AXP,log_abs_return,1,85.0,target_sector_event_weighted,shifted_1_day_text,stale_20d,target_event_keyword,6,85,0.0,0.0,0.0,0.7552742616033755,0.16023791023791026
BAC,log_abs_return,1,85.0,target_sector_event_weighted,shifted_1_day_text,stale_20d,target_event_keyword,12,105,0.16666666666666666,0.16666666666666666,0.16666666666666666,0.5582437275985663,0.18242879201566986
BX,log_abs_return,1,85.0,target_sector_event_weighted,shifted_1_day_text,stale_20d,target_event_keyword,9,86,0.12121212121212122,0.4444444444444444,0.19047619047619047,0.5266955266955267,0.15034942761794268
C,log_abs_return,1,85.0,target_sector_event_weighted,shifted_1_day_text,stale_20d,target_event_keyword,7,100,0.42857142857142855,0.42857142857142855,0.42857142857142855,0.6052227342549923,0.3200381197314691
ABT,log_abs_return,1,90.0,target_sector_event_weighted,shifted_1_day_text,stale_20d,target_event_keyword,6,125,0.125,0.3333333333333333,0.18181818181818182,0.42997198879551823,0.07608376311647153
AMD,log_abs_return,1,90.0,target_sector_event_weighted,shifted_1_day_text,stale_20d,target_event_keyword,12,173,0.05172413793103448,0.25,0.08571428571428572,0.4860248447204969,0.15415796490173597
AMGN,log_abs_return,1,90.0,target_sector_event_weighted,shifted_1_day_text,stale_20d,target_event_keyword,9,77,0.08333333333333333,0.1111111111111111,0.09523809523809523,0.3741830065359477,0.09958489350813446
AXP,log_abs_return,1,90.0,target_sector_event_weighted,shifted_1_day_text,stale_20d,target_event_keyword,6,85,0.0,0.0,0.0,0.729957805907173,0.15747345121522394
BAC,log_abs_return,1,90.0,target_sector_event_weighted,shifted_1_day_text,stale_20d,target_event_keyword,7,105,0.125,0.14285714285714285,0.13333333333333333,0.5291545189504373,0.09513736638174419
BX,log_abs_return,1,90.0,target_sector_event_weighted,shifted_1_day_text,stale_20d,target_event_keyword,5,86,0.1111111111111111,0.6,0.1875,0.6567901234567902,0.18617316341829088
C,log_abs_return,1,90.0,target_sector_event_weighted,shifted_1_day_text,stale_20d,target_event_keyword,5,100,0.5,0.4,0.4444444444444444,0.5642105263157895,0.33354331612162935
ABT,log_abs_return,1,95.0,target_sector_event_weighted,shifted_1_day_text,stale_20d,target_event_keyword,3,125,0.1111111111111111,0.3333333333333333,0.16666666666666666,0.6475409836065573,0.10499796830556685
AMD,log_abs_return,1,95.0,target_sector_event_weighted,shifted_1_day_text,stale_20d,target_event_keyword,7,173,0.019230769230769232,0.14285714285714285,0.03389830508474576,0.44234079173838203,0.04062033912263391
AMGN,log_abs_return,1,95.0,target_sector_event_weighted,shifted_1_day_text,stale_20d,target_event_keyword,2,77,0.0,0.0,0.0,0.5266666666666666,0.07094017094017094
AXP,log_abs_return,1,95.0,target_sector_event_weighted,shifted_1_day_text,stale_20d,target_event_keyword,2,85,0.0,0.0,0.0,0.7710843373493976,0.07177033492822966
BAC,log_abs_return,1,95.0,target_sector_event_weighted,shifted_1_day_text,stale_20d,target_event_keyword,3,105,0.0,0.0,0.0,0.477124183006536,0.03454715219421102
BX,log_abs_return,1,95.0,target_sector_event_weighted,shifted_1_day_text,stale_20d,target_event_keyword,2,86,0.045454545454545456,0.5,0.08333333333333333,0.5535714285714286,0.040584415584415584
C,log_abs_return,1,95.0,target_sector_event_weighted,shifted_1_day_text,stale_20d,target_event_keyword,1,100,0.5,1.0,0.6666666666666666,1.0,1.0
ABT,log_abs_return,3,80.0,target_sector_event_weighted,shifted_1_day_text,stale_20d,target_event_keyword,24,125,0.17857142857142858,0.20833333333333334,0.19230769230769232,0.4401815181518152,0.17388682729680688
AMD,log_abs_return,3,80.0,target_sector_event_weighted,shifted_1_day_text,stale_20d,target_event_keyword,27,173,0.13559322033898305,0.2962962962962963,0.18604651162790697,0.5471841704718416,0.26756557344128395
AMGN,log_abs_return,3,80.0,target_sector_event_weighted,shifted_1_day_text,stale_20d,target_event_keyword,16,77,0.2631578947368421,0.3125,0.2857142857142857,0.5911885245901639,0.2951957957840824
AXP,log_abs_return,3,80.0,target_sector_event_weighted,shifted_1_day_text,stale_20d,target_event_keyword,13,85,0.14285714285714285,0.07692307692307693,0.1,0.6196581196581197,0.20243845768164154
BAC,log_abs_return,3,80.0,target_sector_event_weighted,shifted_1_day_text,stale_20d,target_event_keyword,17,105,0.3,0.17647058823529413,0.2222222222222222,0.5447860962566845,0.2388226705901314
BX,log_abs_return,3,80.0,target_sector_event_weighted,shifted_1_day_text,stale_20d,target_event_keyword,15,86,0.2222222222222222,0.8,0.34782608695652173,0.6863849765258216,0.3086232657159975
C,log_abs_return,3,80.0,target_sector_event_weighted,shifted_1_day_text,stale_20d,target_event_keyword,10,100,0.09090909090909091,0.1,0.09523809523809523,0.5011111111111111,0.14885418486243776
ABT,log_abs_return,3,85.0,target_sector_event_weighted,shifted_1_day_text,stale_20d,target_event_keyword,18,125,0.08,0.1111111111111111,0.09302325581395349,0.3457943925233645,0.11733470041746594
AMD,log_abs_return,3,85.0,target_sector_event_weighted,shifted_1_day_text,stale_20d,target_event_keyword,19,173,0.14492753623188406,0.5263157894736842,0.22727272727272727,0.582365003417635,0.25681073015398975
AMGN,log_abs_return,3,85.0,target_sector_event_weighted,shifted_1_day_text,stale_20d,target_event_keyword,10,77,0.2222222222222222,0.4,0.2857142857142857,0.6358208955223881,0.22240187870423442
AXP,log_abs_return,3,85.0,target_sector_event_weighted,shifted_1_day_text,stale_20d,target_event_keyword,10,85,0.0,0.0,0.0,0.5586666666666666,0.13498959561595483
BAC,log_abs_return,3,85.0,target_sector_event_weighted,shifted_1_day_text,stale_20d,target_event_keyword,15,105,0.25,0.2,0.2222222222222222,0.46296296296296297,0.1924450436329763
BX,log_abs_return,3,85.0,target_sector_event_weighted,shifted_1_day_text,stale_20d,target_event_keyword,7,86,0.10638297872340426,0.7142857142857143,0.18518518518518517,0.6726943942133816,0.13471867313972577
C,log_abs_return,3,85.0,target_sector_event_weighted,shifted_1_day_text,stale_20d,target_event_keyword,6,100,0.1111111111111111,0.16666666666666666,0.13333333333333333,0.45921985815602834,0.13438949172644826
ABT,log_abs_return,3,90.0,target_sector_event_weighted,shifted_1_day_text,stale_20d,target_event_keyword,10,125,0.12,0.3,0.17142857142857143,0.4469565217391304,0.09110078570071006
AMD,log_abs_return,3,90.0,target_sector_event_weighted,shifted_1_day_text,stale_20d,target_event_keyword,12,173,0.09090909090909091,0.5,0.15384615384615385,0.6247412008281573,0.20367903941748078
AMGN,log_abs_return,3,90.0,target_sector_event_weighted,shifted_1_day_text,stale_20d,target_event_keyword,8,77,0.14285714285714285,0.25,0.18181818181818182,0.5507246376811594,0.15555491163480628
AXP,log_abs_return,3,90.0,target_sector_event_weighted,shifted_1_day_text,stale_20d,target_event_keyword,3,85,0.0,0.0,0.0,0.573170731707317,0.07975222609368951
BAC,log_abs_return,3,90.0,target_sector_event_weighted,shifted_1_day_text,stale_20d,target_event_keyword,8,105,0.0,0.0,0.0,0.3595360824742268,0.06274091560443662
BX,log_abs_return,3,90.0,target_sector_event_weighted,shifted_1_day_text,stale_20d,target_event_keyword,5,86,0.07317073170731707,0.6,0.13043478260869565,0.5925925925925926,0.08501058647068835
C,log_abs_return,3,90.0,target_sector_event_weighted,shifted_1_day_text,stale_20d,target_event_keyword,3,100,0.0,0.0,0.0,0.24054982817869414,0.025445373184734887
ABT,log_abs_return,3,95.0,target_sector_event_weighted,shifted_1_day_text,stale_20d,target_event_keyword,4,125,0.0,0.0,0.0,0.2747933884297521,0.026502964426877468
AMD,log_abs_return,3,95.0,target_sector_event_weighted,shifted_1_day_text,stale_20d,target_event_keyword,8,173,0.07547169811320754,0.5,0.13114754098360656,0.6545454545454545,0.18874568867198638
AMGN,log_abs_return,3,95.0,target_sector_event_weighted,shifted_1_day_text,stale_20d,target_event_keyword,2,77,0.0,0.0,0.0,0.5933333333333333,0.04583333333333334
AXP,log_abs_return,3,95.0,target_sector_event_weighted,shifted_1_day_text,stale_20d,target_event_keyword,2,85,0.2,0.5,0.2857142857142857,0.6987951807228916,0.14540816326530612
BAC,log_abs_return,3,95.0,target_sector_event_weighted,shifted_1_day_text,stale_20d,target_event_keyword,3,105,0.0,0.0,0.0,0.5359477124183006,0.0387719298245614
BX,log_abs_return,3,95.0,target_sector_event_weighted,shifted_1_day_text,stale_20d,target_event_keyword,2,86,0.030303030303030304,0.5,0.05714285714285714,0.5119047619047619,0.044117647058823525
C,log_abs_return,3,95.0,target_sector_event_weighted,shifted_1_day_text,stale_20d,target_event_keyword,1,100,0.0,0.0,0.0,0.505050505050505,0.02
ABT,log_gk,1,80.0,target_sector_event_weighted,same_day_text,correct_text,target_event_keyword,14,125,0.2631578947368421,0.35714285714285715,0.30303030303030304,0.7136422136422136,0.453345134835638
AMD,log_gk,1,80.0,target_sector_event_weighted,same_day_text,correct_text,target_event_keyword,17,173,0.109375,0.4117647058823529,0.1728395061728395,0.5064102564102564,0.11703938126752597
AMGN,log_gk,1,80.0,target_sector_event_weighted,same_day_text,correct_text,target_event_keyword,13,77,0.3,0.23076923076923078,0.2608695652173913,0.5408653846153846,0.2710082852274506
AXP,log_gk,1,80.0,target_sector_event_weighted,same_day_text,correct_text,target_event_keyword,10,85,0.36363636363636365,0.4,0.38095238095238093,0.7120000000000001,0.3701534097132104
BAC,log_gk,1,80.0,target_sector_event_weighted,same_day_text,correct_text,target_event_keyword,9,105,0.11764705882352941,0.2222222222222222,0.15384615384615385,0.6030092592592593,0.12315636951133851
BX,log_gk,1,80.0,target_sector_event_weighted,same_day_text,correct_text,target_event_keyword,10,86,0.15217391304347827,0.7,0.25,0.6921052631578947,0.3037904601993585
C,log_gk,1,80.0,target_sector_event_weighted,same_day_text,correct_text,target_event_keyword,9,100,0.45454545454545453,0.5555555555555556,0.5,0.8131868131868132,0.30750681417348086
ABT,log_gk,1,85.0,target_sector_event_weighted,same_day_text,correct_text,target_event_keyword,10,125,0.3076923076923077,0.4,0.34782608695652173,0.7191304347826086,0.5015087269269676
AMD,log_gk,1,85.0,target_sector_event_weighted,same_day_text,correct_text,target_event_keyword,13,173,0.1016949152542373,0.46153846153846156,0.16666666666666666,0.5692307692307692,0.11797084802221934
AMGN,log_gk,1,85.0,target_sector_event_weighted,same_day_text,correct_text,target_event_keyword,11,77,0.375,0.2727272727272727,0.3157894736842105,0.5688705234159779,0.2689877922375248
AXP,log_gk,1,85.0,target_sector_event_weighted,same_day_text,correct_text,target_event_keyword,7,85,0.1111111111111111,0.14285714285714285,0.125,0.7344322344322345,0.17916020438016916
BAC,log_gk,1,85.0,target_sector_event_weighted,same_day_text,correct_text,target_event_keyword,6,105,0.125,0.3333333333333333,0.18181818181818182,0.6077441077441077,0.10443472670327539
BX,log_gk,1,85.0,target_sector_event_weighted,same_day_text,correct_text,target_event_keyword,6,86,0.13157894736842105,0.8333333333333334,0.22727272727272727,0.7291666666666667,0.3018409465777887
C,log_gk,1,85.0,target_sector_event_weighted,same_day_text,correct_text,target_event_keyword,4,100,0.0,0.0,0.0,0.6276041666666666,0.06323629121111958
ABT,log_gk,1,90.0,target_sector_event_weighted,same_day_text,correct_text,target_event_keyword,6,125,0.18181818181818182,0.3333333333333333,0.23529411764705882,0.5686274509803921,0.1671389560390366
AMD,log_gk,1,90.0,target_sector_event_weighted,same_day_text,correct_text,target_event_keyword,6,173,0.06521739130434782,0.5,0.11538461538461539,0.6067864271457086,0.07851355992088258
AMGN,log_gk,1,90.0,target_sector_event_weighted,same_day_text,correct_text,target_event_keyword,5,77,0.2,0.2,0.2,0.5944444444444444,0.16980285161063194
AXP,log_gk,1,90.0,target_sector_event_weighted,same_day_text,correct_text,target_event_keyword,4,85,0.14285714285714285,0.25,0.18181818181818182,0.691358024691358,0.20636792452830188
BAC,log_gk,1,90.0,target_sector_event_weighted,same_day_text,correct_text,target_event_keyword,5,105,0.15384615384615385,0.4,0.2222222222222222,0.632,0.11159645926715112
BX,log_gk,1,90.0,target_sector_event_weighted,same_day_text,correct_text,target_event_keyword,3,86,0.05555555555555555,0.3333333333333333,0.09523809523809523,0.5622489959839357,0.08609168609168609
C,log_gk,1,90.0,target_sector_event_weighted,same_day_text,correct_text,target_event_keyword,1,100,0.0,0.0,0.0,0.6363636363636364,0.02702702702702703
ABT,log_gk,1,95.0,target_sector_event_weighted,same_day_text,correct_text,target_event_keyword,1,125,0.1,1.0,0.18181818181818182,0.9435483870967742,0.125
AMD,log_gk,1,95.0,target_sector_event_weighted,same_day_text,correct_text,target_event_keyword,5,173,0.05263157894736842,0.4,0.09302325581395349,0.5011904761904763,0.04187078235291835
AMGN,log_gk,1,95.0,target_sector_event_weighted,same_day_text,correct_text,target_event_keyword,2,77,0.16666666666666666,0.5,0.25,0.7466666666666666,0.525
AXP,log_gk,1,95.0,target_sector_event_weighted,same_day_text,correct_text,target_event_keyword,2,85,0.0,0.0,0.0,0.5963855421686747,0.04827968923418424
BAC,log_gk,1,95.0,target_sector_event_weighted,same_day_text,correct_text,target_event_keyword,2,105,0.1,0.5,0.16666666666666666,0.6990291262135923,0.0734126984126984
BX,log_gk,1,95.0,target_sector_event_weighted,same_day_text,correct_text,target_event_keyword,0,86,,,,,
C,log_gk,1,95.0,target_sector_event_weighted,same_day_text,correct_text,target_event_keyword,0,100,,,,,
ABT,log_gk,3,80.0,target_sector_event_weighted,same_day_text,correct_text,target_event_keyword,15,125,0.2857142857142857,0.26666666666666666,0.27586206896551724,0.527878787878788,0.2167089098765538
AMD,log_gk,3,80.0,target_sector_event_weighted,same_day_text,correct_text,target_event_keyword,20,173,0.12,0.3,0.17142857142857143,0.49607843137254903,0.15347532220785853
AMGN,log_gk,3,80.0,target_sector_event_weighted,same_day_text,correct_text,target_event_keyword,9,77,0.0,0.0,0.0,0.30392156862745096,0.08812104821849727
AXP,log_gk,3,80.0,target_sector_event_weighted,same_day_text,correct_text,target_event_keyword,8,85,0.1,0.125,0.1111111111111111,0.586038961038961,0.1255958973612482
BAC,log_gk,3,80.0,target_sector_event_weighted,same_day_text,correct_text,target_event_keyword,7,105,0.1111111111111111,0.2857142857142857,0.16,0.705539358600583,0.1766467990705054
BX,log_gk,3,80.0,target_sector_event_weighted,same_day_text,correct_text,target_event_keyword,12,86,0.20512820512820512,0.6666666666666666,0.3137254901960784,0.7150900900900901,0.4687253022113516
C,log_gk,3,80.0,target_sector_event_weighted,same_day_text,correct_text,target_event_keyword,8,100,0.05555555555555555,0.125,0.07692307692307693,0.6046195652173914,0.1573930960887075
ABT,log_gk,3,85.0,target_sector_event_weighted,same_day_text,correct_text,target_event_keyword,9,125,0.2,0.3333333333333333,0.25,0.4559386973180077,0.1024990792088425
AMD,log_gk,3,85.0,target_sector_event_weighted,same_day_text,correct_text,target_event_keyword,14,173,0.09615384615384616,0.35714285714285715,0.15151515151515152,0.5300988319856245,0.14830835778529988
AMGN,log_gk,3,85.0,target_sector_event_weighted,same_day_text,correct_text,target_event_keyword,8,77,0.0,0.0,0.0,0.3079710144927536,0.08005610754377201
AXP,log_gk,3,85.0,target_sector_event_weighted,same_day_text,correct_text,target_event_keyword,6,85,0.09090909090909091,0.16666666666666666,0.11764705882352941,0.6012658227848101,0.11025132275132275
BAC,log_gk,3,85.0,target_sector_event_weighted,same_day_text,correct_text,target_event_keyword,5,105,0.09090909090909091,0.4,0.14814814814814814,0.772,0.18845578231292517
BX,log_gk,3,85.0,target_sector_event_weighted,same_day_text,correct_text,target_event_keyword,9,86,0.2,0.6666666666666666,0.3076923076923077,0.6897546897546897,0.35800415736380475
C,log_gk,3,85.0,target_sector_event_weighted,same_day_text,correct_text,target_event_keyword,4,100,0.08333333333333333,0.25,0.125,0.8177083333333334,0.21085858585858586
ABT,log_gk,3,90.0,target_sector_event_weighted,same_day_text,correct_text,target_event_keyword,4,125,0.09090909090909091,0.25,0.13333333333333333,0.45867768595041325,0.05377238502238502
AMD,log_gk,3,90.0,target_sector_event_weighted,same_day_text,correct_text,target_event_keyword,6,173,0.03636363636363636,0.3333333333333333,0.06557377049180328,0.4780439121756487,0.04283551995973889
AMGN,log_gk,3,90.0,target_sector_event_weighted,same_day_text,correct_text,target_event_keyword,1,77,0.0,0.0,0.0,0.4078947368421053,0.021739130434782608
AXP,log_gk,3,90.0,target_sector_event_weighted,same_day_text,correct_text,target_event_keyword,4,85,0.125,0.25,0.16666666666666666,0.5771604938271605,0.10326947149236305
BAC,log_gk,3,90.0,target_sector_event_weighted,same_day_text,correct_text,target_event_keyword,3,105,0.037037037037037035,0.3333333333333333,0.06666666666666667,0.673202614379085,0.07545890696704213
BX,log_gk,3,90.0,target_sector_event_weighted,same_day_text,correct_text,target_event_keyword,6,86,0.14285714285714285,0.3333333333333333,0.2,0.675,0.1877208648041981
C,log_gk,3,90.0,target_sector_event_weighted,same_day_text,correct_text,target_event_keyword,3,100,0.1111111111111111,0.3333333333333333,0.16666666666666666,0.8213058419243986,0.22777777777777777
ABT,log_gk,3,95.0,target_sector_event_weighted,same_day_text,correct_text,target_event_keyword,1,125,0.0,0.0,0.0,0.9193548387096774,0.09090909090909091
AMD,log_gk,3,95.0,target_sector_event_weighted,same_day_text,correct_text,target_event_keyword,5,173,0.022222222222222223,0.2,0.04,0.4119047619047619,0.028433715735657283
AMGN,log_gk,3,95.0,target_sector_event_weighted,same_day_text,correct_text,target_event_keyword,0,77,,,,,
AXP,log_gk,3,95.0,target_sector_event_weighted,same_day_text,correct_text,target_event_keyword,3,85,0.0,0.0,0.0,0.6869918699186992,0.10220125786163523
BAC,log_gk,3,95.0,target_sector_event_weighted,same_day_text,correct_text,target_event_keyword,2,105,0.0,0.0,0.0,0.558252427184466,0.03101503759398496
BX,log_gk,3,95.0,target_sector_event_weighted,same_day_text,correct_text,target_event_keyword,2,86,0.07692307692307693,0.5,0.13333333333333333,0.6011904761904763,0.0873015873015873
C,log_gk,3,95.0,target_sector_event_weighted,same_day_text,correct_text,target_event_keyword,1,100,0.25,1.0,0.4,1.0,1.0
ABT,log_abs_return,1,80.0,target_sector_event_weighted,same_day_text,correct_text,target_event_keyword,15,125,0.14285714285714285,0.26666666666666666,0.18604651162790697,0.49272727272727274,0.1872985647649195
AMD,log_abs_return,1,80.0,target_sector_event_weighted,same_day_text,correct_text,target_event_keyword,23,173,0.16666666666666666,0.4782608695652174,0.24719101123595505,0.5652173913043479,0.1777759387045967
AMGN,log_abs_return,1,80.0,target_sector_event_weighted,same_day_text,correct_text,target_event_keyword,19,77,0.2,0.21052631578947367,0.20512820512820512,0.515426497277677,0.27819033481080635
AXP,log_abs_return,1,80.0,target_sector_event_weighted,same_day_text,correct_text,target_event_keyword,10,85,0.18181818181818182,0.2,0.19047619047619047,0.7586666666666667,0.22201127160213485
BAC,log_abs_return,1,80.0,target_sector_event_weighted,same_day_text,correct_text,target_event_keyword,20,105,0.22727272727272727,0.25,0.23809523809523808,0.53,0.28271263584446926
BX,log_abs_return,1,80.0,target_sector_event_weighted,same_day_text,correct_text,target_event_keyword,15,86,0.2222222222222222,0.6666666666666666,0.3333333333333333,0.6901408450704225,0.3673220194012862
C,log_abs_return,1,80.0,target_sector_event_weighted,same_day_text,correct_text,target_event_keyword,10,100,0.26666666666666666,0.4,0.32,0.56,0.2968049121457662
ABT,log_abs_return,1,85.0,target_sector_event_weighted,same_day_text,correct_text,target_event_keyword,9,125,0.08571428571428572,0.3333333333333333,0.13636363636363635,0.4616858237547892,0.10981550064990958
AMD,log_abs_return,1,85.0,target_sector_event_weighted,same_day_text,correct_text,target_event_keyword,15,173,0.06896551724137931,0.26666666666666666,0.1095890410958904,0.5451476793248945,0.22038879186295973
AMGN,log_abs_return,1,85.0,target_sector_event_weighted,same_day_text,correct_text,target_event_keyword,16,77,0.2,0.1875,0.1935483870967742,0.46311475409836067,0.25707626661860017
AXP,log_abs_return,1,85.0,target_sector_event_weighted,same_day_text,correct_text,target_event_keyword,6,85,0.1111111111111111,0.16666666666666666,0.13333333333333333,0.7911392405063291,0.17388997168408935
BAC,log_abs_return,1,85.0,target_sector_event_weighted,same_day_text,correct_text,target_event_keyword,12,105,0.15384615384615385,0.16666666666666666,0.16,0.5519713261648747,0.16040932724756257
BX,log_abs_return,1,85.0,target_sector_event_weighted,same_day_text,correct_text,target_event_keyword,9,86,0.1282051282051282,0.5555555555555556,0.20833333333333334,0.5339105339105339,0.1311509512700698
C,log_abs_return,1,85.0,target_sector_event_weighted,same_day_text,correct_text,target_event_keyword,7,100,0.2727272727272727,0.42857142857142855,0.3333333333333333,0.6574500768049155,0.29102861424289994
ABT,log_abs_return,1,90.0,target_sector_event_weighted,same_day_text,correct_text,target_event_keyword,6,125,0.04,0.16666666666666666,0.06451612903225806,0.3249299719887955,0.08787163024369642
AMD,log_abs_return,1,90.0,target_sector_event_weighted,same_day_text,correct_text,target_event_keyword,12,173,0.07272727272727272,0.3333333333333333,0.11940298507462686,0.5439958592132506,0.23164273131251684
AMGN,log_abs_return,1,90.0,target_sector_event_weighted,same_day_text,correct_text,target_event_keyword,9,77,0.1111111111111111,0.2222222222222222,0.14814814814814814,0.4395424836601307,0.11712916169127638
AXP,log_abs_return,1,90.0,target_sector_event_weighted,same_day_text,correct_text,target_event_keyword,6,85,0.0,0.0,0.0,0.7953586497890295,0.17020430549842314
BAC,log_abs_return,1,90.0,target_sector_event_weighted,same_day_text,correct_text,target_event_keyword,7,105,0.07692307692307693,0.14285714285714285,0.1,0.5553935860058309,0.08373309602368391
BX,log_abs_return,1,90.0,target_sector_event_weighted,same_day_text,correct_text,target_event_keyword,5,86,0.06666666666666667,0.6,0.12,0.5654320987654321,0.1187641676586483
C,log_abs_return,1,90.0,target_sector_event_weighted,same_day_text,correct_text,target_event_keyword,5,100,0.15384615384615385,0.4,0.2222222222222222,0.6610526315789473,0.2237395022140785
ABT,log_abs_return,1,95.0,target_sector_event_weighted,same_day_text,correct_text,target_event_keyword,3,125,0.07142857142857142,0.3333333333333333,0.11764705882352941,0.7650273224043715,0.09270315091210612
AMD,log_abs_return,1,95.0,target_sector_event_weighted,same_day_text,correct_text,target_event_keyword,7,173,0.041666666666666664,0.2857142857142857,0.07272727272727272,0.4690189328743546,0.04200454929602117
AMGN,log_abs_return,1,95.0,target_sector_event_weighted,same_day_text,correct_text,target_event_keyword,2,77,0.0,0.0,0.0,0.5533333333333333,0.07194899817850638
AXP,log_abs_return,1,95.0,target_sector_event_weighted,same_day_text,correct_text,target_event_keyword,2,85,0.0,0.0,0.0,0.7289156626506024,0.07631578947368421
BAC,log_abs_return,1,95.0,target_sector_event_weighted,same_day_text,correct_text,target_event_keyword,3,105,0.0,0.0,0.0,0.6732026143790849,0.055088702147525676
BX,log_abs_return,1,95.0,target_sector_event_weighted,same_day_text,correct_text,target_event_keyword,2,86,0.020833333333333332,0.5,0.04,0.39880952380952384,0.028021349599695006
C,log_abs_return,1,95.0,target_sector_event_weighted,same_day_text,correct_text,target_event_keyword,1,100,0.1,1.0,0.18181818181818182,0.9797979797979798,0.3333333333333333
ABT,log_abs_return,3,80.0,target_sector_event_weighted,same_day_text,correct_text,target_event_keyword,24,125,0.14814814814814814,0.16666666666666666,0.1568627450980392,0.3861386138613861,0.17121067143551455
AMD,log_abs_return,3,80.0,target_sector_event_weighted,same_day_text,correct_text,target_event_keyword,27,173,0.1625,0.48148148148148145,0.24299065420560748,0.5611364789446981,0.2811220520182911
AMGN,log_abs_return,3,80.0,target_sector_event_weighted,same_day_text,correct_text,target_event_keyword,16,77,0.22857142857142856,0.5,0.3137254901960784,0.5850409836065573,0.2577730859939839
AXP,log_abs_return,3,80.0,target_sector_event_weighted,same_day_text,correct_text,target_event_keyword,13,85,0.13333333333333333,0.15384615384615385,0.14285714285714285,0.5170940170940171,0.1778546112925279
BAC,log_abs_return,3,80.0,target_sector_event_weighted,same_day_text,correct_text,target_event_keyword,17,105,0.21428571428571427,0.35294117647058826,0.26666666666666666,0.5467914438502673,0.25708776684693047
BX,log_abs_return,3,80.0,target_sector_event_weighted,same_day_text,correct_text,target_event_keyword,15,86,0.22727272727272727,1.0,0.37037037037037035,0.6892018779342723,0.31060359155926537
C,log_abs_return,3,80.0,target_sector_event_weighted,same_day_text,correct_text,target_event_keyword,10,100,0.16666666666666666,0.3,0.21428571428571427,0.5255555555555556,0.14060145150945114
ABT,log_abs_return,3,85.0,target_sector_event_weighted,same_day_text,correct_text,target_event_keyword,18,125,0.047619047619047616,0.05555555555555555,0.05128205128205128,0.3078920041536864,0.12050112683232234
AMD,log_abs_return,3,85.0,target_sector_event_weighted,same_day_text,correct_text,target_event_keyword,19,173,0.13636363636363635,0.631578947368421,0.22429906542056074,0.5922761449077238,0.27618637031716065
AMGN,log_abs_return,3,85.0,target_sector_event_weighted,same_day_text,correct_text,target_event_keyword,10,77,0.15151515151515152,0.5,0.23255813953488372,0.5925373134328358,0.17179301347913276
AXP,log_abs_return,3,85.0,target_sector_event_weighted,same_day_text,correct_text,target_event_keyword,10,85,0.0,0.0,0.0,0.5720000000000001,0.14519669400337104
BAC,log_abs_return,3,85.0,target_sector_event_weighted,same_day_text,correct_text,target_event_keyword,15,105,0.14285714285714285,0.2,0.16666666666666666,0.49111111111111105,0.1712706725035305
BX,log_abs_return,3,85.0,target_sector_event_weighted,same_day_text,correct_text,target_event_keyword,7,86,0.09090909090909091,0.7142857142857143,0.16129032258064516,0.6274864376130198,0.14534613845538216
C,log_abs_return,3,85.0,target_sector_event_weighted,same_day_text,correct_text,target_event_keyword,6,100,0.14285714285714285,0.5,0.2222222222222222,0.6187943262411347,0.15817464109389576
ABT,log_abs_return,3,90.0,target_sector_event_weighted,same_day_text,correct_text,target_event_keyword,10,125,0.08333333333333333,0.2,0.11764705882352941,0.37999999999999995,0.17030463400442797
AMD,log_abs_return,3,90.0,target_sector_event_weighted,same_day_text,correct_text,target_event_keyword,12,173,0.10465116279069768,0.75,0.1836734693877551,0.6909937888198758,0.21425589285824115
AMGN,log_abs_return,3,90.0,target_sector_event_weighted,same_day_text,correct_text,target_event_keyword,8,77,0.16129032258064516,0.625,0.2564102564102564,0.6068840579710144,0.13916568485861963
AXP,log_abs_return,3,90.0,target_sector_event_weighted,same_day_text,correct_text,target_event_keyword,3,85,0.0,0.0,0.0,0.6747967479674797,0.0696078431372549
BAC,log_abs_return,3,90.0,target_sector_event_weighted,same_day_text,correct_text,target_event_keyword,8,105,0.0,0.0,0.0,0.33634020618556704,0.06096550603514787
BX,log_abs_return,3,90.0,target_sector_event_weighted,same_day_text,correct_text,target_event_keyword,5,86,0.07692307692307693,0.8,0.14035087719298245,0.5654320987654321,0.07881446065080998
C,log_abs_return,3,90.0,target_sector_event_weighted,same_day_text,correct_text,target_event_keyword,3,100,0.0,0.0,0.0,0.4329896907216495,0.041716686674669864
ABT,log_abs_return,3,95.0,target_sector_event_weighted,same_day_text,correct_text,target_event_keyword,4,125,0.0,0.0,0.0,0.25413223140495866,0.025536141490088857
AMD,log_abs_return,3,95.0,target_sector_event_weighted,same_day_text,correct_text,target_event_keyword,8,173,0.09615384615384616,0.625,0.16666666666666666,0.7636363636363637,0.22322869617316804
AMGN,log_abs_return,3,95.0,target_sector_event_weighted,same_day_text,correct_text,target_event_keyword,2,77,0.029411764705882353,0.5,0.05555555555555555,0.5866666666666667,0.055322128851540614
AXP,log_abs_return,3,95.0,target_sector_event_weighted,same_day_text,correct_text,target_event_keyword,2,85,0.0,0.0,0.0,0.7409638554216866,0.06696428571428571
BAC,log_abs_return,3,95.0,target_sector_event_weighted,same_day_text,correct_text,target_event_keyword,3,105,0.0,0.0,0.0,0.40522875816993464,0.03449473893190391
BX,log_abs_return,3,95.0,target_sector_event_weighted,same_day_text,correct_text,target_event_keyword,2,86,0.0,0.0,0.0,0.42857142857142855,0.029449152542372882
C,log_abs_return,3,95.0,target_sector_event_weighted,same_day_text,correct_text,target_event_keyword,1,100,0.0,0.0,0.0,0.5858585858585859,0.023809523809523808
ABT,log_gk,1,80.0,target_sector_event_weighted,same_day_text,shuffled_within_ticker,target_event_keyword,14,125,0.2631578947368421,0.35714285714285715,0.30303030303030304,0.7052767052767054,0.4209593090351721
AMD,log_gk,1,80.0,target_sector_event_weighted,same_day_text,shuffled_within_ticker,target_event_keyword,17,173,0.09433962264150944,0.29411764705882354,0.14285714285714285,0.505656108597285,0.12066680303981411
AMGN,log_gk,1,80.0,target_sector_event_weighted,same_day_text,shuffled_within_ticker,target_event_keyword,13,77,0.23076923076923078,0.23076923076923078,0.23076923076923078,0.5673076923076923,0.2723000357612521
AXP,log_gk,1,80.0,target_sector_event_weighted,same_day_text,shuffled_within_ticker,target_event_keyword,10,85,0.3333333333333333,0.3,0.3157894736842105,0.728,0.3434936252771619
BAC,log_gk,1,80.0,target_sector_event_weighted,same_day_text,shuffled_within_ticker,target_event_keyword,9,105,0.13333333333333333,0.2222222222222222,0.16666666666666666,0.6273148148148148,0.13327707949642553
BX,log_gk,1,80.0,target_sector_event_weighted,same_day_text,shuffled_within_ticker,target_event_keyword,10,86,0.12,0.6,0.2,0.6986842105263158,0.43183489099986017
C,log_gk,1,80.0,target_sector_event_weighted,same_day_text,shuffled_within_ticker,target_event_keyword,9,100,0.42857142857142855,0.3333333333333333,0.375,0.7912087912087913,0.3236717931826628
ABT,log_gk,1,85.0,target_sector_event_weighted,same_day_text,shuffled_within_ticker,target_event_keyword,10,125,0.26666666666666666,0.4,0.32,0.7139130434782609,0.4611976403824666
AMD,log_gk,1,85.0,target_sector_event_weighted,same_day_text,shuffled_within_ticker,target_event_keyword,13,173,0.08888888888888889,0.3076923076923077,0.13793103448275862,0.5865384615384616,0.10425248035947896
AMGN,log_gk,1,85.0,target_sector_event_weighted,same_day_text,shuffled_within_ticker,target_event_keyword,11,77,0.2857142857142857,0.36363636363636365,0.32,0.6694214876033058,0.3099293366070541
AXP,log_gk,1,85.0,target_sector_event_weighted,same_day_text,shuffled_within_ticker,target_event_keyword,7,85,0.125,0.14285714285714285,0.13333333333333333,0.6758241758241759,0.1429810885393118
BAC,log_gk,1,85.0,target_sector_event_weighted,same_day_text,shuffled_within_ticker,target_event_keyword,6,105,0.125,0.3333333333333333,0.18181818181818182,0.6026936026936027,0.11453402817401517
BX,log_gk,1,85.0,target_sector_event_weighted,same_day_text,shuffled_within_ticker,target_event_keyword,6,86,0.0975609756097561,0.6666666666666666,0.1702127659574468,0.6916666666666667,0.35412361733616704
C,log_gk,1,85.0,target_sector_event_weighted,same_day_text,shuffled_within_ticker,target_event_keyword,4,100,0.0,0.0,0.0,0.5625,0.05969214593114241
ABT,log_gk,1,90.0,target_sector_event_weighted,same_day_text,shuffled_within_ticker,target_event_keyword,6,125,0.14285714285714285,0.3333333333333333,0.2,0.5798319327731092,0.19796178388576985
AMD,log_gk,1,90.0,target_sector_event_weighted,same_day_text,shuffled_within_ticker,target_event_keyword,6,173,0.07894736842105263,0.5,0.13636363636363635,0.6307385229540918,0.07983213276935894
AMGN,log_gk,1,90.0,target_sector_event_weighted,same_day_text,shuffled_within_ticker,target_event_keyword,5,77,0.1111111111111111,0.2,0.14285714285714285,0.6194444444444445,0.14677726926010676
AXP,log_gk,1,90.0,target_sector_event_weighted,same_day_text,shuffled_within_ticker,target_event_keyword,4,85,0.16666666666666666,0.25,0.2,0.6604938271604939,0.11747685185185183
BAC,log_gk,1,90.0,target_sector_event_weighted,same_day_text,shuffled_within_ticker,target_event_keyword,5,105,0.07692307692307693,0.2,0.1111111111111111,0.66,0.14548735226043252
BX,log_gk,1,90.0,target_sector_event_weighted,same_day_text,shuffled_within_ticker,target_event_keyword,3,86,0.06451612903225806,0.6666666666666666,0.11764705882352941,0.6305220883534136,0.09659565580618212
C,log_gk,1,90.0,target_sector_event_weighted,same_day_text,shuffled_within_ticker,target_event_keyword,1,100,0.0,0.0,0.0,0.5353535353535354,0.02127659574468085
ABT,log_gk,1,95.0,target_sector_event_weighted,same_day_text,shuffled_within_ticker,target_event_keyword,1,125,0.0,0.0,0.0,0.935483870967742,0.1111111111111111
AMD,log_gk,1,95.0,target_sector_event_weighted,same_day_text,shuffled_within_ticker,target_event_keyword,5,173,0.06666666666666667,0.4,0.11428571428571428,0.6309523809523809,0.05438818101700797
AMGN,log_gk,1,95.0,target_sector_event_weighted,same_day_text,shuffled_within_ticker,target_event_keyword,2,77,0.14285714285714285,0.5,0.2222222222222222,0.7,0.5212765957446809
AXP,log_gk,1,95.0,target_sector_event_weighted,same_day_text,shuffled_within_ticker,target_event_keyword,2,85,0.0,0.0,0.0,0.6867469879518073,0.06492248062015504
BAC,log_gk,1,95.0,target_sector_event_weighted,same_day_text,shuffled_within_ticker,target_event_keyword,2,105,0.2,0.5,0.2857142857142857,0.8058252427184466,0.15064102564102563
BX,log_gk,1,95.0,target_sector_event_weighted,same_day_text,shuffled_within_ticker,target_event_keyword,0,86,,,,,
C,log_gk,1,95.0,target_sector_event_weighted,same_day_text,shuffled_within_ticker,target_event_keyword,0,100,,,,,
ABT,log_gk,3,80.0,target_sector_event_weighted,same_day_text,shuffled_within_ticker,target_event_keyword,15,125,0.29411764705882354,0.3333333333333333,0.3125,0.5333333333333333,0.26681958486511337
AMD,log_gk,3,80.0,target_sector_event_weighted,same_day_text,shuffled_within_ticker,target_event_keyword,20,173,0.11428571428571428,0.4,0.17777777777777778,0.48725490196078436,0.11490396385019151
AMGN,log_gk,3,80.0,target_sector_event_weighted,same_day_text,shuffled_within_ticker,target_event_keyword,9,77,0.0,0.0,0.0,0.2794117647058823,0.08553800391549082
AXP,log_gk,3,80.0,target_sector_event_weighted,same_day_text,shuffled_within_ticker,target_event_keyword,8,85,0.0,0.0,0.0,0.5827922077922078,0.11761310079371252
BAC,log_gk,3,80.0,target_sector_event_weighted,same_day_text,shuffled_within_ticker,target_event_keyword,7,105,0.16666666666666666,0.42857142857142855,0.24,0.6457725947521866,0.14237064809353966
BX,log_gk,3,80.0,target_sector_event_weighted,same_day_text,shuffled_within_ticker,target_event_keyword,12,86,0.19230769230769232,0.8333333333333334,0.3125,0.7105855855855856,0.4444612234631005
C,log_gk,3,80.0,target_sector_event_weighted,same_day_text,shuffled_within_ticker,target_event_keyword,8,100,0.08333333333333333,0.125,0.1,0.4796195652173913,0.09904143137468908
ABT,log_gk,3,85.0,target_sector_event_weighted,same_day_text,shuffled_within_ticker,target_event_keyword,9,125,0.2727272727272727,0.3333333333333333,0.3,0.49042145593869735,0.1379002047217245
AMD,log_gk,3,85.0,target_sector_event_weighted,same_day_text,shuffled_within_ticker,target_event_keyword,14,173,0.08064516129032258,0.35714285714285715,0.13157894736842105,0.4559748427672956,0.07749302938785814
AMGN,log_gk,3,85.0,target_sector_event_weighted,same_day_text,shuffled_within_ticker,target_event_keyword,8,77,0.0,0.0,0.0,0.2898550724637681,0.07836412040274923
AXP,log_gk,3,85.0,target_sector_event_weighted,same_day_text,shuffled_within_ticker,target_event_keyword,6,85,0.0,0.0,0.0,0.5822784810126582,0.09353703841293629
BAC,log_gk,3,85.0,target_sector_event_weighted,same_day_text,shuffled_within_ticker,target_event_keyword,5,105,0.16666666666666666,0.4,0.23529411764705882,0.66,0.1055693235266584
BX,log_gk,3,85.0,target_sector_event_weighted,same_day_text,shuffled_within_ticker,target_event_keyword,9,86,0.1320754716981132,0.7777777777777778,0.22580645161290322,0.6839826839826841,0.3424196426162184
C,log_gk,3,85.0,target_sector_event_weighted,same_day_text,shuffled_within_ticker,target_event_keyword,4,100,0.1,0.25,0.14285714285714285,0.5703125,0.07568467568467568
ABT,log_gk,3,90.0,target_sector_event_weighted,same_day_text,shuffled_within_ticker,target_event_keyword,4,125,0.0,0.0,0.0,0.37396694214876036,0.04696238296807557
AMD,log_gk,3,90.0,target_sector_event_weighted,same_day_text,shuffled_within_ticker,target_event_keyword,6,173,0.020833333333333332,0.16666666666666666,0.037037037037037035,0.4341317365269461,0.037993721790001295
AMGN,log_gk,3,90.0,target_sector_event_weighted,same_day_text,shuffled_within_ticker,target_event_keyword,1,77,0.0,0.0,0.0,0.35526315789473684,0.02
AXP,log_gk,3,90.0,target_sector_event_weighted,same_day_text,shuffled_within_ticker,target_event_keyword,4,85,0.0,0.0,0.0,0.5246913580246914,0.06014874369254165
BAC,log_gk,3,90.0,target_sector_event_weighted,same_day_text,shuffled_within_ticker,target_event_keyword,3,105,0.08333333333333333,0.3333333333333333,0.13333333333333333,0.6732026143790849,0.07914792603698151
BX,log_gk,3,90.0,target_sector_event_weighted,same_day_text,shuffled_within_ticker,target_event_keyword,6,86,0.10256410256410256,0.6666666666666666,0.17777777777777778,0.6291666666666667,0.3400106837606838
C,log_gk,3,90.0,target_sector_event_weighted,same_day_text,shuffled_within_ticker,target_event_keyword,3,100,0.125,0.3333333333333333,0.18181818181818182,0.7079037800687286,0.1235632183908046
ABT,log_gk,3,95.0,target_sector_event_weighted,same_day_text,shuffled_within_ticker,target_event_keyword,1,125,0.0,0.0,0.0,0.9032258064516129,0.07692307692307693
AMD,log_gk,3,95.0,target_sector_event_weighted,same_day_text,shuffled_within_ticker,target_event_keyword,5,173,0.0,0.0,0.0,0.4011904761904762,0.027842003675337006
AMGN,log_gk,3,95.0,target_sector_event_weighted,same_day_text,shuffled_within_ticker,target_event_keyword,0,77,,,,,
AXP,log_gk,3,95.0,target_sector_event_weighted,same_day_text,shuffled_within_ticker,target_event_keyword,3,85,0.0,0.0,0.0,0.5975609756097561,0.05636792452830189
BAC,log_gk,3,95.0,target_sector_event_weighted,same_day_text,shuffled_within_ticker,target_event_keyword,2,105,0.0,0.0,0.0,0.6262135922330097,0.05637254901960784
BX,log_gk,3,95.0,target_sector_event_weighted,same_day_text,shuffled_within_ticker,target_event_keyword,2,86,0.041666666666666664,0.5,0.07692307692307693,0.7857142857142856,0.27702702702702703
C,log_gk,3,95.0,target_sector_event_weighted,same_day_text,shuffled_within_ticker,target_event_keyword,1,100,0.0,0.0,0.0,0.9595959595959596,0.2
ABT,log_abs_return,1,80.0,target_sector_event_weighted,same_day_text,shuffled_within_ticker,target_event_keyword,15,125,0.09523809523809523,0.13333333333333333,0.1111111111111111,0.4139393939393939,0.11390306930537697
AMD,log_abs_return,1,80.0,target_sector_event_weighted,same_day_text,shuffled_within_ticker,target_event_keyword,23,173,0.15873015873015872,0.43478260869565216,0.23255813953488372,0.518840579710145,0.14242407425329157
AMGN,log_abs_return,1,80.0,target_sector_event_weighted,same_day_text,shuffled_within_ticker,target_event_keyword,19,77,0.3157894736842105,0.3157894736842105,0.3157894736842105,0.5272232304900182,0.28883771682092874
AXP,log_abs_return,1,80.0,target_sector_event_weighted,same_day_text,shuffled_within_ticker,target_event_keyword,10,85,0.1111111111111111,0.1,0.10526315789473684,0.7879999999999999,0.26541487594274366
BAC,log_abs_return,1,80.0,target_sector_event_weighted,same_day_text,shuffled_within_ticker,target_event_keyword,20,105,0.2,0.25,0.2222222222222222,0.5405882352941176,0.268724149253118
BX,log_abs_return,1,80.0,target_sector_event_weighted,same_day_text,shuffled_within_ticker,target_event_keyword,15,86,0.22413793103448276,0.8666666666666667,0.3561643835616438,0.6713615023474179,0.3687289402590769
C,log_abs_return,1,80.0,target_sector_event_weighted,same_day_text,shuffled_within_ticker,target_event_keyword,10,100,0.4444444444444444,0.4,0.42105263157894735,0.5611111111111111,0.3566379043095641
ABT,log_abs_return,1,85.0,target_sector_event_weighted,same_day_text,shuffled_within_ticker,target_event_keyword,9,125,0.09523809523809523,0.2222222222222222,0.13333333333333333,0.3955938697318007,0.07099608310099137
AMD,log_abs_return,1,85.0,target_sector_event_weighted,same_day_text,shuffled_within_ticker,target_event_keyword,15,173,0.07407407407407407,0.26666666666666666,0.11594202898550725,0.4181434599156118,0.08367431943273182
AMGN,log_abs_return,1,85.0,target_sector_event_weighted,same_day_text,shuffled_within_ticker,target_event_keyword,16,77,0.23529411764705882,0.25,0.24242424242424243,0.4805327868852459,0.2208303507781248
AXP,log_abs_return,1,85.0,target_sector_event_weighted,same_day_text,shuffled_within_ticker,target_event_keyword,6,85,0.125,0.16666666666666666,0.14285714285714285,0.8206751054852321,0.20833333333333334
BAC,log_abs_return,1,85.0,target_sector_event_weighted,same_day_text,shuffled_within_ticker,target_event_keyword,12,105,0.2222222222222222,0.3333333333333333,0.26666666666666666,0.5340501792114696,0.1947644431652391
BX,log_abs_return,1,85.0,target_sector_event_weighted,same_day_text,shuffled_within_ticker,target_event_keyword,9,86,0.10638297872340426,0.5555555555555556,0.17857142857142858,0.5512265512265513,0.15249962878711354
C,log_abs_return,1,85.0,target_sector_event_weighted,same_day_text,shuffled_within_ticker,target_event_keyword,7,100,0.4,0.5714285714285714,0.47058823529411764,0.7188940092165899,0.4684536693465265
ABT,log_abs_return,1,90.0,target_sector_event_weighted,same_day_text,shuffled_within_ticker,target_event_keyword,6,125,0.05263157894736842,0.16666666666666666,0.08,0.3627450980392157,0.049083436693823576
AMD,log_abs_return,1,90.0,target_sector_event_weighted,same_day_text,shuffled_within_ticker,target_event_keyword,12,173,0.05172413793103448,0.25,0.08571428571428572,0.4156314699792961,0.063951665045345
AMGN,log_abs_return,1,90.0,target_sector_event_weighted,same_day_text,shuffled_within_ticker,target_event_keyword,9,77,0.125,0.2222222222222222,0.16,0.4362745098039216,0.12018444487555555
AXP,log_abs_return,1,90.0,target_sector_event_weighted,same_day_text,shuffled_within_ticker,target_event_keyword,6,85,0.0,0.0,0.0,0.8227848101265823,0.19675120201435992
BAC,log_abs_return,1,90.0,target_sector_event_weighted,same_day_text,shuffled_within_ticker,target_event_keyword,7,105,0.06666666666666667,0.14285714285714285,0.09090909090909091,0.521865889212828,0.13449675201932154
BX,log_abs_return,1,90.0,target_sector_event_weighted,same_day_text,shuffled_within_ticker,target_event_keyword,5,86,0.08333333333333333,0.6,0.14634146341463414,0.5679012345679012,0.1619047619047619
C,log_abs_return,1,90.0,target_sector_event_weighted,same_day_text,shuffled_within_ticker,target_event_keyword,5,100,0.2857142857142857,0.4,0.3333333333333333,0.6863157894736842,0.33743525480367587
ABT,log_abs_return,1,95.0,target_sector_event_weighted,same_day_text,shuffled_within_ticker,target_event_keyword,3,125,0.09090909090909091,0.3333333333333333,0.14285714285714285,0.644808743169399,0.12727061015370283
AMD,log_abs_return,1,95.0,target_sector_event_weighted,same_day_text,shuffled_within_ticker,target_event_keyword,7,173,0.0,0.0,0.0,0.3287435456110155,0.03223565166900873
AMGN,log_abs_return,1,95.0,target_sector_event_weighted,same_day_text,shuffled_within_ticker,target_event_keyword,2,77,0.0,0.0,0.0,0.5266666666666666,0.04849137931034483
AXP,log_abs_return,1,95.0,target_sector_event_weighted,same_day_text,shuffled_within_ticker,target_event_keyword,2,85,0.0,0.0,0.0,0.7530120481927711,0.06631578947368422
BAC,log_abs_return,1,95.0,target_sector_event_weighted,same_day_text,shuffled_within_ticker,target_event_keyword,3,105,0.0,0.0,0.0,0.5555555555555556,0.04429920116194626
BX,log_abs_return,1,95.0,target_sector_event_weighted,same_day_text,shuffled_within_ticker,target_event_keyword,2,86,0.03125,0.5,0.058823529411764705,0.5357142857142857,0.03612903225806452
C,log_abs_return,1,95.0,target_sector_event_weighted,same_day_text,shuffled_within_ticker,target_event_keyword,1,100,0.3333333333333333,1.0,0.5,1.0,1.0
ABT,log_abs_return,3,80.0,target_sector_event_weighted,same_day_text,shuffled_within_ticker,target_event_keyword,24,125,0.12,0.125,0.12244897959183673,0.5066006600660067,0.1927527311971275
AMD,log_abs_return,3,80.0,target_sector_event_weighted,same_day_text,shuffled_within_ticker,target_event_keyword,27,173,0.1643835616438356,0.4444444444444444,0.24,0.5248604769152714,0.22894647027972004
AMGN,log_abs_return,3,80.0,target_sector_event_weighted,same_day_text,shuffled_within_ticker,target_event_keyword,16,77,0.26666666666666666,0.25,0.25806451612903225,0.5942622950819673,0.30223117883634043
AXP,log_abs_return,3,80.0,target_sector_event_weighted,same_day_text,shuffled_within_ticker,target_event_keyword,13,85,0.2,0.15384615384615385,0.17391304347826086,0.6324786324786326,0.2355349801557232
BAC,log_abs_return,3,80.0,target_sector_event_weighted,same_day_text,shuffled_within_ticker,target_event_keyword,17,105,0.23529411764705882,0.23529411764705882,0.23529411764705882,0.5427807486631016,0.20183277328491867
BX,log_abs_return,3,80.0,target_sector_event_weighted,same_day_text,shuffled_within_ticker,target_event_keyword,15,86,0.25,0.9333333333333333,0.39436619718309857,0.7136150234741784,0.29447303322049767
C,log_abs_return,3,80.0,target_sector_event_weighted,same_day_text,shuffled_within_ticker,target_event_keyword,10,100,0.0,0.0,0.0,0.4922222222222223,0.10763870396730588
ABT,log_abs_return,3,85.0,target_sector_event_weighted,same_day_text,shuffled_within_ticker,target_event_keyword,18,125,0.07142857142857142,0.1111111111111111,0.08695652173913043,0.39667705088265837,0.12482275327922916
AMD,log_abs_return,3,85.0,target_sector_event_weighted,same_day_text,shuffled_within_ticker,target_event_keyword,19,173,0.10666666666666667,0.42105263157894735,0.1702127659574468,0.5215311004784688,0.1798909458740211
AMGN,log_abs_return,3,85.0,target_sector_event_weighted,same_day_text,shuffled_within_ticker,target_event_keyword,10,77,0.17647058823529413,0.3,0.2222222222222222,0.608955223880597,0.17546214578335323
AXP,log_abs_return,3,85.0,target_sector_event_weighted,same_day_text,shuffled_within_ticker,target_event_keyword,10,85,0.1,0.1,0.1,0.6106666666666667,0.16480557841213578
BAC,log_abs_return,3,85.0,target_sector_event_weighted,same_day_text,shuffled_within_ticker,target_event_keyword,15,105,0.11764705882352941,0.13333333333333333,0.125,0.44666666666666666,0.14548034498597043
BX,log_abs_return,3,85.0,target_sector_event_weighted,same_day_text,shuffled_within_ticker,target_event_keyword,7,86,0.11538461538461539,0.8571428571428571,0.2033898305084746,0.6925858951175407,0.1530716833932632
C,log_abs_return,3,85.0,target_sector_event_weighted,same_day_text,shuffled_within_ticker,target_event_keyword,6,100,0.08333333333333333,0.16666666666666666,0.1111111111111111,0.4858156028368794,0.07822352079695583
ABT,log_abs_return,3,90.0,target_sector_event_weighted,same_day_text,shuffled_within_ticker,target_event_keyword,10,125,0.037037037037037035,0.1,0.05405405405405406,0.4052173913043478,0.07328100801135902
AMD,log_abs_return,3,90.0,target_sector_event_weighted,same_day_text,shuffled_within_ticker,target_event_keyword,12,173,0.08064516129032258,0.4166666666666667,0.13513513513513514,0.5667701863354038,0.09696981411522099
AMGN,log_abs_return,3,90.0,target_sector_event_weighted,same_day_text,shuffled_within_ticker,target_event_keyword,8,77,0.23076923076923078,0.375,0.2857142857142857,0.6340579710144927,0.22709049311359317
AXP,log_abs_return,3,90.0,target_sector_event_weighted,same_day_text,shuffled_within_ticker,target_event_keyword,3,85,0.0,0.0,0.0,0.6300813008130082,0.059532059532059534
BAC,log_abs_return,3,90.0,target_sector_event_weighted,same_day_text,shuffled_within_ticker,target_event_keyword,8,105,0.0,0.0,0.0,0.4162371134020618,0.06805811452933663
BX,log_abs_return,3,90.0,target_sector_event_weighted,same_day_text,shuffled_within_ticker,target_event_keyword,5,86,0.09259259259259259,1.0,0.1694915254237288,0.6246913580246913,0.10341221595020986
C,log_abs_return,3,90.0,target_sector_event_weighted,same_day_text,shuffled_within_ticker,target_event_keyword,3,100,0.0,0.0,0.0,0.18556701030927836,0.024073792894017614
ABT,log_abs_return,3,95.0,target_sector_event_weighted,same_day_text,shuffled_within_ticker,target_event_keyword,4,125,0.0,0.0,0.0,0.30165289256198347,0.02777330354986718
AMD,log_abs_return,3,95.0,target_sector_event_weighted,same_day_text,shuffled_within_ticker,target_event_keyword,8,173,0.075,0.375,0.125,0.5462121212121211,0.06205477333737629
AMGN,log_abs_return,3,95.0,target_sector_event_weighted,same_day_text,shuffled_within_ticker,target_event_keyword,2,77,0.0,0.0,0.0,0.41333333333333333,0.03644501278772379
AXP,log_abs_return,3,95.0,target_sector_event_weighted,same_day_text,shuffled_within_ticker,target_event_keyword,2,85,0.0,0.0,0.0,0.6325301204819278,0.04706533776301218
BAC,log_abs_return,3,95.0,target_sector_event_weighted,same_day_text,shuffled_within_ticker,target_event_keyword,3,105,0.0,0.0,0.0,0.32352941176470584,0.0272967772967773
BX,log_abs_return,3,95.0,target_sector_event_weighted,same_day_text,shuffled_within_ticker,target_event_keyword,2,86,0.0,0.0,0.0,0.48809523809523814,0.032744282744282746
C,log_abs_return,3,95.0,target_sector_event_weighted,same_day_text,shuffled_within_ticker,target_event_keyword,1,100,0.0,0.0,0.0,0.4444444444444444,0.017857142857142856
ABT,log_gk,1,80.0,target_sector_event_weighted,same_day_text,cross_ticker_same_day,target_event_keyword,14,125,0.5714285714285714,0.2857142857142857,0.38095238095238093,0.7207207207207207,0.4428093032836683
AMD,log_gk,1,80.0,target_sector_event_weighted,same_day_text,cross_ticker_same_day,target_event_keyword,17,173,0.09722222222222222,0.8235294117647058,0.17391304347826086,0.5373303167420814,0.16741765676608794
AMGN,log_gk,1,80.0,target_sector_event_weighted,same_day_text,cross_ticker_same_day,target_event_keyword,13,77,0.2857142857142857,0.15384615384615385,0.2,0.5552884615384616,0.2507697537166383
AXP,log_gk,1,80.0,target_sector_event_weighted,same_day_text,cross_ticker_same_day,target_event_keyword,10,85,0.23529411764705882,0.4,0.2962962962962963,0.7053333333333333,0.3331366685102304
BAC,log_gk,1,80.0,target_sector_event_weighted,same_day_text,cross_ticker_same_day,target_event_keyword,9,105,0.14285714285714285,0.2222222222222222,0.17391304347826086,0.6076388888888888,0.147748146814831
BX,log_gk,1,80.0,target_sector_event_weighted,same_day_text,cross_ticker_same_day,target_event_keyword,10,86,0.11538461538461539,0.6,0.1935483870967742,0.6671052631578946,0.3804484962625242
C,log_gk,1,80.0,target_sector_event_weighted,same_day_text,cross_ticker_same_day,target_event_keyword,9,100,0.14285714285714285,0.2222222222222222,0.17391304347826086,0.7692307692307692,0.2400888681494633
ABT,log_gk,1,85.0,target_sector_event_weighted,same_day_text,cross_ticker_same_day,target_event_keyword,10,125,0.75,0.3,0.42857142857142855,0.7130434782608697,0.4630124225554175
AMD,log_gk,1,85.0,target_sector_event_weighted,same_day_text,cross_ticker_same_day,target_event_keyword,13,173,0.07746478873239436,0.8461538461538461,0.14193548387096774,0.6028846153846155,0.12520063872982418
AMGN,log_gk,1,85.0,target_sector_event_weighted,same_day_text,cross_ticker_same_day,target_event_keyword,11,77,0.25,0.09090909090909091,0.13333333333333333,0.6625344352617081,0.3052235320767499
AXP,log_gk,1,85.0,target_sector_event_weighted,same_day_text,cross_ticker_same_day,target_event_keyword,7,85,0.07142857142857142,0.14285714285714285,0.09523809523809523,0.6831501831501832,0.13788730248357578
BAC,log_gk,1,85.0,target_sector_event_weighted,same_day_text,cross_ticker_same_day,target_event_keyword,6,105,0.13333333333333333,0.3333333333333333,0.19047619047619047,0.5707070707070707,0.1300556242927995
BX,log_gk,1,85.0,target_sector_event_weighted,same_day_text,cross_ticker_same_day,target_event_keyword,6,86,0.08333333333333333,0.6666666666666666,0.14814814814814814,0.6708333333333334,0.39484673792174674
C,log_gk,1,85.0,target_sector_event_weighted,same_day_text,cross_ticker_same_day,target_event_keyword,4,100,0.0,0.0,0.0,0.5078125,0.04779324100219623
ABT,log_gk,1,90.0,target_sector_event_weighted,same_day_text,cross_ticker_same_day,target_event_keyword,6,125,0.3333333333333333,0.16666666666666666,0.2222222222222222,0.5854341736694677,0.11953812364996574
AMD,log_gk,1,90.0,target_sector_event_weighted,same_day_text,cross_ticker_same_day,target_event_keyword,6,173,0.043478260869565216,0.8333333333333334,0.08264462809917356,0.6457085828343313,0.08687806417164215
AMGN,log_gk,1,90.0,target_sector_event_weighted,same_day_text,cross_ticker_same_day,target_event_keyword,5,77,0.0,0.0,0.0,0.575,0.10364113765219815
AXP,log_gk,1,90.0,target_sector_event_weighted,same_day_text,cross_ticker_same_day,target_event_keyword,4,85,0.16666666666666666,0.5,0.25,0.6975308641975309,0.11329642579642579
BAC,log_gk,1,90.0,target_sector_event_weighted,same_day_text,cross_ticker_same_day,target_event_keyword,5,105,0.08333333333333333,0.2,0.11764705882352941,0.5900000000000001,0.1052246214941673
BX,log_gk,1,90.0,target_sector_event_weighted,same_day_text,cross_ticker_same_day,target_event_keyword,3,86,0.027777777777777776,0.3333333333333333,0.05128205128205128,0.5421686746987951,0.084992784992785
C,log_gk,1,90.0,target_sector_event_weighted,same_day_text,cross_ticker_same_day,target_event_keyword,1,100,0.0,0.0,0.0,0.4747474747474747,0.018867924528301886
ABT,log_gk,1,95.0,target_sector_event_weighted,same_day_text,cross_ticker_same_day,target_event_keyword,1,125,0.0,0.0,0.0,0.935483870967742,0.1111111111111111
AMD,log_gk,1,95.0,target_sector_event_weighted,same_day_text,cross_ticker_same_day,target_event_keyword,5,173,0.031914893617021274,0.6,0.06060606060606061,0.5654761904761905,0.0680667207512845
AMGN,log_gk,1,95.0,target_sector_event_weighted,same_day_text,cross_ticker_same_day,target_event_keyword,2,77,0.0,0.0,0.0,0.7200000000000001,0.07857142857142857
AXP,log_gk,1,95.0,target_sector_event_weighted,same_day_text,cross_ticker_same_day,target_event_keyword,2,85,0.0,0.0,0.0,0.5,0.045535714285714284
BAC,log_gk,1,95.0,target_sector_event_weighted,same_day_text,cross_ticker_same_day,target_event_keyword,2,105,0.1,0.5,0.16666666666666666,0.6310679611650485,0.0644927536231884
BX,log_gk,1,95.0,target_sector_event_weighted,same_day_text,cross_ticker_same_day,target_event_keyword,0,86,,,,,
C,log_gk,1,95.0,target_sector_event_weighted,same_day_text,cross_ticker_same_day,target_event_keyword,0,100,,,,,
ABT,log_gk,3,80.0,target_sector_event_weighted,same_day_text,cross_ticker_same_day,target_event_keyword,15,125,0.5,0.2,0.2857142857142857,0.6103030303030303,0.25714908201714987
AMD,log_gk,3,80.0,target_sector_event_weighted,same_day_text,cross_ticker_same_day,target_event_keyword,20,173,0.11949685534591195,0.95,0.2122905027932961,0.46601307189542485,0.10449817286492996
AMGN,log_gk,3,80.0,target_sector_event_weighted,same_day_text,cross_ticker_same_day,target_event_keyword,9,77,0.0,0.0,0.0,0.2875816993464052,0.08619956335626495
AXP,log_gk,3,80.0,target_sector_event_weighted,same_day_text,cross_ticker_same_day,target_event_keyword,8,85,0.0,0.0,0.0,0.6087662337662338,0.13213790079013127
BAC,log_gk,3,80.0,target_sector_event_weighted,same_day_text,cross_ticker_same_day,target_event_keyword,7,105,0.14285714285714285,0.42857142857142855,0.21428571428571427,0.6924198250728864,0.14882263223913023
BX,log_gk,3,80.0,target_sector_event_weighted,same_day_text,cross_ticker_same_day,target_event_keyword,12,86,0.16981132075471697,0.75,0.27692307692307694,0.7229729729729729,0.5216181061568634
C,log_gk,3,80.0,target_sector_event_weighted,same_day_text,cross_ticker_same_day,target_event_keyword,8,100,0.13333333333333333,0.25,0.17391304347826086,0.578804347826087,0.15647594009977403
ABT,log_gk,3,85.0,target_sector_event_weighted,same_day_text,cross_ticker_same_day,target_event_keyword,9,125,0.25,0.1111111111111111,0.15384615384615385,0.6264367816091954,0.16611034605846453
AMD,log_gk,3,85.0,target_sector_event_weighted,same_day_text,cross_ticker_same_day,target_event_keyword,14,173,0.08441558441558442,0.9285714285714286,0.15476190476190477,0.5080862533692723,0.084306287728248
AMGN,log_gk,3,85.0,target_sector_event_weighted,same_day_text,cross_ticker_same_day,target_event_keyword,8,77,0.0,0.0,0.0,0.3369565217391305,0.08633973317151508
AXP,log_gk,3,85.0,target_sector_event_weighted,same_day_text,cross_ticker_same_day,target_event_keyword,6,85,0.0,0.0,0.0,0.5759493670886076,0.09934523720781485
BAC,log_gk,3,85.0,target_sector_event_weighted,same_day_text,cross_ticker_same_day,target_event_keyword,5,105,0.058823529411764705,0.2,0.09090909090909091,0.656,0.0874031339031339
BX,log_gk,3,85.0,target_sector_event_weighted,same_day_text,cross_ticker_same_day,target_event_keyword,9,86,0.15217391304347827,0.7777777777777778,0.2545454545454545,0.735930735930736,0.3163414602366379
C,log_gk,3,85.0,target_sector_event_weighted,same_day_text,cross_ticker_same_day,target_event_keyword,4,100,0.0625,0.25,0.1,0.6666666666666667,0.10006548073774965
ABT,log_gk,3,90.0,target_sector_event_weighted,same_day_text,cross_ticker_same_day,target_event_keyword,4,125,0.25,0.25,0.25,0.5144628099173554,0.11078743039901354
AMD,log_gk,3,90.0,target_sector_event_weighted,same_day_text,cross_ticker_same_day,target_event_keyword,6,173,0.03787878787878788,0.8333333333333334,0.07246376811594203,0.4121756487025948,0.032700746137967786
AMGN,log_gk,3,90.0,target_sector_event_weighted,same_day_text,cross_ticker_same_day,target_event_keyword,1,77,0.0,0.0,0.0,0.39473684210526316,0.02127659574468085
AXP,log_gk,3,90.0,target_sector_event_weighted,same_day_text,cross_ticker_same_day,target_event_keyword,4,85,0.1111111111111111,0.25,0.15384615384615385,0.5925925925925927,0.10049019607843138
BAC,log_gk,3,90.0,target_sector_event_weighted,same_day_text,cross_ticker_same_day,target_event_keyword,3,105,0.0,0.0,0.0,0.5620915032679739,0.041303650036683785
BX,log_gk,3,90.0,target_sector_event_weighted,same_day_text,cross_ticker_same_day,target_event_keyword,6,86,0.11904761904761904,0.8333333333333334,0.20833333333333334,0.69375,0.15848484848484848
C,log_gk,3,90.0,target_sector_event_weighted,same_day_text,cross_ticker_same_day,target_event_keyword,3,100,0.08333333333333333,0.3333333333333333,0.13333333333333333,0.6151202749140893,0.1168869024485037
ABT,log_gk,3,95.0,target_sector_event_weighted,same_day_text,cross_ticker_same_day,target_event_keyword,1,125,0.5,1.0,0.6666666666666666,0.9919354838709677,0.5
AMD,log_gk,3,95.0,target_sector_event_weighted,same_day_text,cross_ticker_same_day,target_event_keyword,5,173,0.02247191011235955,0.4,0.0425531914893617,0.37023809523809526,0.026989689141570773
AMGN,log_gk,3,95.0,target_sector_event_weighted,same_day_text,cross_ticker_same_day,target_event_keyword,0,77,,,,,
AXP,log_gk,3,95.0,target_sector_event_weighted,same_day_text,cross_ticker_same_day,target_event_keyword,3,85,0.0,0.0,0.0,0.7195121951219512,0.0962485790071997
BAC,log_gk,3,95.0,target_sector_event_weighted,same_day_text,cross_ticker_same_day,target_event_keyword,2,105,0.0,0.0,0.0,0.5194174757281553,0.02865497076023392
BX,log_gk,3,95.0,target_sector_event_weighted,same_day_text,cross_ticker_same_day,target_event_keyword,2,86,0.05,0.5,0.09090909090909091,0.7797619047619048,0.1527777777777778
C,log_gk,3,95.0,target_sector_event_weighted,same_day_text,cross_ticker_same_day,target_event_keyword,1,100,0.14285714285714285,1.0,0.25,0.9595959595959596,0.2
ABT,log_abs_return,1,80.0,target_sector_event_weighted,same_day_text,cross_ticker_same_day,target_event_keyword,15,125,0.2857142857142857,0.13333333333333333,0.18181818181818182,0.4915151515151515,0.15568421507252383
AMD,log_abs_return,1,80.0,target_sector_event_weighted,same_day_text,cross_ticker_same_day,target_event_keyword,23,173,0.14285714285714285,0.9565217391304348,0.24858757062146894,0.5417391304347826,0.18474521510256645
AMGN,log_abs_return,1,80.0,target_sector_event_weighted,same_day_text,cross_ticker_same_day,target_event_keyword,19,77,0.25,0.10526315789473684,0.14814814814814814,0.44918330308529947,0.2450525571043074
AXP,log_abs_return,1,80.0,target_sector_event_weighted,same_day_text,cross_ticker_same_day,target_event_keyword,10,85,0.2,0.3,0.24,0.748,0.22650794453352852
BAC,log_abs_return,1,80.0,target_sector_event_weighted,same_day_text,cross_ticker_same_day,target_event_keyword,20,105,0.18181818181818182,0.2,0.19047619047619047,0.511764705882353,0.2315781029640926
BX,log_abs_return,1,80.0,target_sector_event_weighted,same_day_text,cross_ticker_same_day,target_event_keyword,15,86,0.19230769230769232,0.6666666666666666,0.29850746268656714,0.6272300469483568,0.30715127340747994
C,log_abs_return,1,80.0,target_sector_event_weighted,same_day_text,cross_ticker_same_day,target_event_keyword,10,100,0.11764705882352941,0.2,0.14814814814814814,0.5522222222222222,0.2983868149028557
ABT,log_abs_return,1,85.0,target_sector_event_weighted,same_day_text,cross_ticker_same_day,target_event_keyword,9,125,0.0,0.0,0.0,0.46264367816091945,0.09402725322907396
AMD,log_abs_return,1,85.0,target_sector_event_weighted,same_day_text,cross_ticker_same_day,target_event_keyword,15,173,0.0948905109489051,0.8666666666666667,0.17105263157894737,0.5675105485232067,0.14819274515427844
AMGN,log_abs_return,1,85.0,target_sector_event_weighted,same_day_text,cross_ticker_same_day,target_event_keyword,16,77,0.2,0.0625,0.09523809523809523,0.4047131147540983,0.20626023470868285
AXP,log_abs_return,1,85.0,target_sector_event_weighted,same_day_text,cross_ticker_same_day,target_event_keyword,6,85,0.14285714285714285,0.3333333333333333,0.2,0.7742616033755274,0.15663850038850038
BAC,log_abs_return,1,85.0,target_sector_event_weighted,same_day_text,cross_ticker_same_day,target_event_keyword,12,105,0.125,0.16666666666666666,0.14285714285714285,0.4874551971326165,0.16376340730034797
BX,log_abs_return,1,85.0,target_sector_event_weighted,same_day_text,cross_ticker_same_day,target_event_keyword,9,86,0.125,0.5555555555555556,0.20408163265306123,0.49350649350649345,0.11869463173787642
C,log_abs_return,1,85.0,target_sector_event_weighted,same_day_text,cross_ticker_same_day,target_event_keyword,7,100,0.1875,0.42857142857142855,0.2608695652173913,0.6374807987711213,0.3659832728864235
ABT,log_abs_return,1,90.0,target_sector_event_weighted,same_day_text,cross_ticker_same_day,target_event_keyword,6,125,0.0,0.0,0.0,0.4117647058823529,0.07182898165529823
AMD,log_abs_return,1,90.0,target_sector_event_weighted,same_day_text,cross_ticker_same_day,target_event_keyword,12,173,0.08461538461538462,0.9166666666666666,0.15492957746478872,0.6283643892339544,0.1544821079333931
AMGN,log_abs_return,1,90.0,target_sector_event_weighted,same_day_text,cross_ticker_same_day,target_event_keyword,9,77,0.0,0.0,0.0,0.30065359477124187,0.08940343195193433
AXP,log_abs_return,1,90.0,target_sector_event_weighted,same_day_text,cross_ticker_same_day,target_event_keyword,6,85,0.09090909090909091,0.16666666666666666,0.11764705882352941,0.7573839662447257,0.14451565137839648
BAC,log_abs_return,1,90.0,target_sector_event_weighted,same_day_text,cross_ticker_same_day,target_event_keyword,7,105,0.0625,0.14285714285714285,0.08695652173913043,0.4387755102040816,0.1035033838240485
BX,log_abs_return,1,90.0,target_sector_event_weighted,same_day_text,cross_ticker_same_day,target_event_keyword,5,86,0.05405405405405406,0.4,0.09523809523809523,0.5901234567901235,0.11132603739170088
C,log_abs_return,1,90.0,target_sector_event_weighted,same_day_text,cross_ticker_same_day,target_event_keyword,5,100,0.1111111111111111,0.2,0.14285714285714285,0.6189473684210527,0.25695977532483694
ABT,log_abs_return,1,95.0,target_sector_event_weighted,same_day_text,cross_ticker_same_day,target_event_keyword,3,125,0.0,0.0,0.0,0.7595628415300546,0.12761904761904763
AMD,log_abs_return,1,95.0,target_sector_event_weighted,same_day_text,cross_ticker_same_day,target_event_keyword,7,173,0.06451612903225806,0.8571428571428571,0.12,0.6359724612736661,0.058433114654579274
AMGN,log_abs_return,1,95.0,target_sector_event_weighted,same_day_text,cross_ticker_same_day,target_event_keyword,2,77,0.0,0.0,0.0,0.4066666666666666,0.03167641325536062
AXP,log_abs_return,1,95.0,target_sector_event_weighted,same_day_text,cross_ticker_same_day,target_event_keyword,2,85,0.0,0.0,0.0,0.6626506024096385,0.0494047619047619
BAC,log_abs_return,1,95.0,target_sector_event_weighted,same_day_text,cross_ticker_same_day,target_event_keyword,3,105,0.0,0.0,0.0,0.6405228758169934,0.05343915343915344
BX,log_abs_return,1,95.0,target_sector_event_weighted,same_day_text,cross_ticker_same_day,target_event_keyword,2,86,0.0,0.0,0.0,0.4464285714285714,0.030555555555555555
C,log_abs_return,1,95.0,target_sector_event_weighted,same_day_text,cross_ticker_same_day,target_event_keyword,1,100,0.1111111111111111,1.0,0.2,0.98989898989899,0.5
ABT,log_abs_return,3,80.0,target_sector_event_weighted,same_day_text,cross_ticker_same_day,target_event_keyword,24,125,0.2222222222222222,0.08333333333333333,0.12121212121212122,0.485973597359736,0.20669568588835371
AMD,log_abs_return,3,80.0,target_sector_event_weighted,same_day_text,cross_ticker_same_day,target_event_keyword,27,173,0.1625,0.9629629629629629,0.27807486631016043,0.5682394723490614,0.21986206704382935
AMGN,log_abs_return,3,80.0,target_sector_event_weighted,same_day_text,cross_ticker_same_day,target_event_keyword,16,77,0.2857142857142857,0.125,0.17391304347826086,0.5614754098360656,0.29353763904598634
AXP,log_abs_return,3,80.0,target_sector_event_weighted,same_day_text,cross_ticker_same_day,target_event_keyword,13,85,0.21428571428571427,0.23076923076923078,0.2222222222222222,0.6442307692307692,0.23753046242237638
BAC,log_abs_return,3,80.0,target_sector_event_weighted,same_day_text,cross_ticker_same_day,target_event_keyword,17,105,0.13043478260869565,0.17647058823529413,0.15,0.5040106951871657,0.20861246086089003
BX,log_abs_return,3,80.0,target_sector_event_weighted,same_day_text,cross_ticker_same_day,target_event_keyword,15,86,0.22033898305084745,0.8666666666666667,0.35135135135135137,0.6835680751173709,0.28780268332560355
C,log_abs_return,3,80.0,target_sector_event_weighted,same_day_text,cross_ticker_same_day,target_event_keyword,10,100,0.05263157894736842,0.1,0.06896551724137931,0.5311111111111111,0.13162495010899267
ABT,log_abs_return,3,85.0,target_sector_event_weighted,same_day_text,cross_ticker_same_day,target_event_keyword,18,125,0.3333333333333333,0.1111111111111111,0.16666666666666666,0.41381100726895126,0.187290073439914
AMD,log_abs_return,3,85.0,target_sector_event_weighted,same_day_text,cross_ticker_same_day,target_event_keyword,19,173,0.11612903225806452,0.9473684210526315,0.20689655172413793,0.67053998632946,0.2532702414284427
AMGN,log_abs_return,3,85.0,target_sector_event_weighted,same_day_text,cross_ticker_same_day,target_event_keyword,10,77,0.14285714285714285,0.1,0.11764705882352941,0.5865671641791045,0.1801269542004836
AXP,log_abs_return,3,85.0,target_sector_event_weighted,same_day_text,cross_ticker_same_day,target_event_keyword,10,85,0.07692307692307693,0.1,0.08695652173913043,0.6239999999999999,0.15768996936372842
BAC,log_abs_return,3,85.0,target_sector_event_weighted,same_day_text,cross_ticker_same_day,target_event_keyword,15,105,0.05263157894736842,0.06666666666666667,0.058823529411764705,0.4281481481481481,0.14362645343644254
BX,log_abs_return,3,85.0,target_sector_event_weighted,same_day_text,cross_ticker_same_day,target_event_keyword,7,86,0.13043478260869565,0.8571428571428571,0.22641509433962265,0.6455696202531646,0.13805233353095975
C,log_abs_return,3,85.0,target_sector_event_weighted,same_day_text,cross_ticker_same_day,target_event_keyword,6,100,0.06666666666666667,0.16666666666666666,0.09523809523809523,0.5833333333333333,0.09252906507187966
ABT,log_abs_return,3,90.0,target_sector_event_weighted,same_day_text,cross_ticker_same_day,target_event_keyword,10,125,0.2857142857142857,0.2,0.23529411764705882,0.4886956521739131,0.21662557771329718
AMD,log_abs_return,3,90.0,target_sector_event_weighted,same_day_text,cross_ticker_same_day,target_event_keyword,12,173,0.08,1.0,0.14814814814814814,0.7277432712215322,0.20623376261941723
AMGN,log_abs_return,3,90.0,target_sector_event_weighted,same_day_text,cross_ticker_same_day,target_event_keyword,8,77,0.0,0.0,0.0,0.48731884057971014,0.10867368107201339
AXP,log_abs_return,3,90.0,target_sector_event_weighted,same_day_text,cross_ticker_same_day,target_event_keyword,3,85,0.0,0.0,0.0,0.6219512195121952,0.058183921341816075
BAC,log_abs_return,3,90.0,target_sector_event_weighted,same_day_text,cross_ticker_same_day,target_event_keyword,8,105,0.0,0.0,0.0,0.3530927835051546,0.06254652941541233
BX,log_abs_return,3,90.0,target_sector_event_weighted,same_day_text,cross_ticker_same_day,target_event_keyword,5,86,0.06521739130434782,0.6,0.11764705882352941,0.6,0.0855300350990006
C,log_abs_return,3,90.0,target_sector_event_weighted,same_day_text,cross_ticker_same_day,target_event_keyword,3,100,0.0,0.0,0.0,0.45360824742268047,0.040225563909774435
ABT,log_abs_return,3,95.0,target_sector_event_weighted,same_day_text,cross_ticker_same_day,target_event_keyword,4,125,0.0,0.0,0.0,0.5702479338842975,0.05149827386419281
AMD,log_abs_return,3,95.0,target_sector_event_weighted,same_day_text,cross_ticker_same_day,target_event_keyword,8,173,0.06422018348623854,0.875,0.11965811965811966,0.743939393939394,0.20869830740021741
AMGN,log_abs_return,3,95.0,target_sector_event_weighted,same_day_text,cross_ticker_same_day,target_event_keyword,2,77,0.0,0.0,0.0,0.30000000000000004,0.027347781217750257
AXP,log_abs_return,3,95.0,target_sector_event_weighted,same_day_text,cross_ticker_same_day,target_event_keyword,2,85,0.0,0.0,0.0,0.6325301204819277,0.04564102564102564
BAC,log_abs_return,3,95.0,target_sector_event_weighted,same_day_text,cross_ticker_same_day,target_event_keyword,3,105,0.0,0.0,0.0,0.36928104575163395,0.04542483660130719
BX,log_abs_return,3,95.0,target_sector_event_weighted,same_day_text,cross_ticker_same_day,target_event_keyword,2,86,0.03571428571428571,0.5,0.06666666666666667,0.6785714285714286,0.05148883374689826
C,log_abs_return,3,95.0,target_sector_event_weighted,same_day_text,cross_ticker_same_day,target_event_keyword,1,100,0.0,0.0,0.0,0.2222222222222222,0.01282051282051282
ABT,log_gk,1,80.0,target_sector_event_weighted,same_day_text,stale_20d,target_event_keyword,14,125,0.2631578947368421,0.35714285714285715,0.30303030303030304,0.7374517374517374,0.4647823920877898
AMD,log_gk,1,80.0,target_sector_event_weighted,same_day_text,stale_20d,target_event_keyword,17,173,0.11320754716981132,0.35294117647058826,0.17142857142857143,0.5546757164404224,0.13520904063778869
AMGN,log_gk,1,80.0,target_sector_event_weighted,same_day_text,stale_20d,target_event_keyword,13,77,0.21428571428571427,0.23076923076923078,0.2222222222222222,0.5360576923076923,0.3674523156257425
AXP,log_gk,1,80.0,target_sector_event_weighted,same_day_text,stale_20d,target_event_keyword,10,85,0.3333333333333333,0.3,0.3157894736842105,0.7173333333333334,0.32856476157813685
BAC,log_gk,1,80.0,target_sector_event_weighted,same_day_text,stale_20d,target_event_keyword,9,105,0.16666666666666666,0.2222222222222222,0.19047619047619047,0.5775462962962963,0.15922974870484882
BX,log_gk,1,80.0,target_sector_event_weighted,same_day_text,stale_20d,target_event_keyword,10,86,0.15217391304347827,0.7,0.25,0.7250000000000001,0.47922678386949424
C,log_gk,1,80.0,target_sector_event_weighted,same_day_text,stale_20d,target_event_keyword,9,100,0.375,0.3333333333333333,0.35294117647058826,0.7411477411477412,0.2775985804998393
ABT,log_gk,1,85.0,target_sector_event_weighted,same_day_text,stale_20d,target_event_keyword,10,125,0.2857142857142857,0.4,0.3333333333333333,0.76,0.47037018760523974
AMD,log_gk,1,85.0,target_sector_event_weighted,same_day_text,stale_20d,target_event_keyword,13,173,0.12244897959183673,0.46153846153846156,0.1935483870967742,0.5605769230769231,0.11790251522218363
AMGN,log_gk,1,85.0,target_sector_event_weighted,same_day_text,stale_20d,target_event_keyword,11,77,0.2857142857142857,0.36363636363636365,0.32,0.5853994490358128,0.38275448373886345
AXP,log_gk,1,85.0,target_sector_event_weighted,same_day_text,stale_20d,target_event_keyword,7,85,0.16666666666666666,0.14285714285714285,0.15384615384615385,0.7142857142857143,0.19910676256191207
BAC,log_gk,1,85.0,target_sector_event_weighted,same_day_text,stale_20d,target_event_keyword,6,105,0.2,0.3333333333333333,0.25,0.5606060606060606,0.16878524752495294
BX,log_gk,1,85.0,target_sector_event_weighted,same_day_text,stale_20d,target_event_keyword,6,86,0.09523809523809523,0.6666666666666666,0.16666666666666666,0.7395833333333334,0.44093678339790576
C,log_gk,1,85.0,target_sector_event_weighted,same_day_text,stale_20d,target_event_keyword,4,100,0.0,0.0,0.0,0.46093750000000006,0.047818383167220375
ABT,log_gk,1,90.0,target_sector_event_weighted,same_day_text,stale_20d,target_event_keyword,6,125,0.2,0.3333333333333333,0.25,0.665266106442577,0.1672492335459625
AMD,log_gk,1,90.0,target_sector_event_weighted,same_day_text,stale_20d,target_event_keyword,6,173,0.07692307692307693,0.5,0.13333333333333333,0.6846307385229541,0.16883664924417277
AMGN,log_gk,1,90.0,target_sector_event_weighted,same_day_text,stale_20d,target_event_keyword,5,77,0.08333333333333333,0.2,0.11764705882352941,0.55,0.27346031746031746
AXP,log_gk,1,90.0,target_sector_event_weighted,same_day_text,stale_20d,target_event_keyword,4,85,0.16666666666666666,0.25,0.2,0.712962962962963,0.13918418537983757
BAC,log_gk,1,90.0,target_sector_event_weighted,same_day_text,stale_20d,target_event_keyword,5,105,0.14285714285714285,0.2,0.16666666666666666,0.61,0.14621252756421718
BX,log_gk,1,90.0,target_sector_event_weighted,same_day_text,stale_20d,target_event_keyword,3,86,0.03333333333333333,0.3333333333333333,0.06060606060606061,0.6666666666666667,0.20602918586789554
C,log_gk,1,90.0,target_sector_event_weighted,same_day_text,stale_20d,target_event_keyword,1,100,0.0,0.0,0.0,0.696969696969697,0.03225806451612903
ABT,log_gk,1,95.0,target_sector_event_weighted,same_day_text,stale_20d,target_event_keyword,1,125,0.1,1.0,0.18181818181818182,0.967741935483871,0.2
AMD,log_gk,1,95.0,target_sector_event_weighted,same_day_text,stale_20d,target_event_keyword,5,173,0.08,0.4,0.13333333333333333,0.5904761904761905,0.22045977011494255
AMGN,log_gk,1,95.0,target_sector_event_weighted,same_day_text,stale_20d,target_event_keyword,2,77,0.09090909090909091,0.5,0.15384615384615385,0.7533333333333334,0.1285714285714286
AXP,log_gk,1,95.0,target_sector_event_weighted,same_day_text,stale_20d,target_event_keyword,2,85,0.0,0.0,0.0,0.5963855421686748,0.045
BAC,log_gk,1,95.0,target_sector_event_weighted,same_day_text,stale_20d,target_event_keyword,2,105,0.25,0.5,0.3333333333333333,0.7038834951456311,0.2661290322580645
BX,log_gk,1,95.0,target_sector_event_weighted,same_day_text,stale_20d,target_event_keyword,0,86,,,,,
C,log_gk,1,95.0,target_sector_event_weighted,same_day_text,stale_20d,target_event_keyword,0,100,,,,,
ABT,log_gk,3,80.0,target_sector_event_weighted,same_day_text,stale_20d,target_event_keyword,15,125,0.23076923076923078,0.2,0.21428571428571427,0.5103030303030303,0.18537843332738208
AMD,log_gk,3,80.0,target_sector_event_weighted,same_day_text,stale_20d,target_event_keyword,20,173,0.14754098360655737,0.45,0.2222222222222222,0.5303921568627451,0.12216366356463321
AMGN,log_gk,3,80.0,target_sector_event_weighted,same_day_text,stale_20d,target_event_keyword,9,77,0.0,0.0,0.0,0.28758169934640526,0.086402399486577
AXP,log_gk,3,80.0,target_sector_event_weighted,same_day_text,stale_20d,target_event_keyword,8,85,0.0,0.0,0.0,0.6363636363636364,0.14314125921775234
BAC,log_gk,3,80.0,target_sector_event_weighted,same_day_text,stale_20d,target_event_keyword,7,105,0.16666666666666666,0.2857142857142857,0.21052631578947367,0.7026239067055393,0.1528924120919902
BX,log_gk,3,80.0,target_sector_event_weighted,same_day_text,stale_20d,target_event_keyword,12,86,0.19230769230769232,0.8333333333333334,0.3125,0.7578828828828829,0.4906607817796507
C,log_gk,3,80.0,target_sector_event_weighted,same_day_text,stale_20d,target_event_keyword,8,100,0.07692307692307693,0.125,0.09523809523809523,0.48641304347826086,0.10721955727923702
ABT,log_gk,3,85.0,target_sector_event_weighted,same_day_text,stale_20d,target_event_keyword,9,125,0.2,0.3333333333333333,0.25,0.47988505747126436,0.1192973777932151
AMD,log_gk,3,85.0,target_sector_event_weighted,same_day_text,stale_20d,target_event_keyword,14,173,0.125,0.42857142857142855,0.1935483870967742,0.5880503144654088,0.11033560474165204
AMGN,log_gk,3,85.0,target_sector_event_weighted,same_day_text,stale_20d,target_event_keyword,8,77,0.0,0.0,0.0,0.3641304347826087,0.08614720497192034
AXP,log_gk,3,85.0,target_sector_event_weighted,same_day_text,stale_20d,target_event_keyword,6,85,0.0,0.0,0.0,0.6012658227848101,0.09804387574751619
BAC,log_gk,3,85.0,target_sector_event_weighted,same_day_text,stale_20d,target_event_keyword,5,105,0.09090909090909091,0.2,0.125,0.74,0.119377990430622
BX,log_gk,3,85.0,target_sector_event_weighted,same_day_text,stale_20d,target_event_keyword,9,86,0.1702127659574468,0.8888888888888888,0.2857142857142857,0.7258297258297258,0.32918104439843565
C,log_gk,3,85.0,target_sector_event_weighted,same_day_text,stale_20d,target_event_keyword,4,100,0.1,0.25,0.14285714285714285,0.5546875,0.1745598777145267
ABT,log_gk,3,90.0,target_sector_event_weighted,same_day_text,stale_20d,target_event_keyword,4,125,0.0625,0.25,0.1,0.365702479338843,0.04257287443509598
AMD,log_gk,3,90.0,target_sector_event_weighted,same_day_text,stale_20d,target_event_keyword,6,173,0.02702702702702703,0.16666666666666666,0.046511627906976744,0.5249500998003992,0.046774800116338
AMGN,log_gk,3,90.0,target_sector_event_weighted,same_day_text,stale_20d,target_event_keyword,1,77,0.0,0.0,0.0,0.513157894736842,0.02631578947368421
AXP,log_gk,3,90.0,target_sector_event_weighted,same_day_text,stale_20d,target_event_keyword,4,85,0.0,0.0,0.0,0.5092592592592593,0.05704365079365079
BAC,log_gk,3,90.0,target_sector_event_weighted,same_day_text,stale_20d,target_event_keyword,3,105,0.0,0.0,0.0,0.7026143790849673,0.0692568448500652
BX,log_gk,3,90.0,target_sector_event_weighted,same_day_text,stale_20d,target_event_keyword,6,86,0.13157894736842105,0.8333333333333334,0.22727272727272727,0.7791666666666667,0.23792342114150622
C,log_gk,3,90.0,target_sector_event_weighted,same_day_text,stale_20d,target_event_keyword,3,100,0.14285714285714285,0.3333333333333333,0.2,0.4742268041237113,0.3546485260770975
ABT,log_gk,3,95.0,target_sector_event_weighted,same_day_text,stale_20d,target_event_keyword,1,125,0.0,0.0,0.0,0.8951612903225806,0.07142857142857142
AMD,log_gk,3,95.0,target_sector_event_weighted,same_day_text,stale_20d,target_event_keyword,5,173,0.02564102564102564,0.2,0.045454545454545456,0.47738095238095235,0.03382411667150942
AMGN,log_gk,3,95.0,target_sector_event_weighted,same_day_text,stale_20d,target_event_keyword,0,77,,,,,
AXP,log_gk,3,95.0,target_sector_event_weighted,same_day_text,stale_20d,target_event_keyword,3,85,0.0,0.0,0.0,0.540650406504065,0.04848484848484849
BAC,log_gk,3,95.0,target_sector_event_weighted,same_day_text,stale_20d,target_event_keyword,2,105,0.0,0.0,0.0,0.6650485436893204,0.042147293700088725
BX,log_gk,3,95.0,target_sector_event_weighted,same_day_text,stale_20d,target_event_keyword,2,86,0.10526315789473684,1.0,0.19047619047619047,0.9107142857142858,0.19642857142857142
C,log_gk,3,95.0,target_sector_event_weighted,same_day_text,stale_20d,target_event_keyword,1,100,0.25,1.0,0.4,1.0,1.0
ABT,log_abs_return,1,80.0,target_sector_event_weighted,same_day_text,stale_20d,target_event_keyword,15,125,0.17647058823529413,0.2,0.1875,0.6133333333333333,0.19950157215778344
AMD,log_abs_return,1,80.0,target_sector_event_weighted,same_day_text,stale_20d,target_event_keyword,23,173,0.16071428571428573,0.391304347826087,0.22784810126582278,0.5602898550724638,0.15891801683425313
AMGN,log_abs_return,1,80.0,target_sector_event_weighted,same_day_text,stale_20d,target_event_keyword,19,77,0.2727272727272727,0.3157894736842105,0.2926829268292683,0.5027223230490018,0.3053427277946315
AXP,log_abs_return,1,80.0,target_sector_event_weighted,same_day_text,stale_20d,target_event_keyword,10,85,0.25,0.2,0.2222222222222222,0.736,0.22292168277467267
BAC,log_abs_return,1,80.0,target_sector_event_weighted,same_day_text,stale_20d,target_event_keyword,20,105,0.3,0.3,0.3,0.5647058823529412,0.2754188859416774
BX,log_abs_return,1,80.0,target_sector_event_weighted,same_day_text,stale_20d,target_event_keyword,15,86,0.22916666666666666,0.7333333333333333,0.3492063492063492,0.6450704225352113,0.3938638001432119
C,log_abs_return,1,80.0,target_sector_event_weighted,same_day_text,stale_20d,target_event_keyword,10,100,0.25,0.4,0.3076923076923077,0.5366666666666666,0.33351543399178835
ABT,log_abs_return,1,85.0,target_sector_event_weighted,same_day_text,stale_20d,target_event_keyword,9,125,0.09090909090909091,0.2222222222222222,0.12903225806451613,0.5680076628352491,0.10610941059857469
AMD,log_abs_return,1,85.0,target_sector_event_weighted,same_day_text,stale_20d,target_event_keyword,15,173,0.08620689655172414,0.3333333333333333,0.136986301369863,0.5379746835443038,0.11151159093167454
AMGN,log_abs_return,1,85.0,target_sector_event_weighted,same_day_text,stale_20d,target_event_keyword,16,77,0.2,0.25,0.2222222222222222,0.4774590163934426,0.3041999514780896
AXP,log_abs_return,1,85.0,target_sector_event_weighted,same_day_text,stale_20d,target_event_keyword,6,85,0.14285714285714285,0.16666666666666666,0.15384615384615385,0.7658227848101266,0.18153235653235653
BAC,log_abs_return,1,85.0,target_sector_event_weighted,same_day_text,stale_20d,target_event_keyword,12,105,0.2631578947368421,0.4166666666666667,0.3225806451612903,0.5403225806451613,0.21041714172476084
BX,log_abs_return,1,85.0,target_sector_event_weighted,same_day_text,stale_20d,target_event_keyword,9,86,0.13513513513513514,0.5555555555555556,0.21739130434782608,0.5468975468975469,0.20714903629676915
C,log_abs_return,1,85.0,target_sector_event_weighted,same_day_text,stale_20d,target_event_keyword,7,100,0.2,0.42857142857142855,0.2727272727272727,0.65284178187404,0.22908788376182443
ABT,log_abs_return,1,90.0,target_sector_event_weighted,same_day_text,stale_20d,target_event_keyword,6,125,0.09523809523809523,0.3333333333333333,0.14814814814814814,0.5378151260504203,0.08906353364557698
AMD,log_abs_return,1,90.0,target_sector_event_weighted,same_day_text,stale_20d,target_event_keyword,12,173,0.10526315789473684,0.5,0.17391304347826086,0.5812629399585921,0.1128702323485788
AMGN,log_abs_return,1,90.0,target_sector_event_weighted,same_day_text,stale_20d,target_event_keyword,9,77,0.1111111111111111,0.2222222222222222,0.14814814814814814,0.477124183006536,0.13654127229777346
AXP,log_abs_return,1,90.0,target_sector_event_weighted,same_day_text,stale_20d,target_event_keyword,6,85,0.0,0.0,0.0,0.7658227848101267,0.1664019314019314
BAC,log_abs_return,1,90.0,target_sector_event_weighted,same_day_text,stale_20d,target_event_keyword,7,105,0.08333333333333333,0.14285714285714285,0.10526315789473684,0.4970845481049563,0.20988592153188426
BX,log_abs_return,1,90.0,target_sector_event_weighted,same_day_text,stale_20d,target_event_keyword,5,86,0.12903225806451613,0.8,0.2222222222222222,0.6962962962962964,0.19598926894701543
C,log_abs_return,1,90.0,target_sector_event_weighted,same_day_text,stale_20d,target_event_keyword,5,100,0.16666666666666666,0.4,0.23529411764705882,0.656842105263158,0.19911130536130536
ABT,log_abs_return,1,95.0,target_sector_event_weighted,same_day_text,stale_20d,target_event_keyword,3,125,0.0,0.0,0.0,0.7568306010928962,0.1168615984405458
AMD,log_abs_return,1,95.0,target_sector_event_weighted,same_day_text,stale_20d,target_event_keyword,7,173,0.02564102564102564,0.14285714285714285,0.043478260869565216,0.48967297762478484,0.04385154775253243
AMGN,log_abs_return,1,95.0,target_sector_event_weighted,same_day_text,stale_20d,target_event_keyword,2,77,0.05263157894736842,0.5,0.09523809523809523,0.6933333333333334,0.1065891472868217
AXP,log_abs_return,1,95.0,target_sector_event_weighted,same_day_text,stale_20d,target_event_keyword,2,85,0.0,0.0,0.0,0.6927710843373494,0.05448275862068966
BAC,log_abs_return,1,95.0,target_sector_event_weighted,same_day_text,stale_20d,target_event_keyword,3,105,0.0,0.0,0.0,0.5359477124183006,0.039380015316485203
BX,log_abs_return,1,95.0,target_sector_event_weighted,same_day_text,stale_20d,target_event_keyword,2,86,0.0,0.0,0.0,0.6369047619047619,0.04563492063492063
C,log_abs_return,1,95.0,target_sector_event_weighted,same_day_text,stale_20d,target_event_keyword,1,100,0.2,1.0,0.3333333333333333,1.0,1.0
ABT,log_abs_return,3,80.0,target_sector_event_weighted,same_day_text,stale_20d,target_event_keyword,24,125,0.2608695652173913,0.25,0.2553191489361702,0.5338283828382838,0.21759431941770513
AMD,log_abs_return,3,80.0,target_sector_event_weighted,same_day_text,stale_20d,target_event_keyword,27,173,0.22666666666666666,0.6296296296296297,0.3333333333333333,0.6567732115677322,0.3528982397118522
AMGN,log_abs_return,3,80.0,target_sector_event_weighted,same_day_text,stale_20d,target_event_keyword,16,77,0.2,0.3125,0.24390243902439024,0.548155737704918,0.3189572202150837
AXP,log_abs_return,3,80.0,target_sector_event_weighted,same_day_text,stale_20d,target_event_keyword,13,85,0.16666666666666666,0.07692307692307693,0.10526315789473684,0.5523504273504274,0.19818160854684905
BAC,log_abs_return,3,80.0,target_sector_event_weighted,same_day_text,stale_20d,target_event_keyword,17,105,0.4444444444444444,0.23529411764705882,0.3076923076923077,0.5554812834224598,0.2649256130439417
BX,log_abs_return,3,80.0,target_sector_event_weighted,same_day_text,stale_20d,target_event_keyword,15,86,0.24324324324324326,0.6,0.34615384615384615,0.6028169014084508,0.2453269290997486
C,log_abs_return,3,80.0,target_sector_event_weighted,same_day_text,stale_20d,target_event_keyword,10,100,0.05555555555555555,0.1,0.07142857142857142,0.4444444444444445,0.09664317897947516
ABT,log_abs_return,3,85.0,target_sector_event_weighted,same_day_text,stale_20d,target_event_keyword,18,125,0.13043478260869565,0.16666666666666666,0.14634146341463414,0.416926272066459,0.1287486049264093
AMD,log_abs_return,3,85.0,target_sector_event_weighted,same_day_text,stale_20d,target_event_keyword,19,173,0.1643835616438356,0.631578947368421,0.2608695652173913,0.6989063568010937,0.3837122961503218
AMGN,log_abs_return,3,85.0,target_sector_event_weighted,same_day_text,stale_20d,target_event_keyword,10,77,0.16666666666666666,0.4,0.23529411764705882,0.664179104477612,0.35808741496273333
AXP,log_abs_return,3,85.0,target_sector_event_weighted,same_day_text,stale_20d,target_event_keyword,10,85,0.1111111111111111,0.1,0.10526315789473684,0.516,0.13992545426049263
BAC,log_abs_return,3,85.0,target_sector_event_weighted,same_day_text,stale_20d,target_event_keyword,15,105,0.25,0.13333333333333333,0.17391304347826086,0.4681481481481481,0.1684292975528074
BX,log_abs_return,3,85.0,target_sector_event_weighted,same_day_text,stale_20d,target_event_keyword,7,86,0.125,0.7142857142857143,0.2127659574468085,0.596745027124774,0.11259912577661238
C,log_abs_return,3,85.0,target_sector_event_weighted,same_day_text,stale_20d,target_event_keyword,6,100,0.0,0.0,0.0,0.5283687943262412,0.08283926218708827
ABT,log_abs_return,3,90.0,target_sector_event_weighted,same_day_text,stale_20d,target_event_keyword,10,125,0.15,0.3,0.2,0.4608695652173913,0.11075452150862258
AMD,log_abs_return,3,90.0,target_sector_event_weighted,same_day_text,stale_20d,target_event_keyword,12,173,0.12698412698412698,0.6666666666666666,0.21333333333333335,0.7386128364389234,0.21211313646292168
AMGN,log_abs_return,3,90.0,target_sector_event_weighted,same_day_text,stale_20d,target_event_keyword,8,77,0.11538461538461539,0.375,0.17647058823529413,0.5960144927536232,0.16134907246749353
AXP,log_abs_return,3,90.0,target_sector_event_weighted,same_day_text,stale_20d,target_event_keyword,3,85,0.0,0.0,0.0,0.5121951219512195,0.04617893755824791
BAC,log_abs_return,3,90.0,target_sector_event_weighted,same_day_text,stale_20d,target_event_keyword,8,105,0.0,0.0,0.0,0.3440721649484536,0.061656732182805624
BX,log_abs_return,3,90.0,target_sector_event_weighted,same_day_text,stale_20d,target_event_keyword,5,86,0.06451612903225806,0.4,0.1111111111111111,0.4938271604938272,0.07977694235588972
C,log_abs_return,3,90.0,target_sector_event_weighted,same_day_text,stale_20d,target_event_keyword,3,100,0.0,0.0,0.0,0.15807560137457047,0.02316203009606308
ABT,log_abs_return,3,95.0,target_sector_event_weighted,same_day_text,stale_20d,target_event_keyword,4,125,0.0,0.0,0.0,0.27685950413223137,0.026475336257944952
AMD,log_abs_return,3,95.0,target_sector_event_weighted,same_day_text,stale_20d,target_event_keyword,8,173,0.11363636363636363,0.625,0.19230769230769232,0.7340909090909091,0.16302635404433397
AMGN,log_abs_return,3,95.0,target_sector_event_weighted,same_day_text,stale_20d,target_event_keyword,2,77,0.05,0.5,0.09090909090909091,0.7,0.060714285714285714
AXP,log_abs_return,3,95.0,target_sector_event_weighted,same_day_text,stale_20d,target_event_keyword,2,85,0.0,0.0,0.0,0.5843373493975904,0.04127659574468085
BAC,log_abs_return,3,95.0,target_sector_event_weighted,same_day_text,stale_20d,target_event_keyword,3,105,0.0,0.0,0.0,0.24183006535947715,0.02431858862074105
BX,log_abs_return,3,95.0,target_sector_event_weighted,same_day_text,stale_20d,target_event_keyword,2,86,0.041666666666666664,0.5,0.07692307692307693,0.5714285714285714,0.04318181818181818
C,log_abs_return,3,95.0,target_sector_event_weighted,same_day_text,stale_20d,target_event_keyword,1,100,0.0,0.0,0.0,0.19191919191919193,0.012345679012345678
