ticker,date,target_name,horizon,spike_percentile,embedding_variant,alignment_mode,evaluation_filter,actual_target,threshold,ts_only_prediction,embedding_prediction,abs_error_improvement,underprediction_reduction,has_target_text,has_sector_text,event_keyword_count,target_event_keyword_count,text_preview
ABT,2023-11-10,log_abs_return,1,80.0,target_sector_event_weighted,shifted_1_day_text,target_event_keyword,-3.9537435205721567,-4.013893356841336,-5.30410449327118,-6.1945141033959175,-0.8904096101247374,-0.8904096101247374,1,1,6,1,"Article 1 reports Abbott (ABT) delivered adjusted Q3 2023 EPS of $1.14 and total revenues of $10.14 billion, both beating consensus estimates. The article notes Abbott has outperfo | FDA approved Eli Lilly's tirzepatide for chronic weight management (to be marketed as Zepbound); Lilly already markets tirzepatide as Mounjaro for type 2 diabetes. Clinical tria"
AMGN,2023-08-07,log_abs_return,1,85.0,target_sector_event_weighted,shifted_1_day_text,target_event_keyword,-3.4867103291533468,-3.9850435594172993,-5.2834051645647655,-6.100305789668269,-0.8169006251035036,-0.8169006251035036,1,1,6,2,"Amgen reported results after the close on Aug 3: EPS of $4.49 (vs. $4.46 consensus) and revenue of ~$7.0 billion (vs. ~$6.6B consensus). Management attributed the revenue beat to a | Amgen is pursuing a proposed ~$28 billion acquisition of Horizon Therapeutics. In the earnings call coverage, Amgen stated it sees no competitive overlaps or incentives to bundl"
AMGN,2023-08-07,log_abs_return,1,90.0,target_sector_event_weighted,shifted_1_day_text,target_event_keyword,-3.4867103291533468,-3.7808209189212634,-5.2834051645647655,-6.100305789668269,-0.8169006251035036,-0.8169006251035036,1,1,6,2,"Amgen reported results after the close on Aug 3: EPS of $4.49 (vs. $4.46 consensus) and revenue of ~$7.0 billion (vs. ~$6.6B consensus). Management attributed the revenue beat to a | Amgen is pursuing a proposed ~$28 billion acquisition of Horizon Therapeutics. In the earnings call coverage, Amgen stated it sees no competitive overlaps or incentives to bundl"
AMGN,2023-08-07,log_abs_return,1,80.0,target_sector_event_weighted,shifted_1_day_text,target_event_keyword,-3.4867103291533468,-4.166675797552926,-5.2834051645647655,-6.100305789668269,-0.8169006251035036,-0.8169006251035036,1,1,6,2,"Amgen reported results after the close on Aug 3: EPS of $4.49 (vs. $4.46 consensus) and revenue of ~$7.0 billion (vs. ~$6.6B consensus). Management attributed the revenue beat to a | Amgen is pursuing a proposed ~$28 billion acquisition of Horizon Therapeutics. In the earnings call coverage, Amgen stated it sees no competitive overlaps or incentives to bundl"
AMD,2023-01-20,log_abs_return,1,85.0,target_sector_weighted,shifted_1_day_text,target_event_keyword,-2.4282836216643213,-3.1334976403546837,-5.844190044821357,-6.590620236272203,-0.7464301914508464,-0.7464301914508464,1,1,5,3,"Multiple articles note AMD’s recent data‑center product activity: the company launched a new generation of Genoa server chips (with large cloud customers such as Google, Oracle and | Coverage of AMD as a growth stock cites AMD’s 2022 acquisition of Xilinx and notes that the deal expanded AMD’s product portfolio into embedded and custom chips for markets such"
AMD,2023-01-20,log_abs_return,1,95.0,target_sector_weighted,shifted_1_day_text,target_event_keyword,-2.4282836216643213,-2.6862575909914783,-5.844190044821357,-6.590620236272203,-0.7464301914508464,-0.7464301914508464,1,1,5,3,"Multiple articles note AMD’s recent data‑center product activity: the company launched a new generation of Genoa server chips (with large cloud customers such as Google, Oracle and | Coverage of AMD as a growth stock cites AMD’s 2022 acquisition of Xilinx and notes that the deal expanded AMD’s product portfolio into embedded and custom chips for markets such"
AMD,2023-01-20,log_abs_return,1,80.0,target_sector_weighted,shifted_1_day_text,target_event_keyword,-2.4282836216643213,-3.2882544033767758,-5.844190044821357,-6.590620236272203,-0.7464301914508464,-0.7464301914508464,1,1,5,3,"Multiple articles note AMD’s recent data‑center product activity: the company launched a new generation of Genoa server chips (with large cloud customers such as Google, Oracle and | Coverage of AMD as a growth stock cites AMD’s 2022 acquisition of Xilinx and notes that the deal expanded AMD’s product portfolio into embedded and custom chips for markets such"
AMD,2023-01-20,log_abs_return,1,90.0,target_sector_weighted,shifted_1_day_text,target_event_keyword,-2.4282836216643213,-2.930472296673667,-5.844190044821357,-6.590620236272203,-0.7464301914508464,-0.7464301914508464,1,1,5,3,"Multiple articles note AMD’s recent data‑center product activity: the company launched a new generation of Genoa server chips (with large cloud customers such as Google, Oracle and | Coverage of AMD as a growth stock cites AMD’s 2022 acquisition of Xilinx and notes that the deal expanded AMD’s product portfolio into embedded and custom chips for markets such"
AXP,2023-03-09,log_abs_return,1,85.0,target_sector_weighted,same_day_text,target_event_keyword,-3.2698282777085192,-3.5352569217700602,-5.020836347825627,-5.744728767918336,-0.7238924200927093,-0.7238924200927093,1,1,5,1,American Express' Board authorized repurchases of up to 120 million common shares (replacing ~36M remaining under 2019 program) and approved a $0.08 (15%) quarterly dividend increa | Multiple articles report sharp declines in U.S. bank stocks and distress actions: SVB Financial Group (SIVB) plunged after announcing a $1.25 billion common stock offering and a
AXP,2023-03-09,log_abs_return,1,90.0,target_sector_weighted,same_day_text,target_event_keyword,-3.2698282777085192,-3.370311825991873,-5.020836347825627,-5.744728767918336,-0.7238924200927093,-0.7238924200927093,1,1,5,1,American Express' Board authorized repurchases of up to 120 million common shares (replacing ~36M remaining under 2019 program) and approved a $0.08 (15%) quarterly dividend increa | Multiple articles report sharp declines in U.S. bank stocks and distress actions: SVB Financial Group (SIVB) plunged after announcing a $1.25 billion common stock offering and a
AXP,2023-03-09,log_abs_return,1,80.0,target_sector_weighted,same_day_text,target_event_keyword,-3.2698282777085192,-3.7262468742768147,-5.020836347825627,-5.744728767918336,-0.7238924200927093,-0.7238924200927093,1,1,5,1,American Express' Board authorized repurchases of up to 120 million common shares (replacing ~36M remaining under 2019 program) and approved a $0.08 (15%) quarterly dividend increa | Multiple articles report sharp declines in U.S. bank stocks and distress actions: SVB Financial Group (SIVB) plunged after announcing a $1.25 billion common stock offering and a
AMGN,2023-02-07,log_abs_return,1,80.0,target_sector_weighted,shifted_1_day_text,target_event_keyword,-4.154337149055161,-4.166675797552926,-4.918961244051777,-5.5794429482200405,-0.6604817041682631,-0.6604817041682631,1,1,5,3,Articles note Amgen’s buyout of Horizon Therapeutics (~$27.8 billion) as one of the large M&A deals cited in the sector; the deal was reported as expected to close in the first hal | An article reports Amgen launched Amjevita in the United States as the first company to launch a Humira biosimilar in the country; the wider context noted Humira’s loss of exclu
BX,2023-11-01,log_abs_return,1,80.0,target_sector_weighted,shifted_1_day_text,target_event_keyword,-3.3308067598016273,-3.603469438988649,-5.254874481906862,-5.901412729810746,-0.6465382479038837,-0.6465382479038837,1,1,6,1,"Reuters reported that Blackstone posted a steeper-than-expected 12% drop in earnings in the referenced quarter, citing muted asset sales. The same article noted Blackstone’s privat | U.S. Federal Reserve left the federal funds rate unchanged at 5.25%–5.50% but signaled the possibility of further hikes (Articles 1, 3). Ten-year U.S. Treasury yields moved in t"
BX,2023-11-01,log_abs_return,1,85.0,target_sector_weighted,shifted_1_day_text,target_event_keyword,-3.3308067598016273,-3.4268472672158237,-5.254874481906862,-5.901412729810746,-0.6465382479038837,-0.6465382479038837,1,1,6,1,"Reuters reported that Blackstone posted a steeper-than-expected 12% drop in earnings in the referenced quarter, citing muted asset sales. The same article noted Blackstone’s privat | U.S. Federal Reserve left the federal funds rate unchanged at 5.25%–5.50% but signaled the possibility of further hikes (Articles 1, 3). Ten-year U.S. Treasury yields moved in t"
AMGN,2023-11-01,log_abs_return,1,80.0,target_sector_event_weighted,shifted_1_day_text,target_event_keyword,-3.82562992493443,-4.166675797552926,-6.003195819093302,-6.636293303965996,-0.6330974848726934,-0.6330974848726934,1,1,6,1,"Article: 'Company News for Nov 01, 2023' reports Amgen posted third-quarter 2023 revenues of $6.90 billion, missing the Zacks Consensus Estimate of $6.96 billion; the article notes | Pharmaceutical equities and health-care ETFs showed notable volatility: the Health Care Select Sector SPDR Fund (XLV) fell 3.81% over the past month and 8.03% over three months;"
AMGN,2023-11-01,log_abs_return,1,85.0,target_sector_event_weighted,shifted_1_day_text,target_event_keyword,-3.82562992493443,-3.9850435594172993,-6.003195819093302,-6.636293303965996,-0.6330974848726934,-0.6330974848726934,1,1,6,1,"Article: 'Company News for Nov 01, 2023' reports Amgen posted third-quarter 2023 revenues of $6.90 billion, missing the Zacks Consensus Estimate of $6.96 billion; the article notes | Pharmaceutical equities and health-care ETFs showed notable volatility: the Health Care Select Sector SPDR Fund (XLV) fell 3.81% over the past month and 8.03% over three months;"
AXP,2023-03-09,log_abs_return,1,90.0,target_sector_event_weighted,same_day_text,target_event_keyword,-3.2698282777085192,-3.370311825991873,-5.020836347825627,-5.64505878863044,-0.6242224408048127,-0.6242224408048127,1,1,5,1,American Express' Board authorized repurchases of up to 120 million common shares (replacing ~36M remaining under 2019 program) and approved a $0.08 (15%) quarterly dividend increa | Multiple articles report sharp declines in U.S. bank stocks and distress actions: SVB Financial Group (SIVB) plunged after announcing a $1.25 billion common stock offering and a
AXP,2023-03-09,log_abs_return,1,85.0,target_sector_event_weighted,same_day_text,target_event_keyword,-3.2698282777085192,-3.5352569217700602,-5.020836347825627,-5.64505878863044,-0.6242224408048127,-0.6242224408048127,1,1,5,1,American Express' Board authorized repurchases of up to 120 million common shares (replacing ~36M remaining under 2019 program) and approved a $0.08 (15%) quarterly dividend increa | Multiple articles report sharp declines in U.S. bank stocks and distress actions: SVB Financial Group (SIVB) plunged after announcing a $1.25 billion common stock offering and a
AXP,2023-03-09,log_abs_return,1,80.0,target_sector_event_weighted,same_day_text,target_event_keyword,-3.2698282777085192,-3.7262468742768147,-5.020836347825627,-5.64505878863044,-0.6242224408048127,-0.6242224408048127,1,1,5,1,American Express' Board authorized repurchases of up to 120 million common shares (replacing ~36M remaining under 2019 program) and approved a $0.08 (15%) quarterly dividend increa | Multiple articles report sharp declines in U.S. bank stocks and distress actions: SVB Financial Group (SIVB) plunged after announcing a $1.25 billion common stock offering and a
AMGN,2023-08-14,log_abs_return,1,85.0,target_sector_weighted,same_day_text,target_event_keyword,-3.956579690165418,-3.9850435594172993,-6.46295408969225,-7.054919127882734,-0.5919650381904837,-0.5919650381904837,1,1,6,4,"Article 1 reports Amgen’s Q2 results: revenue $7.0 billion (up 6% y/y), adjusted EPS $5.00 (above $4.46 consensus), adjusted operating margin ~52.6% (down ~50 bps) and higher R&D s | Article 1 describes Amgen’s planned ~$28 billion acquisition of Horizon Therapeutics (expected to close toward year‑end) and notes Horizon’s fast‑growing drugs Tepezza and Kryst"
AMGN,2023-08-14,log_abs_return,1,80.0,target_sector_weighted,same_day_text,target_event_keyword,-3.956579690165418,-4.166675797552926,-6.46295408969225,-7.054919127882734,-0.5919650381904837,-0.5919650381904837,1,1,6,4,"Article 1 reports Amgen’s Q2 results: revenue $7.0 billion (up 6% y/y), adjusted EPS $5.00 (above $4.46 consensus), adjusted operating margin ~52.6% (down ~50 bps) and higher R&D s | Article 1 describes Amgen’s planned ~$28 billion acquisition of Horizon Therapeutics (expected to close toward year‑end) and notes Horizon’s fast‑growing drugs Tepezza and Kryst"
C,2023-12-05,log_abs_return,1,80.0,target_sector_event_weighted,shifted_1_day_text,target_event_keyword,-3.707617623988155,-3.7434251735950372,-5.1959019136850975,-5.783497890056269,-0.5875959763711718,-0.5875959763711718,1,1,5,1,"Article reports Citigroup announced a collaboration with Traydstream to offer cloud-based automated document-checking solutions for trade documents (letters of credit, collections) | Reuters reported life insurers drew a record $137.1 billion from FHLBs last year. Insurers such as MetLife, TIAA and others use FHLB borrowings to capture an arbitrage by invest"
C,2023-05-16,log_abs_return,1,80.0,target_sector_event_weighted,shifted_1_day_text,target_event_keyword,-3.244631241445741,-3.7434251735950372,-4.753629069301245,-5.326185955550964,-0.5725568862497195,-0.5725568862497195,1,1,4,1,Article 7 reports Citigroup completed the sale of its India consumer business to Axis Bank; the transaction was expected to result in a regulatory capital release of $1.4 billion. | Articles report central-bank rate-hike expectations and rising Treasury yields: Reuters noted the Reserve Bank of Australia signalled possibility of further rate hikes (Article 3
C,2023-05-16,log_abs_return,1,85.0,target_sector_event_weighted,shifted_1_day_text,target_event_keyword,-3.244631241445741,-3.570739842936126,-4.753629069301245,-5.326185955550964,-0.5725568862497195,-0.5725568862497195,1,1,4,1,Article 7 reports Citigroup completed the sale of its India consumer business to Axis Bank; the transaction was expected to result in a regulatory capital release of $1.4 billion. | Articles report central-bank rate-hike expectations and rising Treasury yields: Reuters noted the Reserve Bank of Australia signalled possibility of further rate hikes (Article 3
C,2023-05-16,log_abs_return,1,90.0,target_sector_event_weighted,shifted_1_day_text,target_event_keyword,-3.244631241445741,-3.37895328487301,-4.753629069301245,-5.326185955550964,-0.5725568862497195,-0.5725568862497195,1,1,4,1,Article 7 reports Citigroup completed the sale of its India consumer business to Axis Bank; the transaction was expected to result in a regulatory capital release of $1.4 billion. | Articles report central-bank rate-hike expectations and rising Treasury yields: Reuters noted the Reserve Bank of Australia signalled possibility of further rate hikes (Article 3
ABT,2023-02-27,log_abs_return,1,80.0,target_sector_event_weighted,shifted_1_day_text,target_event_keyword,-3.9447207769099664,-4.013893356841336,-6.082997724238016,-6.6469956739356615,-0.5639979496976455,-0.5639979496976455,1,1,4,2,"Article 7 reports investor/shareholder unease tied to an investigation into Abbott's infant‑formula business; the article cites the investigation as a material reason the stock und | Article 7 highlights FreeStyle Libre as a key growth driver (noting Libre sales represent a meaningful share of revenue) and flags potential competitive threats (e.g., rumored A"
AMD,2023-06-06,log_abs_return,1,85.0,target_sector_event_weighted,shifted_1_day_text,target_event_keyword,-2.9395071509628536,-3.1334976403546837,-5.353608989598627,-5.916462298246695,-0.5628533086480676,-0.5628533086480676,1,1,5,1,Multiple sell‑side analysts raised AMD price targets and expressed stronger buy/overweight views. Piper Sandler raised its AMD target from $110 to $150 and reiterated an overweight | Press reports (Bloomberg cited in coverage) stated AMD is a hardware and engineering partner of Microsoft in AI initiatives. The report received market attention and was linked 
AMD,2023-06-06,log_abs_return,1,80.0,target_sector_event_weighted,shifted_1_day_text,target_event_keyword,-2.9395071509628536,-3.2882544033767758,-5.353608989598627,-5.916462298246695,-0.5628533086480676,-0.5628533086480676,1,1,5,1,Multiple sell‑side analysts raised AMD price targets and expressed stronger buy/overweight views. Piper Sandler raised its AMD target from $110 to $150 and reiterated an overweight | Press reports (Bloomberg cited in coverage) stated AMD is a hardware and engineering partner of Microsoft in AI initiatives. The report received market attention and was linked 
ABT,2023-10-10,log_abs_return,1,90.0,target_sector_event_weighted,shifted_1_day_text,target_event_keyword,-2.9614011519220353,-3.650441061846967,-5.273091714205049,-5.819352372831476,-0.5462606586264274,-0.5462606586264274,1,1,6,2,"Article 3 reports Abbott announced a definitive agreement to acquire Bigfoot Biomedical (after working together since 2017) to combine Abbott’s FreeStyle Libre continuous glucose m | Article 3 projects a further decline in demand for rapid COVID-19 diagnostic tests in Q3, and notes Diagnostics will see organic growth in core lab areas but a drop in rapid-tes"
ABT,2023-10-10,log_abs_return,1,80.0,target_sector_event_weighted,shifted_1_day_text,target_event_keyword,-2.9614011519220353,-4.013893356841336,-5.273091714205049,-5.819352372831476,-0.5462606586264274,-0.5462606586264274,1,1,6,2,"Article 3 reports Abbott announced a definitive agreement to acquire Bigfoot Biomedical (after working together since 2017) to combine Abbott’s FreeStyle Libre continuous glucose m | Article 3 projects a further decline in demand for rapid COVID-19 diagnostic tests in Q3, and notes Diagnostics will see organic growth in core lab areas but a drop in rapid-tes"
ABT,2023-10-10,log_abs_return,1,95.0,target_sector_event_weighted,shifted_1_day_text,target_event_keyword,-2.9614011519220353,-3.418063142070021,-5.273091714205049,-5.819352372831476,-0.5462606586264274,-0.5462606586264274,1,1,6,2,"Article 3 reports Abbott announced a definitive agreement to acquire Bigfoot Biomedical (after working together since 2017) to combine Abbott’s FreeStyle Libre continuous glucose m | Article 3 projects a further decline in demand for rapid COVID-19 diagnostic tests in Q3, and notes Diagnostics will see organic growth in core lab areas but a drop in rapid-tes"
ABT,2023-10-10,log_abs_return,1,85.0,target_sector_event_weighted,shifted_1_day_text,target_event_keyword,-2.9614011519220353,-3.8578272817240364,-5.273091714205049,-5.819352372831476,-0.5462606586264274,-0.5462606586264274,1,1,6,2,"Article 3 reports Abbott announced a definitive agreement to acquire Bigfoot Biomedical (after working together since 2017) to combine Abbott’s FreeStyle Libre continuous glucose m | Article 3 projects a further decline in demand for rapid COVID-19 diagnostic tests in Q3, and notes Diagnostics will see organic growth in core lab areas but a drop in rapid-tes"
AXP,2023-07-20,log_abs_return,1,80.0,target_sector_event_weighted,same_day_text,target_event_keyword,-3.2269259271925934,-3.7262468742768147,-5.371986999632379,-5.911383887175987,-0.5393968875436075,-0.5393968875436075,1,1,5,1,"Earnings calendar (pre-market) lists American Express (AXP) as reporting for quarter ended June 30, 2023 with a consensus EPS of $2.80 from 16 analysts; Zacks notes this represents | Multiple U.S. banks and financial firms reported mixed Q2 results: Blackstone reported lower distributable earnings year-over-year; Truist missed expectations with EPS down from"
AXP,2023-07-20,log_abs_return,1,90.0,target_sector_event_weighted,same_day_text,target_event_keyword,-3.2269259271925934,-3.370311825991873,-5.371986999632379,-5.911383887175987,-0.5393968875436075,-0.5393968875436075,1,1,5,1,"Earnings calendar (pre-market) lists American Express (AXP) as reporting for quarter ended June 30, 2023 with a consensus EPS of $2.80 from 16 analysts; Zacks notes this represents | Multiple U.S. banks and financial firms reported mixed Q2 results: Blackstone reported lower distributable earnings year-over-year; Truist missed expectations with EPS down from"
AXP,2023-07-20,log_abs_return,1,85.0,target_sector_event_weighted,same_day_text,target_event_keyword,-3.2269259271925934,-3.5352569217700602,-5.371986999632379,-5.911383887175987,-0.5393968875436075,-0.5393968875436075,1,1,5,1,"Earnings calendar (pre-market) lists American Express (AXP) as reporting for quarter ended June 30, 2023 with a consensus EPS of $2.80 from 16 analysts; Zacks notes this represents | Multiple U.S. banks and financial firms reported mixed Q2 results: Blackstone reported lower distributable earnings year-over-year; Truist missed expectations with EPS down from"
ABT,2023-07-19,log_abs_return,1,95.0,target_sector_weighted,shifted_1_day_text,target_event_keyword,-3.1811566665718884,-3.418063142070021,-6.839569674811144,-7.358752861125302,-0.5191831863141574,-0.5191831863141574,1,1,6,1,"Article 2 (Earnings Calendar) lists Abbott Laboratories (ABT) as reporting results for the quarter ending June 30, 2023; the Zacks consensus EPS from 9 analysts is $1.04, which rep | Multiple articles highlight investor-facing products and strategies: Validea model lists of top Health Care stocks based on Peter Lynch and Martin Zweig (showing model-driven in"
ABT,2023-07-19,log_abs_return,1,90.0,target_sector_weighted,shifted_1_day_text,target_event_keyword,-3.1811566665718884,-3.650441061846967,-6.839569674811144,-7.358752861125302,-0.5191831863141574,-0.5191831863141574,1,1,6,1,"Article 2 (Earnings Calendar) lists Abbott Laboratories (ABT) as reporting results for the quarter ending June 30, 2023; the Zacks consensus EPS from 9 analysts is $1.04, which rep | Multiple articles highlight investor-facing products and strategies: Validea model lists of top Health Care stocks based on Peter Lynch and Martin Zweig (showing model-driven in"
ABT,2023-07-19,log_abs_return,1,85.0,target_sector_weighted,shifted_1_day_text,target_event_keyword,-3.1811566665718884,-3.8578272817240364,-6.839569674811144,-7.358752861125302,-0.5191831863141574,-0.5191831863141574,1,1,6,1,"Article 2 (Earnings Calendar) lists Abbott Laboratories (ABT) as reporting results for the quarter ending June 30, 2023; the Zacks consensus EPS from 9 analysts is $1.04, which rep | Multiple articles highlight investor-facing products and strategies: Validea model lists of top Health Care stocks based on Peter Lynch and Martin Zweig (showing model-driven in"
ABT,2023-07-19,log_abs_return,1,80.0,target_sector_weighted,shifted_1_day_text,target_event_keyword,-3.1811566665718884,-4.013893356841336,-6.839569674811144,-7.358752861125302,-0.5191831863141574,-0.5191831863141574,1,1,6,1,"Article 2 (Earnings Calendar) lists Abbott Laboratories (ABT) as reporting results for the quarter ending June 30, 2023; the Zacks consensus EPS from 9 analysts is $1.04, which rep | Multiple articles highlight investor-facing products and strategies: Validea model lists of top Health Care stocks based on Peter Lynch and Martin Zweig (showing model-driven in"
C,2023-04-13,log_abs_return,1,90.0,target_sector_event_weighted,shifted_1_day_text,target_event_keyword,-3.064576604392959,-3.37895328487301,-5.230599546394596,-5.739140747743876,-0.5085412013492796,-0.5085412013492796,1,1,5,2,Multiple earnings-preview articles note Citigroup (C) is scheduled to report Q1 results on April 14. Pre-release consensus and model commentary (Zacks / earnings calendars) show an | Several articles and models reference Citigroup’s inclusion in pre-earnings coverage: Zacks mentions Citi’s Earnings ESP (reported between +0.58% and +1.56% in different preview
C,2023-04-13,log_abs_return,1,80.0,target_sector_event_weighted,shifted_1_day_text,target_event_keyword,-3.064576604392959,-3.7434251735950372,-5.230599546394596,-5.739140747743876,-0.5085412013492796,-0.5085412013492796,1,1,5,2,Multiple earnings-preview articles note Citigroup (C) is scheduled to report Q1 results on April 14. Pre-release consensus and model commentary (Zacks / earnings calendars) show an | Several articles and models reference Citigroup’s inclusion in pre-earnings coverage: Zacks mentions Citi’s Earnings ESP (reported between +0.58% and +1.56% in different preview
C,2023-04-13,log_abs_return,1,85.0,target_sector_event_weighted,shifted_1_day_text,target_event_keyword,-3.064576604392959,-3.570739842936126,-5.230599546394596,-5.739140747743876,-0.5085412013492796,-0.5085412013492796,1,1,5,2,Multiple earnings-preview articles note Citigroup (C) is scheduled to report Q1 results on April 14. Pre-release consensus and model commentary (Zacks / earnings calendars) show an | Several articles and models reference Citigroup’s inclusion in pre-earnings coverage: Zacks mentions Citi’s Earnings ESP (reported between +0.58% and +1.56% in different preview
BAC,2023-06-05,log_abs_return,1,80.0,target_sector_weighted,shifted_1_day_text,target_event_keyword,-3.7343398708490634,-3.7591263504342325,-5.867268047587801,-6.370241714928766,-0.5029736673409646,-0.5029736673409646,1,1,5,1,"Article 17 reports B of A Securities (Bank of America’s research arm) reiterated coverage of Aflac with a Buy recommendation and published a price target/analysis. | Articles 10 and 15 note that Bank of America is a disclosed institutional holder in several closed-end funds (e.g., holdings in BlackRock Credit Allocation Income Trust (BTZ) and R | Multiple Re"
BX,2023-01-18,log_abs_return,1,90.0,target_sector_event_weighted,shifted_1_day_text,target_event_keyword,-3.1655177602947093,-3.2064744590502876,-4.518393543240562,-5.009068858345251,-0.49067531510468854,-0.49067531510468854,1,1,3,1,"Reuters reported Blackstone closed two funds focused on secondaries and co-investments totaling $25 billion: Strategic Partners IX ($22.2 billion) and Strategic Partners GP Solutio | The Reuters piece noted Blackstone’s unlisted real estate income trust secured a $4 billion investment from the University of California earlier in January. | Articles 1, 5 and "
BX,2023-01-18,log_abs_return,1,85.0,target_sector_event_weighted,shifted_1_day_text,target_event_keyword,-3.1655177602947093,-3.4268472672158237,-4.518393543240562,-5.009068858345251,-0.49067531510468854,-0.49067531510468854,1,1,3,1,"Reuters reported Blackstone closed two funds focused on secondaries and co-investments totaling $25 billion: Strategic Partners IX ($22.2 billion) and Strategic Partners GP Solutio | The Reuters piece noted Blackstone’s unlisted real estate income trust secured a $4 billion investment from the University of California earlier in January. | Articles 1, 5 and "
BX,2023-01-18,log_abs_return,1,80.0,target_sector_event_weighted,shifted_1_day_text,target_event_keyword,-3.1655177602947093,-3.603469438988649,-4.518393543240562,-5.009068858345251,-0.49067531510468854,-0.49067531510468854,1,1,3,1,"Reuters reported Blackstone closed two funds focused on secondaries and co-investments totaling $25 billion: Strategic Partners IX ($22.2 billion) and Strategic Partners GP Solutio | The Reuters piece noted Blackstone’s unlisted real estate income trust secured a $4 billion investment from the University of California earlier in January. | Articles 1, 5 and "
BX,2023-11-01,log_abs_return,1,85.0,target_sector_event_weighted,shifted_1_day_text,target_event_keyword,-3.3308067598016273,-3.4268472672158237,-5.254874481906862,-5.740377841420462,-0.4855033595135998,-0.4855033595135998,1,1,6,1,"Reuters reported that Blackstone posted a steeper-than-expected 12% drop in earnings in the referenced quarter, citing muted asset sales. The same article noted Blackstone’s privat | U.S. Federal Reserve left the federal funds rate unchanged at 5.25%–5.50% but signaled the possibility of further hikes (Articles 1, 3). Ten-year U.S. Treasury yields moved in t"
BX,2023-11-01,log_abs_return,1,80.0,target_sector_event_weighted,shifted_1_day_text,target_event_keyword,-3.3308067598016273,-3.603469438988649,-5.254874481906862,-5.740377841420462,-0.4855033595135998,-0.4855033595135998,1,1,6,1,"Reuters reported that Blackstone posted a steeper-than-expected 12% drop in earnings in the referenced quarter, citing muted asset sales. The same article noted Blackstone’s privat | U.S. Federal Reserve left the federal funds rate unchanged at 5.25%–5.50% but signaled the possibility of further hikes (Articles 1, 3). Ten-year U.S. Treasury yields moved in t"
BX,2023-10-27,log_abs_return,1,80.0,target_sector_event_weighted,shifted_1_day_text,target_event_keyword,-3.491880631479794,-3.603469438988649,-4.84345347685555,-5.322228161821618,-0.47877468496606834,-0.47877468496606834,1,1,6,2,"Article 1 reports Blackstone's board declared a $0.80 quarterly dividend (annualized $3.20) on October 19, 2023; at the then-share price of $92.30 the yield was ~3.47%. The piece a | Article 2 notes Blackstone's third-quarter distributable earnings of $0.94 per share, which missed the Zacks consensus of $0.99 and represented an 11% decline year-over-year. Th"
BAC,2023-07-18,log_abs_return,1,80.0,target_sector_event_weighted,shifted_1_day_text,target_event_keyword,-3.623956536252743,-3.7591263504342325,-5.476839020465767,-5.953818578459013,-0.4769795579932463,-0.4769795579932463,1,1,4,3,"Article 12 reports Bank of America’s Q2 results: EPS $0.88 and revenue ~$25.3B, both beating consensus. Management reaffirmed NII guidance ($57B) and the Global Banking division ge | Article 11 describes Bank of America agreeing to pay $250M to settle regulatory claims (CFPB and OCC) over alleged double-charging and other account actions; the bank did not ad"
BX,2023-02-20,log_abs_return,1,80.0,target_sector_weighted,same_day_text,target_event_keyword,-3.497031508208773,-3.603469438988649,-5.865322561317297,-6.330867490988503,-0.4655449296712062,-0.4655449296712062,1,1,5,2,"Multiple articles report Blackstone’s strong fourth-quarter / full-year results: AUM reached about $975 billion (11% YoY growth), fee-related earnings and distributable earnings im | Articles report an unexpected surge in redemption requests for Blackstone’s private real estate vehicle BREIT toward the end of 2022; the firm imposed withdrawal caps to limit o"
AXP,2023-03-28,log_abs_return,1,80.0,target_sector_event_weighted,same_day_text,target_event_keyword,-3.6067819926037332,-3.7262468742768147,-5.001784820285391,-5.4519035993537655,-0.45011877906837405,-0.45011877906837405,1,1,6,3,"Article 1 reports American Express announced a new buyback authorization to repurchase up to 120 million common shares and approved a 15% increase in the quarterly dividend; the ar | Article 1 details that AXP shares rose YTD ~10.4%, Zacks Consensus EPS estimate for 2023 is $11.25 (≈14.2% YoY growth) and 2023 revenue consensus ~$61.1 billion (≈15.6% growth)."
BX,2023-01-18,log_abs_return,1,90.0,target_sector_weighted,shifted_1_day_text,target_event_keyword,-3.1655177602947093,-3.2064744590502876,-4.518393543240562,-4.96618075655034,-0.4477872133097778,-0.4477872133097778,1,1,3,1,"Reuters reported Blackstone closed two funds focused on secondaries and co-investments totaling $25 billion: Strategic Partners IX ($22.2 billion) and Strategic Partners GP Solutio | The Reuters piece noted Blackstone’s unlisted real estate income trust secured a $4 billion investment from the University of California earlier in January. | Articles 1, 5 and "
BX,2023-01-18,log_abs_return,1,80.0,target_sector_weighted,shifted_1_day_text,target_event_keyword,-3.1655177602947093,-3.603469438988649,-4.518393543240562,-4.96618075655034,-0.4477872133097778,-0.4477872133097778,1,1,3,1,"Reuters reported Blackstone closed two funds focused on secondaries and co-investments totaling $25 billion: Strategic Partners IX ($22.2 billion) and Strategic Partners GP Solutio | The Reuters piece noted Blackstone’s unlisted real estate income trust secured a $4 billion investment from the University of California earlier in January. | Articles 1, 5 and "
BX,2023-01-18,log_abs_return,1,85.0,target_sector_weighted,shifted_1_day_text,target_event_keyword,-3.1655177602947093,-3.4268472672158237,-4.518393543240562,-4.96618075655034,-0.4477872133097778,-0.4477872133097778,1,1,3,1,"Reuters reported Blackstone closed two funds focused on secondaries and co-investments totaling $25 billion: Strategic Partners IX ($22.2 billion) and Strategic Partners GP Solutio | The Reuters piece noted Blackstone’s unlisted real estate income trust secured a $4 billion investment from the University of California earlier in January. | Articles 1, 5 and "
ABT,2023-07-19,log_abs_return,1,95.0,target_sector_event_weighted,shifted_1_day_text,target_event_keyword,-3.1811566665718884,-3.418063142070021,-6.839569674811144,-7.2823092134593645,-0.44273953864822113,-0.44273953864822113,1,1,6,1,"Article 2 (Earnings Calendar) lists Abbott Laboratories (ABT) as reporting results for the quarter ending June 30, 2023; the Zacks consensus EPS from 9 analysts is $1.04, which rep | Multiple articles highlight investor-facing products and strategies: Validea model lists of top Health Care stocks based on Peter Lynch and Martin Zweig (showing model-driven in"
ABT,2023-07-19,log_abs_return,1,90.0,target_sector_event_weighted,shifted_1_day_text,target_event_keyword,-3.1811566665718884,-3.650441061846967,-6.839569674811144,-7.2823092134593645,-0.44273953864822113,-0.44273953864822113,1,1,6,1,"Article 2 (Earnings Calendar) lists Abbott Laboratories (ABT) as reporting results for the quarter ending June 30, 2023; the Zacks consensus EPS from 9 analysts is $1.04, which rep | Multiple articles highlight investor-facing products and strategies: Validea model lists of top Health Care stocks based on Peter Lynch and Martin Zweig (showing model-driven in"
ABT,2023-07-19,log_abs_return,1,80.0,target_sector_event_weighted,shifted_1_day_text,target_event_keyword,-3.1811566665718884,-4.013893356841336,-6.839569674811144,-7.2823092134593645,-0.44273953864822113,-0.44273953864822113,1,1,6,1,"Article 2 (Earnings Calendar) lists Abbott Laboratories (ABT) as reporting results for the quarter ending June 30, 2023; the Zacks consensus EPS from 9 analysts is $1.04, which rep | Multiple articles highlight investor-facing products and strategies: Validea model lists of top Health Care stocks based on Peter Lynch and Martin Zweig (showing model-driven in"
ABT,2023-07-19,log_abs_return,1,85.0,target_sector_event_weighted,shifted_1_day_text,target_event_keyword,-3.1811566665718884,-3.8578272817240364,-6.839569674811144,-7.2823092134593645,-0.44273953864822113,-0.44273953864822113,1,1,6,1,"Article 2 (Earnings Calendar) lists Abbott Laboratories (ABT) as reporting results for the quarter ending June 30, 2023; the Zacks consensus EPS from 9 analysts is $1.04, which rep | Multiple articles highlight investor-facing products and strategies: Validea model lists of top Health Care stocks based on Peter Lynch and Martin Zweig (showing model-driven in"
ABT,2023-11-15,log_abs_return,1,85.0,target_sector_event_weighted,shifted_1_day_text,target_event_keyword,-3.781029798518541,-3.8578272817240364,-6.64505225490775,-7.081082993022287,-0.4360307381145372,-0.4360307381145372,1,1,5,1,"Article (Alcon coverage) cites Abbott reported adjusted EPS of $1.14 and revenues of $10.14 billion for third-quarter 2023, beating consensus estimates and showing underlying growt | Arcellx and Gilead unit Kite agreed to expand an existing collaboration (Articles 1 & 6). Arcturus Therapeutics reported narrower Q3 net losses and saw substantial share gains; "
ABT,2023-11-15,log_abs_return,1,80.0,target_sector_event_weighted,shifted_1_day_text,target_event_keyword,-3.781029798518541,-4.013893356841336,-6.64505225490775,-7.081082993022287,-0.4360307381145372,-0.4360307381145372,1,1,5,1,"Article (Alcon coverage) cites Abbott reported adjusted EPS of $1.14 and revenues of $10.14 billion for third-quarter 2023, beating consensus estimates and showing underlying growt | Arcellx and Gilead unit Kite agreed to expand an existing collaboration (Articles 1 & 6). Arcturus Therapeutics reported narrower Q3 net losses and saw substantial share gains; "
AMGN,2023-10-20,log_abs_return,1,85.0,target_sector_event_weighted,shifted_1_day_text,target_event_keyword,-3.8709353231235046,-3.9850435594172993,-5.903339430680049,-6.334516677233756,-0.43117724655370715,-0.43117724655370715,1,1,5,2,"Zacks research note (Article 7) references Amgen’s recently completed acquisition of Horizon Therapeutics and says the deal is expected to enhance Amgen’s growth prospects by stren | Article 7 states Amgen expects strong sales growth for products such as Tezspire, Evenity, Repatha, Prolia and Tavneos, while noting lower revenues from oncology biosimilars and"
AMGN,2023-10-20,log_abs_return,1,80.0,target_sector_event_weighted,shifted_1_day_text,target_event_keyword,-3.8709353231235046,-4.166675797552926,-5.903339430680049,-6.334516677233756,-0.43117724655370715,-0.43117724655370715,1,1,5,2,"Zacks research note (Article 7) references Amgen’s recently completed acquisition of Horizon Therapeutics and says the deal is expected to enhance Amgen’s growth prospects by stren | Article 7 states Amgen expects strong sales growth for products such as Tezspire, Evenity, Repatha, Prolia and Tavneos, while noting lower revenues from oncology biosimilars and"
BX,2023-06-02,log_abs_return,1,80.0,target_sector_weighted,shifted_1_day_text,target_event_keyword,-3.2217249807143045,-3.603469438988649,-4.91015504996265,-5.321586029470688,-0.4114309795080384,-0.4114309795080384,1,1,6,2,Articles show strong yield and investor demand for Blackstone-affiliated credit vehicles: InvestorPlace (Article 12) describes Blackstone Secured Lending Fund (BXSL) as a Blackston | FDIC data showed Q1 2023 earnings for FDIC-insured banks rose 33.6% YoY driven by higher net interest income and a 77 bps increase in NIM; net charge-offs and provisions rose sh
BX,2023-06-02,log_abs_return,1,85.0,target_sector_weighted,shifted_1_day_text,target_event_keyword,-3.2217249807143045,-3.4268472672158237,-4.91015504996265,-5.321586029470688,-0.4114309795080384,-0.4114309795080384,1,1,6,2,Articles show strong yield and investor demand for Blackstone-affiliated credit vehicles: InvestorPlace (Article 12) describes Blackstone Secured Lending Fund (BXSL) as a Blackston | FDIC data showed Q1 2023 earnings for FDIC-insured banks rose 33.6% YoY driven by higher net interest income and a 77 bps increase in NIM; net charge-offs and provisions rose sh
BX,2023-01-18,log_abs_return,1,80.0,target_sector_event_weighted,same_day_text,target_event_keyword,-3.1655177602947093,-3.603469438988649,-4.518393543240562,-4.921212053641755,-0.4028185104011923,-0.4028185104011923,1,1,3,1,"Reuters reported Blackstone closed two funds focused on secondaries and co-investments totaling $25 billion: Strategic Partners IX ($22.2 billion) and Strategic Partners GP Solutio | The Reuters piece noted Blackstone’s unlisted real estate income trust secured a $4 billion investment from the University of California earlier in January. | Articles 1, 5 and "
BX,2023-01-18,log_abs_return,1,90.0,target_sector_event_weighted,same_day_text,target_event_keyword,-3.1655177602947093,-3.2064744590502876,-4.518393543240562,-4.921212053641755,-0.4028185104011923,-0.4028185104011923,1,1,3,1,"Reuters reported Blackstone closed two funds focused on secondaries and co-investments totaling $25 billion: Strategic Partners IX ($22.2 billion) and Strategic Partners GP Solutio | The Reuters piece noted Blackstone’s unlisted real estate income trust secured a $4 billion investment from the University of California earlier in January. | Articles 1, 5 and "
BX,2023-01-18,log_abs_return,1,85.0,target_sector_event_weighted,same_day_text,target_event_keyword,-3.1655177602947093,-3.4268472672158237,-4.518393543240562,-4.921212053641755,-0.4028185104011923,-0.4028185104011923,1,1,3,1,"Reuters reported Blackstone closed two funds focused on secondaries and co-investments totaling $25 billion: Strategic Partners IX ($22.2 billion) and Strategic Partners GP Solutio | The Reuters piece noted Blackstone’s unlisted real estate income trust secured a $4 billion investment from the University of California earlier in January. | Articles 1, 5 and "
BX,2023-10-27,log_abs_return,1,80.0,target_sector_weighted,same_day_text,target_event_keyword,-3.491880631479794,-3.603469438988649,-4.84345347685555,-5.239451738021575,-0.3959982611660253,-0.3959982611660253,1,1,6,2,"Article 1 reports Blackstone's board declared a $0.80 quarterly dividend (annualized $3.20) on October 19, 2023; at the then-share price of $92.30 the yield was ~3.47%. The piece a | Article 2 notes Blackstone's third-quarter distributable earnings of $0.94 per share, which missed the Zacks consensus of $0.99 and represented an 11% decline year-over-year. Th"
BX,2023-01-05,log_abs_return,1,80.0,target_sector_event_weighted,shifted_1_day_text,target_event_keyword,-3.388402453915189,-3.603469438988649,-5.178397946033143,-5.573486926346869,-0.3950889803137265,-0.3950889803137265,1,1,4,1,"Blackstone's non-traded REIT BREIT faced elevated retail redemptions that exceeded its 5% quarterly redemption limit, prompting redemption restrictions and investor concern. To bol | Articles report the Federal Reserve adopted a hawkish tone in December FOMC minutes and has raised policy rates (noted at 4.25-4.50% in one piece). Short- and long-term Treasury"
BX,2023-01-05,log_abs_return,1,85.0,target_sector_event_weighted,shifted_1_day_text,target_event_keyword,-3.388402453915189,-3.4268472672158237,-5.178397946033143,-5.573486926346869,-0.3950889803137265,-0.3950889803137265,1,1,4,1,"Blackstone's non-traded REIT BREIT faced elevated retail redemptions that exceeded its 5% quarterly redemption limit, prompting redemption restrictions and investor concern. To bol | Articles report the Federal Reserve adopted a hawkish tone in December FOMC minutes and has raised policy rates (noted at 4.25-4.50% in one piece). Short- and long-term Treasury"
AMD,2023-01-20,log_abs_return,1,80.0,target_sector_event_weighted,shifted_1_day_text,target_event_keyword,-2.4282836216643213,-3.2882544033767758,-5.844190044821357,-6.2339768841156395,-0.3897868392942829,-0.3897868392942829,1,1,5,3,"Multiple articles note AMD’s recent data‑center product activity: the company launched a new generation of Genoa server chips (with large cloud customers such as Google, Oracle and | Coverage of AMD as a growth stock cites AMD’s 2022 acquisition of Xilinx and notes that the deal expanded AMD’s product portfolio into embedded and custom chips for markets such"
AMD,2023-01-20,log_abs_return,1,95.0,target_sector_event_weighted,shifted_1_day_text,target_event_keyword,-2.4282836216643213,-2.6862575909914783,-5.844190044821357,-6.2339768841156395,-0.3897868392942829,-0.3897868392942829,1,1,5,3,"Multiple articles note AMD’s recent data‑center product activity: the company launched a new generation of Genoa server chips (with large cloud customers such as Google, Oracle and | Coverage of AMD as a growth stock cites AMD’s 2022 acquisition of Xilinx and notes that the deal expanded AMD’s product portfolio into embedded and custom chips for markets such"
AMD,2023-01-20,log_abs_return,1,85.0,target_sector_event_weighted,shifted_1_day_text,target_event_keyword,-2.4282836216643213,-3.1334976403546837,-5.844190044821357,-6.2339768841156395,-0.3897868392942829,-0.3897868392942829,1,1,5,3,"Multiple articles note AMD’s recent data‑center product activity: the company launched a new generation of Genoa server chips (with large cloud customers such as Google, Oracle and | Coverage of AMD as a growth stock cites AMD’s 2022 acquisition of Xilinx and notes that the deal expanded AMD’s product portfolio into embedded and custom chips for markets such"
AMD,2023-01-20,log_abs_return,1,90.0,target_sector_event_weighted,shifted_1_day_text,target_event_keyword,-2.4282836216643213,-2.930472296673667,-5.844190044821357,-6.2339768841156395,-0.3897868392942829,-0.3897868392942829,1,1,5,3,"Multiple articles note AMD’s recent data‑center product activity: the company launched a new generation of Genoa server chips (with large cloud customers such as Google, Oracle and | Coverage of AMD as a growth stock cites AMD’s 2022 acquisition of Xilinx and notes that the deal expanded AMD’s product portfolio into embedded and custom chips for markets such"
AMGN,2023-07-07,log_abs_return,1,90.0,target_sector_event_weighted,shifted_1_day_text,target_event_keyword,-3.596213401417263,-3.7808209189212634,-5.584802967206358,-5.960586584401244,-0.3757836171948856,-0.3757836171948856,1,1,5,4,Article 5 reports Amgen is pursuing a $27.8 billion cash acquisition of Horizon Therapeutics but the U.S. Federal Trade Commission is seeking to block the merger. The article notes | Article 5 says Amgen’s Q1 revenue declined ~2% year-over-year to $6.1 billion and that newer approvals (Lumakras and Tezspire) have not yet materially moved financial results. T
AMGN,2023-07-07,log_abs_return,1,85.0,target_sector_event_weighted,shifted_1_day_text,target_event_keyword,-3.596213401417263,-3.9850435594172993,-5.584802967206358,-5.960586584401244,-0.3757836171948856,-0.3757836171948856,1,1,5,4,Article 5 reports Amgen is pursuing a $27.8 billion cash acquisition of Horizon Therapeutics but the U.S. Federal Trade Commission is seeking to block the merger. The article notes | Article 5 says Amgen’s Q1 revenue declined ~2% year-over-year to $6.1 billion and that newer approvals (Lumakras and Tezspire) have not yet materially moved financial results. T
AMGN,2023-07-07,log_abs_return,1,80.0,target_sector_event_weighted,shifted_1_day_text,target_event_keyword,-3.596213401417263,-4.166675797552926,-5.584802967206358,-5.960586584401244,-0.3757836171948856,-0.3757836171948856,1,1,5,4,Article 5 reports Amgen is pursuing a $27.8 billion cash acquisition of Horizon Therapeutics but the U.S. Federal Trade Commission is seeking to block the merger. The article notes | Article 5 says Amgen’s Q1 revenue declined ~2% year-over-year to $6.1 billion and that newer approvals (Lumakras and Tezspire) have not yet materially moved financial results. T
AXP,2023-07-20,log_abs_return,1,80.0,target_sector_event_weighted,shifted_1_day_text,target_event_keyword,-3.2269259271925934,-3.7262468742768147,-5.371986999632379,-5.7477213665543045,-0.3757343669219253,-0.3757343669219253,1,1,5,1,"Earnings calendar (pre-market) lists American Express (AXP) as reporting for quarter ended June 30, 2023 with a consensus EPS of $2.80 from 16 analysts; Zacks notes this represents | Multiple U.S. banks and financial firms reported mixed Q2 results: Blackstone reported lower distributable earnings year-over-year; Truist missed expectations with EPS down from"
AXP,2023-07-20,log_abs_return,1,85.0,target_sector_event_weighted,shifted_1_day_text,target_event_keyword,-3.2269259271925934,-3.5352569217700602,-5.371986999632379,-5.7477213665543045,-0.3757343669219253,-0.3757343669219253,1,1,5,1,"Earnings calendar (pre-market) lists American Express (AXP) as reporting for quarter ended June 30, 2023 with a consensus EPS of $2.80 from 16 analysts; Zacks notes this represents | Multiple U.S. banks and financial firms reported mixed Q2 results: Blackstone reported lower distributable earnings year-over-year; Truist missed expectations with EPS down from"
AXP,2023-07-20,log_abs_return,1,90.0,target_sector_event_weighted,shifted_1_day_text,target_event_keyword,-3.2269259271925934,-3.370311825991873,-5.371986999632379,-5.7477213665543045,-0.3757343669219253,-0.3757343669219253,1,1,5,1,"Earnings calendar (pre-market) lists American Express (AXP) as reporting for quarter ended June 30, 2023 with a consensus EPS of $2.80 from 16 analysts; Zacks notes this represents | Multiple U.S. banks and financial firms reported mixed Q2 results: Blackstone reported lower distributable earnings year-over-year; Truist missed expectations with EPS down from"
ABT,2023-11-10,log_abs_return,1,80.0,target_sector_weighted,shifted_1_day_text,target_event_keyword,-3.9537435205721567,-4.013893356841336,-5.30410449327118,-5.679000145158223,-0.37489565188704255,-0.37489565188704255,1,1,6,1,"Article 1 reports Abbott (ABT) delivered adjusted Q3 2023 EPS of $1.14 and total revenues of $10.14 billion, both beating consensus estimates. The article notes Abbott has outperfo | FDA approved Eli Lilly's tirzepatide for chronic weight management (to be marketed as Zepbound); Lilly already markets tirzepatide as Mounjaro for type 2 diabetes. Clinical tria"
AXP,2023-01-26,log_abs_return,1,85.0,target_sector_weighted,shifted_1_day_text,target_event_keyword,-2.3005027858249716,-3.5352569217700602,-4.622930908027174,-4.993000506183895,-0.37006959815672147,-0.37006959815672147,1,1,5,2,"Analysts and previews expect American Express to report mixed Q4 results: several outlets forecast EPS slightly above consensus while revenues could be marginally below consensus ( | Previews and recent results show continued strength in noninterest revenue (discount revenue, service fees) and rising net interest income driven by higher margins and card-memb"
AXP,2023-01-26,log_abs_return,1,80.0,target_sector_weighted,shifted_1_day_text,target_event_keyword,-2.3005027858249716,-3.7262468742768147,-4.622930908027174,-4.993000506183895,-0.37006959815672147,-0.37006959815672147,1,1,5,2,"Analysts and previews expect American Express to report mixed Q4 results: several outlets forecast EPS slightly above consensus while revenues could be marginally below consensus ( | Previews and recent results show continued strength in noninterest revenue (discount revenue, service fees) and rising net interest income driven by higher margins and card-memb"
AXP,2023-01-26,log_abs_return,1,90.0,target_sector_weighted,shifted_1_day_text,target_event_keyword,-2.3005027858249716,-3.370311825991873,-4.622930908027174,-4.993000506183895,-0.37006959815672147,-0.37006959815672147,1,1,5,2,"Analysts and previews expect American Express to report mixed Q4 results: several outlets forecast EPS slightly above consensus while revenues could be marginally below consensus ( | Previews and recent results show continued strength in noninterest revenue (discount revenue, service fees) and rising net interest income driven by higher margins and card-memb"
AXP,2023-01-26,log_abs_return,1,95.0,target_sector_weighted,shifted_1_day_text,target_event_keyword,-2.3005027858249716,-3.14656152475054,-4.622930908027174,-4.993000506183895,-0.37006959815672147,-0.37006959815672147,1,1,5,2,"Analysts and previews expect American Express to report mixed Q4 results: several outlets forecast EPS slightly above consensus while revenues could be marginally below consensus ( | Previews and recent results show continued strength in noninterest revenue (discount revenue, service fees) and rising net interest income driven by higher margins and card-memb"
BX,2023-10-27,log_abs_return,1,80.0,target_sector_event_weighted,same_day_text,target_event_keyword,-3.491880631479794,-3.603469438988649,-4.84345347685555,-5.2058449077988485,-0.3623914309432985,-0.3623914309432985,1,1,6,2,"Article 1 reports Blackstone's board declared a $0.80 quarterly dividend (annualized $3.20) on October 19, 2023; at the then-share price of $92.30 the yield was ~3.47%. The piece a | Article 2 notes Blackstone's third-quarter distributable earnings of $0.94 per share, which missed the Zacks consensus of $0.99 and represented an 11% decline year-over-year. Th"
ABT,2023-10-11,log_abs_return,1,80.0,target_sector_event_weighted,shifted_1_day_text,target_event_keyword,-3.849887834931077,-4.013893356841336,-4.066363809766385,-4.423686423719422,-0.35732261395303766,-0.35732261395303766,1,1,6,3,"Article 11 reports strong organic growth in Abbott’s diabetes unit: FreeStyle Libre sales grew ~21.4% Y/Y in Q2 to $1.4bn (organic growth outpacing company-wide growth). FreeStyle  | Article 11 explicitly notes Abbott 'has had to deal with several issues that affected its results and its public image, notably the recall of its baby formula products.' The art"
ABT,2023-10-11,log_abs_return,1,85.0,target_sector_event_weighted,shifted_1_day_text,target_event_keyword,-3.849887834931077,-3.8578272817240364,-4.066363809766385,-4.423686423719422,-0.35732261395303766,-0.35732261395303766,1,1,6,3,"Article 11 reports strong organic growth in Abbott’s diabetes unit: FreeStyle Libre sales grew ~21.4% Y/Y in Q2 to $1.4bn (organic growth outpacing company-wide growth). FreeStyle  | Article 11 explicitly notes Abbott 'has had to deal with several issues that affected its results and its public image, notably the recall of its baby formula products.' The art"
BAC,2023-04-24,log_abs_return,1,80.0,target_sector_weighted,shifted_1_day_text,target_event_keyword,-3.4608829581773186,-3.7591263504342325,-5.4703987653225905,-5.81952874695692,-0.34912998163432984,-0.34912998163432984,1,1,5,1,"Articles (1,2) report that the Silicon Valley Bank bankruptcy triggered depositor flight from regional banks to larger institutions; the pieces specifically name Bank of America as | Article 25 highlights first-quarter share repurchase activity across major banks and states that Bank of America repurchased $2.2 billion of stock in Q1 (compared with repurchas"
BAC,2023-04-24,log_abs_return,1,85.0,target_sector_weighted,shifted_1_day_text,target_event_keyword,-3.4608829581773186,-3.5627330956552896,-5.4703987653225905,-5.81952874695692,-0.34912998163432984,-0.34912998163432984,1,1,5,1,"Articles (1,2) report that the Silicon Valley Bank bankruptcy triggered depositor flight from regional banks to larger institutions; the pieces specifically name Bank of America as | Article 25 highlights first-quarter share repurchase activity across major banks and states that Bank of America repurchased $2.2 billion of stock in Q1 (compared with repurchas"
BAC,2023-10-09,log_abs_return,1,80.0,target_sector_event_weighted,same_day_text,target_event_keyword,-3.6397816275579333,-3.7591263504342325,-6.043468920321388,-6.392172292468505,-0.3487033721471171,-0.3487033721471171,1,1,5,1,"Article reports B of A Securities (Bank of America’s research arm) maintained coverage of Verisk Analytics (VRSK) with a Buy recommendation and published a price target/analysis (A | Articles highlight secular growth in digital payments and name Visa, American Express and PayPal as beneficiaries. Visa reported $10.9 trillion in total payment volume and 3.9 b"
C,2023-12-05,log_abs_return,1,80.0,target_sector_weighted,shifted_1_day_text,target_event_keyword,-3.707617623988155,-3.7434251735950372,-5.1959019136850975,-5.5431604021135295,-0.347258488428432,-0.347258488428432,1,1,5,1,"Article reports Citigroup announced a collaboration with Traydstream to offer cloud-based automated document-checking solutions for trade documents (letters of credit, collections) | Reuters reported life insurers drew a record $137.1 billion from FHLBs last year. Insurers such as MetLife, TIAA and others use FHLB borrowings to capture an arbitrage by invest"
BX,2023-02-20,log_abs_return,1,80.0,target_sector_event_weighted,shifted_1_day_text,target_event_keyword,-3.497031508208773,-3.603469438988649,-5.865322561317297,-6.210573935947366,-0.3452513746300694,-0.3452513746300694,1,1,5,2,"Multiple articles report Blackstone’s strong fourth-quarter / full-year results: AUM reached about $975 billion (11% YoY growth), fee-related earnings and distributable earnings im | Articles report an unexpected surge in redemption requests for Blackstone’s private real estate vehicle BREIT toward the end of 2022; the firm imposed withdrawal caps to limit o"
AXP,2023-03-28,log_abs_return,1,80.0,target_sector_weighted,same_day_text,target_event_keyword,-3.6067819926037332,-3.7262468742768147,-5.001784820285391,-5.34027223680103,-0.33848741651563863,-0.33848741651563863,1,1,6,3,"Article 1 reports American Express announced a new buyback authorization to repurchase up to 120 million common shares and approved a 15% increase in the quarterly dividend; the ar | Article 1 details that AXP shares rose YTD ~10.4%, Zacks Consensus EPS estimate for 2023 is $11.25 (≈14.2% YoY growth) and 2023 revenue consensus ~$61.1 billion (≈15.6% growth)."
BAC,2023-09-29,log_abs_return,1,80.0,target_sector_event_weighted,shifted_1_day_text,target_event_keyword,-3.682924062285842,-3.7591263504342325,-6.116016419282629,-6.452886350350849,-0.33686993106821994,-0.33686993106821994,1,1,6,1,"Reuters reported the U.S. Commodity Futures Trading Commission ordered Bank of America to pay a civil monetary penalty of $8 million as part of a broader enforcement action that al | A Reuters piece on Citigroup’s reorganization quoted Bank of America CEO Brian Moynihan predicting the U.S. economy would achieve a soft landing, citing consumer spending patter"
BAC,2023-07-18,log_abs_return,1,80.0,target_sector_weighted,shifted_1_day_text,target_event_keyword,-3.623956536252743,-3.7591263504342325,-5.476839020465767,-5.80021136944466,-0.3233723489788929,-0.3233723489788929,1,1,4,3,"Article 12 reports Bank of America’s Q2 results: EPS $0.88 and revenue ~$25.3B, both beating consensus. Management reaffirmed NII guidance ($57B) and the Global Banking division ge | Article 11 describes Bank of America agreeing to pay $250M to settle regulatory claims (CFPB and OCC) over alleged double-charging and other account actions; the bank did not ad"
C,2023-04-13,log_abs_return,1,85.0,target_sector_weighted,shifted_1_day_text,target_event_keyword,-3.064576604392959,-3.570739842936126,-5.230599546394596,-5.54928871745908,-0.31868917106448436,-0.31868917106448436,1,1,5,2,Multiple earnings-preview articles note Citigroup (C) is scheduled to report Q1 results on April 14. Pre-release consensus and model commentary (Zacks / earnings calendars) show an | Several articles and models reference Citigroup’s inclusion in pre-earnings coverage: Zacks mentions Citi’s Earnings ESP (reported between +0.58% and +1.56% in different preview
C,2023-04-13,log_abs_return,1,80.0,target_sector_weighted,shifted_1_day_text,target_event_keyword,-3.064576604392959,-3.7434251735950372,-5.230599546394596,-5.54928871745908,-0.31868917106448436,-0.31868917106448436,1,1,5,2,Multiple earnings-preview articles note Citigroup (C) is scheduled to report Q1 results on April 14. Pre-release consensus and model commentary (Zacks / earnings calendars) show an | Several articles and models reference Citigroup’s inclusion in pre-earnings coverage: Zacks mentions Citi’s Earnings ESP (reported between +0.58% and +1.56% in different preview
C,2023-04-13,log_abs_return,1,90.0,target_sector_weighted,shifted_1_day_text,target_event_keyword,-3.064576604392959,-3.37895328487301,-5.230599546394596,-5.54928871745908,-0.31868917106448436,-0.31868917106448436,1,1,5,2,Multiple earnings-preview articles note Citigroup (C) is scheduled to report Q1 results on April 14. Pre-release consensus and model commentary (Zacks / earnings calendars) show an | Several articles and models reference Citigroup’s inclusion in pre-earnings coverage: Zacks mentions Citi’s Earnings ESP (reported between +0.58% and +1.56% in different preview
AMD,2023-09-14,log_abs_return,1,80.0,target_sector_weighted,shifted_1_day_text,target_event_keyword,-3.0077112992258566,-3.2882544033767758,-4.993979153170204,-5.306242435594846,-0.31226328242464163,-0.31226328242464163,1,1,5,1,"InvestorPlace coverage highlights AMD's AI opportunity and upcoming MI300 AI accelerators; notes AMD stock rally YTD (~64.5%), trailing revenue of $23.6B (last year) and analyst co | SoftBank-priced Arm Holdings' U.S. IPO at $51 per American depositary share, raising $4.87 billion and valuing Arm near $54.5 billion; Arm debuted on Nasdaq and jumped strongly "
AMD,2023-09-14,log_abs_return,1,85.0,target_sector_weighted,shifted_1_day_text,target_event_keyword,-3.0077112992258566,-3.1334976403546837,-4.993979153170204,-5.306242435594846,-0.31226328242464163,-0.31226328242464163,1,1,5,1,"InvestorPlace coverage highlights AMD's AI opportunity and upcoming MI300 AI accelerators; notes AMD stock rally YTD (~64.5%), trailing revenue of $23.6B (last year) and analyst co | SoftBank-priced Arm Holdings' U.S. IPO at $51 per American depositary share, raising $4.87 billion and valuing Arm near $54.5 billion; Arm debuted on Nasdaq and jumped strongly "
AXP,2023-01-26,log_abs_return,1,85.0,target_sector_event_weighted,shifted_1_day_text,target_event_keyword,-2.3005027858249716,-3.5352569217700602,-4.622930908027174,-4.922585516228082,-0.2996546082009086,-0.2996546082009086,1,1,5,2,"Analysts and previews expect American Express to report mixed Q4 results: several outlets forecast EPS slightly above consensus while revenues could be marginally below consensus ( | Previews and recent results show continued strength in noninterest revenue (discount revenue, service fees) and rising net interest income driven by higher margins and card-memb"
AXP,2023-01-26,log_abs_return,1,80.0,target_sector_event_weighted,shifted_1_day_text,target_event_keyword,-2.3005027858249716,-3.7262468742768147,-4.622930908027174,-4.922585516228082,-0.2996546082009086,-0.2996546082009086,1,1,5,2,"Analysts and previews expect American Express to report mixed Q4 results: several outlets forecast EPS slightly above consensus while revenues could be marginally below consensus ( | Previews and recent results show continued strength in noninterest revenue (discount revenue, service fees) and rising net interest income driven by higher margins and card-memb"
AXP,2023-01-26,log_abs_return,1,95.0,target_sector_event_weighted,shifted_1_day_text,target_event_keyword,-2.3005027858249716,-3.14656152475054,-4.622930908027174,-4.922585516228082,-0.2996546082009086,-0.2996546082009086,1,1,5,2,"Analysts and previews expect American Express to report mixed Q4 results: several outlets forecast EPS slightly above consensus while revenues could be marginally below consensus ( | Previews and recent results show continued strength in noninterest revenue (discount revenue, service fees) and rising net interest income driven by higher margins and card-memb"
AXP,2023-01-26,log_abs_return,1,90.0,target_sector_event_weighted,shifted_1_day_text,target_event_keyword,-2.3005027858249716,-3.370311825991873,-4.622930908027174,-4.922585516228082,-0.2996546082009086,-0.2996546082009086,1,1,5,2,"Analysts and previews expect American Express to report mixed Q4 results: several outlets forecast EPS slightly above consensus while revenues could be marginally below consensus ( | Previews and recent results show continued strength in noninterest revenue (discount revenue, service fees) and rising net interest income driven by higher margins and card-memb"
ABT,2023-02-08,log_abs_return,1,80.0,target_sector_event_weighted,shifted_1_day_text,target_event_keyword,-3.936425781719119,-4.013893356841336,-5.967832082098828,-6.264775997710572,-0.2969439156117444,-0.2969439156117444,1,1,5,3,"Abbott announced agreement to acquire Cardiovascular Systems Inc. for about $890 million, offering $20 per share to CSI stockholders. The deal is subject to CSI shareholder approva | A Motley Fool article highlighted Abbott as a Dividend King with a longstanding dividend record, reporting an annual dividend of $2.04 (yield ~1.84%) and noting Abbott’s diversi"
BX,2023-01-05,log_abs_return,1,80.0,target_sector_weighted,shifted_1_day_text,target_event_keyword,-3.388402453915189,-3.603469438988649,-5.178397946033143,-5.474403461194777,-0.2960055151616343,-0.2960055151616343,1,1,4,1,"Blackstone's non-traded REIT BREIT faced elevated retail redemptions that exceeded its 5% quarterly redemption limit, prompting redemption restrictions and investor concern. To bol | Articles report the Federal Reserve adopted a hawkish tone in December FOMC minutes and has raised policy rates (noted at 4.25-4.50% in one piece). Short- and long-term Treasury"
BX,2023-01-05,log_abs_return,1,85.0,target_sector_weighted,shifted_1_day_text,target_event_keyword,-3.388402453915189,-3.4268472672158237,-5.178397946033143,-5.474403461194777,-0.2960055151616343,-0.2960055151616343,1,1,4,1,"Blackstone's non-traded REIT BREIT faced elevated retail redemptions that exceeded its 5% quarterly redemption limit, prompting redemption restrictions and investor concern. To bol | Articles report the Federal Reserve adopted a hawkish tone in December FOMC minutes and has raised policy rates (noted at 4.25-4.50% in one piece). Short- and long-term Treasury"
AMGN,2023-10-03,log_abs_return,1,80.0,target_sector_weighted,same_day_text,target_event_keyword,-4.084583696798282,-4.166675797552926,-5.177799985600486,-5.470513551238922,-0.29271356563843565,-0.29271356563843565,1,1,4,1,Article: 'Here's Why Intuit Stock Is A Better Pick Over Amgen' reports Amgen is up ~2% YTD while Intuit is up ~31%. The article notes Amgen's recent revenue growth has been modest  | Eli Lilly (LLY) signed a definitive agreement to acquire POINT Biopharma Global (PNT) for $12.50 per share in cash (~$1.4 billion). PNT shares rose more than 84% on the deal ann
AMD,2023-09-14,log_abs_return,1,85.0,target_sector_event_weighted,shifted_1_day_text,target_event_keyword,-3.0077112992258566,-3.1334976403546837,-4.993979153170204,-5.28557088330622,-0.291591730136016,-0.291591730136016,1,1,5,1,"InvestorPlace coverage highlights AMD's AI opportunity and upcoming MI300 AI accelerators; notes AMD stock rally YTD (~64.5%), trailing revenue of $23.6B (last year) and analyst co | SoftBank-priced Arm Holdings' U.S. IPO at $51 per American depositary share, raising $4.87 billion and valuing Arm near $54.5 billion; Arm debuted on Nasdaq and jumped strongly "
AMD,2023-09-14,log_abs_return,1,80.0,target_sector_event_weighted,shifted_1_day_text,target_event_keyword,-3.0077112992258566,-3.2882544033767758,-4.993979153170204,-5.28557088330622,-0.291591730136016,-0.291591730136016,1,1,5,1,"InvestorPlace coverage highlights AMD's AI opportunity and upcoming MI300 AI accelerators; notes AMD stock rally YTD (~64.5%), trailing revenue of $23.6B (last year) and analyst co | SoftBank-priced Arm Holdings' U.S. IPO at $51 per American depositary share, raising $4.87 billion and valuing Arm near $54.5 billion; Arm debuted on Nasdaq and jumped strongly "
AXP,2023-03-28,log_abs_return,1,80.0,target_sector_event_weighted,shifted_1_day_text,target_event_keyword,-3.6067819926037332,-3.7262468742768147,-5.001784820285391,-5.2920614619986805,-0.29027664171328915,-0.29027664171328915,1,1,6,3,"Article 1 reports American Express announced a new buyback authorization to repurchase up to 120 million common shares and approved a 15% increase in the quarterly dividend; the ar | Article 1 details that AXP shares rose YTD ~10.4%, Zacks Consensus EPS estimate for 2023 is $11.25 (≈14.2% YoY growth) and 2023 revenue consensus ~$61.1 billion (≈15.6% growth)."
AMGN,2023-02-07,log_abs_return,1,80.0,target_sector_event_weighted,shifted_1_day_text,target_event_keyword,-4.154337149055161,-4.166675797552926,-4.918961244051777,-5.207217148509602,-0.28825590445782456,-0.28825590445782456,1,1,5,3,Articles note Amgen’s buyout of Horizon Therapeutics (~$27.8 billion) as one of the large M&A deals cited in the sector; the deal was reported as expected to close in the first hal | An article reports Amgen launched Amjevita in the United States as the first company to launch a Humira biosimilar in the country; the wider context noted Humira’s loss of exclu
BX,2023-04-27,log_abs_return,1,85.0,target_sector_weighted,shifted_1_day_text,target_event_keyword,-3.373306737888002,-3.4268472672158237,-6.202184531185365,-6.490163322454765,-0.28797879126940007,-0.28797879126940007,1,1,5,1,Validea published a guru fundamental report for BLACKSTONE INC (BX) showing BX scores highest under its Multi-Factor Investor model (Pim van Vliet) with a 56% rating. The report li | Articles report renewed concerns about U.S. regional banks after sharp market moves and deposit losses: Reuters coverage notes a sharp drop in First Republic Bank's market value
BX,2023-04-27,log_abs_return,1,80.0,target_sector_weighted,shifted_1_day_text,target_event_keyword,-3.373306737888002,-3.603469438988649,-6.202184531185365,-6.490163322454765,-0.28797879126940007,-0.28797879126940007,1,1,5,1,Validea published a guru fundamental report for BLACKSTONE INC (BX) showing BX scores highest under its Multi-Factor Investor model (Pim van Vliet) with a 56% rating. The report li | Articles report renewed concerns about U.S. regional banks after sharp market moves and deposit losses: Reuters coverage notes a sharp drop in First Republic Bank's market value
AXP,2023-07-20,log_abs_return,1,80.0,target_sector_weighted,shifted_1_day_text,target_event_keyword,-3.2269259271925934,-3.7262468742768147,-5.371986999632379,-5.6577052043979466,-0.2857182047655673,-0.2857182047655673,1,1,5,1,"Earnings calendar (pre-market) lists American Express (AXP) as reporting for quarter ended June 30, 2023 with a consensus EPS of $2.80 from 16 analysts; Zacks notes this represents | Multiple U.S. banks and financial firms reported mixed Q2 results: Blackstone reported lower distributable earnings year-over-year; Truist missed expectations with EPS down from"
AXP,2023-07-20,log_abs_return,1,85.0,target_sector_weighted,shifted_1_day_text,target_event_keyword,-3.2269259271925934,-3.5352569217700602,-5.371986999632379,-5.6577052043979466,-0.2857182047655673,-0.2857182047655673,1,1,5,1,"Earnings calendar (pre-market) lists American Express (AXP) as reporting for quarter ended June 30, 2023 with a consensus EPS of $2.80 from 16 analysts; Zacks notes this represents | Multiple U.S. banks and financial firms reported mixed Q2 results: Blackstone reported lower distributable earnings year-over-year; Truist missed expectations with EPS down from"
AXP,2023-07-20,log_abs_return,1,90.0,target_sector_weighted,shifted_1_day_text,target_event_keyword,-3.2269259271925934,-3.370311825991873,-5.371986999632379,-5.6577052043979466,-0.2857182047655673,-0.2857182047655673,1,1,5,1,"Earnings calendar (pre-market) lists American Express (AXP) as reporting for quarter ended June 30, 2023 with a consensus EPS of $2.80 from 16 analysts; Zacks notes this represents | Multiple U.S. banks and financial firms reported mixed Q2 results: Blackstone reported lower distributable earnings year-over-year; Truist missed expectations with EPS down from"
BX,2023-01-18,log_abs_return,1,90.0,target_sector_weighted,same_day_text,target_event_keyword,-3.1655177602947093,-3.2064744590502876,-4.518393543240562,-4.795043497065214,-0.2766499538246512,-0.2766499538246512,1,1,3,1,"Reuters reported Blackstone closed two funds focused on secondaries and co-investments totaling $25 billion: Strategic Partners IX ($22.2 billion) and Strategic Partners GP Solutio | The Reuters piece noted Blackstone’s unlisted real estate income trust secured a $4 billion investment from the University of California earlier in January. | Articles 1, 5 and "
BX,2023-01-18,log_abs_return,1,80.0,target_sector_weighted,same_day_text,target_event_keyword,-3.1655177602947093,-3.603469438988649,-4.518393543240562,-4.795043497065214,-0.2766499538246512,-0.2766499538246512,1,1,3,1,"Reuters reported Blackstone closed two funds focused on secondaries and co-investments totaling $25 billion: Strategic Partners IX ($22.2 billion) and Strategic Partners GP Solutio | The Reuters piece noted Blackstone’s unlisted real estate income trust secured a $4 billion investment from the University of California earlier in January. | Articles 1, 5 and "
BX,2023-01-18,log_abs_return,1,85.0,target_sector_weighted,same_day_text,target_event_keyword,-3.1655177602947093,-3.4268472672158237,-4.518393543240562,-4.795043497065214,-0.2766499538246512,-0.2766499538246512,1,1,3,1,"Reuters reported Blackstone closed two funds focused on secondaries and co-investments totaling $25 billion: Strategic Partners IX ($22.2 billion) and Strategic Partners GP Solutio | The Reuters piece noted Blackstone’s unlisted real estate income trust secured a $4 billion investment from the University of California earlier in January. | Articles 1, 5 and "
BAC,2023-05-16,log_abs_return,1,80.0,target_sector_weighted,shifted_1_day_text,target_event_keyword,-3.1401840445842115,-3.7591263504342325,-4.672616063334711,-4.947520828998753,-0.27490476566404176,-0.27490476566404176,1,1,4,1,"BofA Securities (Bank of America's brokerage/research arm) published or reiterated analyst coverage and buy/equal-weight recommendations for regional banks (articles noting BofA Se | A large investor (Berkshire Hathaway) disclosed purchases that increased its Bank of America holdings (article reporting Buffett added 22.75 million shares, raising Berkshire's "
BAC,2023-05-16,log_abs_return,1,90.0,target_sector_weighted,shifted_1_day_text,target_event_keyword,-3.1401840445842115,-3.371941668411282,-4.672616063334711,-4.947520828998753,-0.27490476566404176,-0.27490476566404176,1,1,4,1,"BofA Securities (Bank of America's brokerage/research arm) published or reiterated analyst coverage and buy/equal-weight recommendations for regional banks (articles noting BofA Se | A large investor (Berkshire Hathaway) disclosed purchases that increased its Bank of America holdings (article reporting Buffett added 22.75 million shares, raising Berkshire's "
BAC,2023-05-16,log_abs_return,1,85.0,target_sector_weighted,shifted_1_day_text,target_event_keyword,-3.1401840445842115,-3.5627330956552896,-4.672616063334711,-4.947520828998753,-0.27490476566404176,-0.27490476566404176,1,1,4,1,"BofA Securities (Bank of America's brokerage/research arm) published or reiterated analyst coverage and buy/equal-weight recommendations for regional banks (articles noting BofA Se | A large investor (Berkshire Hathaway) disclosed purchases that increased its Bank of America holdings (article reporting Buffett added 22.75 million shares, raising Berkshire's "
ABT,2023-06-21,log_abs_return,1,80.0,target_sector_weighted,shifted_1_day_text,target_event_keyword,-3.9819879080288345,-4.013893356841336,-6.284377481126343,-6.556358217855159,-0.27198073672881584,-0.27198073672881584,1,1,4,1,"Surmodics announced FDA approval for its SurVeil DCB to treat peripheral artery disease and confirmed a commercialization agreement with Abbott: Surmodics will manufacture and supp | Multiple Validea model articles (Martin Zweig, Peter Lynch, Warren Buffett, Benjamin Graham) highlighted top-rated U.S. health-care stocks and investment screens (Articles 1,2,3"
ABT,2023-07-20,log_abs_return,1,85.0,target_sector_weighted,shifted_1_day_text,target_event_keyword,-3.8277135364663115,-3.8578272817240364,-5.060452251164766,-5.327546538709029,-0.26709428754426323,-0.26709428754426323,1,1,6,4,"Abbott reported Q2 2023 revenue of ~$9.98–10.0 billion (down ~11.4% YoY) and adjusted EPS of $1.08, topping estimates; GAAP EPS $0.78. Management reaffirmed full-year adjusted EPS  | Multiple articles and the earnings call reported double-digit organic growth in Medical Devices (device sales ~$4.3 billion) including continued strong FreeStyle Libre performan"
ABT,2023-07-20,log_abs_return,1,80.0,target_sector_weighted,shifted_1_day_text,target_event_keyword,-3.8277135364663115,-4.013893356841336,-5.060452251164766,-5.327546538709029,-0.26709428754426323,-0.26709428754426323,1,1,6,4,"Abbott reported Q2 2023 revenue of ~$9.98–10.0 billion (down ~11.4% YoY) and adjusted EPS of $1.08, topping estimates; GAAP EPS $0.78. Management reaffirmed full-year adjusted EPS  | Multiple articles and the earnings call reported double-digit organic growth in Medical Devices (device sales ~$4.3 billion) including continued strong FreeStyle Libre performan"
BAC,2023-04-14,log_abs_return,1,80.0,target_sector_weighted,shifted_1_day_text,target_event_keyword,-3.5618096806632007,-3.7591263504342325,-6.0448754492892025,-6.295849576724574,-0.25097412743537184,-0.25097412743537184,1,1,3,1,"Article 17 reports analysts expect Bank of America's investment banking (IB) revenues to be materially weaker in Q1: Zacks consensus IB income ~ $1.13 billion (a ~22.4% decline YoY | Several large U.S. banks (JPMorgan Chase, Citigroup, Wells Fargo and others) reported Q1 results that beat expectations, driven largely by higher net interest income from rising"
BAC,2023-04-14,log_abs_return,1,85.0,target_sector_weighted,shifted_1_day_text,target_event_keyword,-3.5618096806632007,-3.5627330956552896,-6.0448754492892025,-6.295849576724574,-0.25097412743537184,-0.25097412743537184,1,1,3,1,"Article 17 reports analysts expect Bank of America's investment banking (IB) revenues to be materially weaker in Q1: Zacks consensus IB income ~ $1.13 billion (a ~22.4% decline YoY | Several large U.S. banks (JPMorgan Chase, Citigroup, Wells Fargo and others) reported Q1 results that beat expectations, driven largely by higher net interest income from rising"
C,2023-05-16,log_abs_return,1,85.0,target_sector_weighted,shifted_1_day_text,target_event_keyword,-3.244631241445741,-3.570739842936126,-4.753629069301245,-5.000794196579701,-0.24716512727845608,-0.24716512727845608,1,1,4,1,Article 7 reports Citigroup completed the sale of its India consumer business to Axis Bank; the transaction was expected to result in a regulatory capital release of $1.4 billion. | Articles report central-bank rate-hike expectations and rising Treasury yields: Reuters noted the Reserve Bank of Australia signalled possibility of further rate hikes (Article 3
C,2023-05-16,log_abs_return,1,80.0,target_sector_weighted,shifted_1_day_text,target_event_keyword,-3.244631241445741,-3.7434251735950372,-4.753629069301245,-5.000794196579701,-0.24716512727845608,-0.24716512727845608,1,1,4,1,Article 7 reports Citigroup completed the sale of its India consumer business to Axis Bank; the transaction was expected to result in a regulatory capital release of $1.4 billion. | Articles report central-bank rate-hike expectations and rising Treasury yields: Reuters noted the Reserve Bank of Australia signalled possibility of further rate hikes (Article 3
C,2023-05-16,log_abs_return,1,90.0,target_sector_weighted,shifted_1_day_text,target_event_keyword,-3.244631241445741,-3.37895328487301,-4.753629069301245,-5.000794196579701,-0.24716512727845608,-0.24716512727845608,1,1,4,1,Article 7 reports Citigroup completed the sale of its India consumer business to Axis Bank; the transaction was expected to result in a regulatory capital release of $1.4 billion. | Articles report central-bank rate-hike expectations and rising Treasury yields: Reuters noted the Reserve Bank of Australia signalled possibility of further rate hikes (Article 3
ABT,2023-09-04,log_abs_return,1,80.0,target_sector_event_weighted,shifted_1_day_text,target_event_keyword,-3.9455874519962157,-4.013893356841336,-7.490016374886161,-7.735289791619225,-0.24527341673306413,-0.24527341673306413,1,1,6,2,"Abbott announced late-breaking results from the ILUMIEN IV OPTIMAL PCI randomized global imaging trial (presented at ESC and published in The New England Journal of Medicine) showi | Articles note Abbott received FDA approval for the AVEIR dual-chamber leadless pacemaker system and reported double-digit organic growth across Diabetes Care, Electrophysiology,"
ABT,2023-10-11,log_abs_return,1,85.0,target_sector_weighted,same_day_text,target_event_keyword,-3.849887834931077,-3.8578272817240364,-4.066363809766385,-4.308448183691336,-0.24208437392495163,-0.24208437392495163,1,1,6,3,"Article 11 reports strong organic growth in Abbott’s diabetes unit: FreeStyle Libre sales grew ~21.4% Y/Y in Q2 to $1.4bn (organic growth outpacing company-wide growth). FreeStyle  | Article 11 explicitly notes Abbott 'has had to deal with several issues that affected its results and its public image, notably the recall of its baby formula products.' The art"
ABT,2023-10-11,log_abs_return,1,80.0,target_sector_weighted,same_day_text,target_event_keyword,-3.849887834931077,-4.013893356841336,-4.066363809766385,-4.308448183691336,-0.24208437392495163,-0.24208437392495163,1,1,6,3,"Article 11 reports strong organic growth in Abbott’s diabetes unit: FreeStyle Libre sales grew ~21.4% Y/Y in Q2 to $1.4bn (organic growth outpacing company-wide growth). FreeStyle  | Article 11 explicitly notes Abbott 'has had to deal with several issues that affected its results and its public image, notably the recall of its baby formula products.' The art"
BX,2023-02-20,log_abs_return,1,80.0,target_sector_weighted,shifted_1_day_text,target_event_keyword,-3.497031508208773,-3.603469438988649,-5.865322561317297,-6.101154468219239,-0.2358319069019421,-0.2358319069019421,1,1,5,2,"Multiple articles report Blackstone’s strong fourth-quarter / full-year results: AUM reached about $975 billion (11% YoY growth), fee-related earnings and distributable earnings im | Articles report an unexpected surge in redemption requests for Blackstone’s private real estate vehicle BREIT toward the end of 2022; the firm imposed withdrawal caps to limit o"
AMD,2023-06-06,log_abs_return,1,80.0,target_sector_weighted,shifted_1_day_text,target_event_keyword,-2.9395071509628536,-3.2882544033767758,-5.353608989598627,-5.588555278155346,-0.23494628855671884,-0.23494628855671884,1,1,5,1,Multiple sell‑side analysts raised AMD price targets and expressed stronger buy/overweight views. Piper Sandler raised its AMD target from $110 to $150 and reiterated an overweight | Press reports (Bloomberg cited in coverage) stated AMD is a hardware and engineering partner of Microsoft in AI initiatives. The report received market attention and was linked 
AMD,2023-06-06,log_abs_return,1,85.0,target_sector_weighted,shifted_1_day_text,target_event_keyword,-2.9395071509628536,-3.1334976403546837,-5.353608989598627,-5.588555278155346,-0.23494628855671884,-0.23494628855671884,1,1,5,1,Multiple sell‑side analysts raised AMD price targets and expressed stronger buy/overweight views. Piper Sandler raised its AMD target from $110 to $150 and reiterated an overweight | Press reports (Bloomberg cited in coverage) stated AMD is a hardware and engineering partner of Microsoft in AI initiatives. The report received market attention and was linked 
BX,2023-10-18,log_abs_return,1,95.0,target_sector_event_weighted,shifted_1_day_text,target_event_keyword,-2.497661401604466,-2.9448115295407438,-4.927640096159671,-5.160993349848652,-0.23335325368898108,-0.23335325368898108,1,1,6,1,"Validea published a factor-based report rating BLACKSTONE INC (BX) using 22 guru strategies; BX scored highest on the 'Twin Momentum Investor' model (88% rating) where it passed fu | Multiple articles report U.S. banks' Q3 results showing higher net interest income as banks charged more for loans amid higher policy rates, allowing several regional and large "
BX,2023-10-18,log_abs_return,1,85.0,target_sector_event_weighted,shifted_1_day_text,target_event_keyword,-2.497661401604466,-3.4268472672158237,-4.927640096159671,-5.160993349848652,-0.23335325368898108,-0.23335325368898108,1,1,6,1,"Validea published a factor-based report rating BLACKSTONE INC (BX) using 22 guru strategies; BX scored highest on the 'Twin Momentum Investor' model (88% rating) where it passed fu | Multiple articles report U.S. banks' Q3 results showing higher net interest income as banks charged more for loans amid higher policy rates, allowing several regional and large "
BX,2023-10-18,log_abs_return,1,90.0,target_sector_event_weighted,shifted_1_day_text,target_event_keyword,-2.497661401604466,-3.2064744590502876,-4.927640096159671,-5.160993349848652,-0.23335325368898108,-0.23335325368898108,1,1,6,1,"Validea published a factor-based report rating BLACKSTONE INC (BX) using 22 guru strategies; BX scored highest on the 'Twin Momentum Investor' model (88% rating) where it passed fu | Multiple articles report U.S. banks' Q3 results showing higher net interest income as banks charged more for loans amid higher policy rates, allowing several regional and large "
BX,2023-10-18,log_abs_return,1,80.0,target_sector_event_weighted,shifted_1_day_text,target_event_keyword,-2.497661401604466,-3.603469438988649,-4.927640096159671,-5.160993349848652,-0.23335325368898108,-0.23335325368898108,1,1,6,1,"Validea published a factor-based report rating BLACKSTONE INC (BX) using 22 guru strategies; BX scored highest on the 'Twin Momentum Investor' model (88% rating) where it passed fu | Multiple articles report U.S. banks' Q3 results showing higher net interest income as banks charged more for loans amid higher policy rates, allowing several regional and large "
AMGN,2023-08-14,log_abs_return,1,80.0,target_sector_event_weighted,shifted_1_day_text,target_event_keyword,-3.956579690165418,-4.166675797552926,-6.46295408969225,-6.694737107926032,-0.23178301823378167,-0.23178301823378167,1,1,6,4,"Article 1 reports Amgen’s Q2 results: revenue $7.0 billion (up 6% y/y), adjusted EPS $5.00 (above $4.46 consensus), adjusted operating margin ~52.6% (down ~50 bps) and higher R&D s | Article 1 describes Amgen’s planned ~$28 billion acquisition of Horizon Therapeutics (expected to close toward year‑end) and notes Horizon’s fast‑growing drugs Tepezza and Kryst"
AMGN,2023-08-14,log_abs_return,1,85.0,target_sector_event_weighted,shifted_1_day_text,target_event_keyword,-3.956579690165418,-3.9850435594172993,-6.46295408969225,-6.694737107926032,-0.23178301823378167,-0.23178301823378167,1,1,6,4,"Article 1 reports Amgen’s Q2 results: revenue $7.0 billion (up 6% y/y), adjusted EPS $5.00 (above $4.46 consensus), adjusted operating margin ~52.6% (down ~50 bps) and higher R&D s | Article 1 describes Amgen’s planned ~$28 billion acquisition of Horizon Therapeutics (expected to close toward year‑end) and notes Horizon’s fast‑growing drugs Tepezza and Kryst"
AMGN,2023-10-03,log_abs_return,1,80.0,target_sector_weighted,shifted_1_day_text,target_event_keyword,-4.084583696798282,-4.166675797552926,-5.177799985600486,-5.4087097998835905,-0.23090981428310453,-0.23090981428310453,1,1,4,1,Article: 'Here's Why Intuit Stock Is A Better Pick Over Amgen' reports Amgen is up ~2% YTD while Intuit is up ~31%. The article notes Amgen's recent revenue growth has been modest  | Eli Lilly (LLY) signed a definitive agreement to acquire POINT Biopharma Global (PNT) for $12.50 per share in cash (~$1.4 billion). PNT shares rose more than 84% on the deal ann
BAC,2023-04-14,log_abs_return,1,85.0,target_sector_event_weighted,shifted_1_day_text,target_event_keyword,-3.5618096806632007,-3.5627330956552896,-6.0448754492892025,-6.270598528284792,-0.22572307899558908,-0.22572307899558908,1,1,3,1,"Article 17 reports analysts expect Bank of America's investment banking (IB) revenues to be materially weaker in Q1: Zacks consensus IB income ~ $1.13 billion (a ~22.4% decline YoY | Several large U.S. banks (JPMorgan Chase, Citigroup, Wells Fargo and others) reported Q1 results that beat expectations, driven largely by higher net interest income from rising"
BAC,2023-04-14,log_abs_return,1,80.0,target_sector_event_weighted,shifted_1_day_text,target_event_keyword,-3.5618096806632007,-3.7591263504342325,-6.0448754492892025,-6.270598528284792,-0.22572307899558908,-0.22572307899558908,1,1,3,1,"Article 17 reports analysts expect Bank of America's investment banking (IB) revenues to be materially weaker in Q1: Zacks consensus IB income ~ $1.13 billion (a ~22.4% decline YoY | Several large U.S. banks (JPMorgan Chase, Citigroup, Wells Fargo and others) reported Q1 results that beat expectations, driven largely by higher net interest income from rising"
BAC,2023-08-14,log_abs_return,1,80.0,target_sector_event_weighted,shifted_1_day_text,target_event_keyword,-3.4255584454418977,-3.7591263504342325,-5.82119833875076,-6.046041864630019,-0.22484352587925915,-0.22484352587925915,1,1,6,2,"After‑hours trading list flagged Bank of America (BAC) as one of the most active names (3,499,172 shares traded) with a last sale around $30.93. Over the prior four weeks BAC had t | Moody's cut the credit ratings of multiple small- to mid-sized U.S. banks and placed several large lenders (e.g., BNY Mellon, U.S. Bancorp, Truist) on review for potential downg"
BAC,2023-08-14,log_abs_return,1,85.0,target_sector_event_weighted,shifted_1_day_text,target_event_keyword,-3.4255584454418977,-3.5627330956552896,-5.82119833875076,-6.046041864630019,-0.22484352587925915,-0.22484352587925915,1,1,6,2,"After‑hours trading list flagged Bank of America (BAC) as one of the most active names (3,499,172 shares traded) with a last sale around $30.93. Over the prior four weeks BAC had t | Moody's cut the credit ratings of multiple small- to mid-sized U.S. banks and placed several large lenders (e.g., BNY Mellon, U.S. Bancorp, Truist) on review for potential downg"
ABT,2023-03-07,log_abs_return,3,80.0,target_sector_event_weighted,shifted_1_day_text,target_event_keyword,-3.484416381024743,-3.4994281037774635,-4.4874091865600505,-4.708200054369735,-0.2207908678096846,-0.2207908678096846,1,1,6,2,"Late‑breaking five‑year results from the COAPT trial for Abbott’s MitraClip were presented at the American College of Cardiology (March 4–6, 2023), showing MitraClip plus guideline | The U.S. Food and Drug Administration cleared Abbott’s laboratory blood test to help assess traumatic brain injury (concussions), marking what Abbott described as the first comm"
AMGN,2023-10-31,log_abs_return,1,85.0,target_sector_event_weighted,shifted_1_day_text,target_event_keyword,-3.9169199794498537,-3.9850435594172993,-5.091559708508022,-5.312346107643529,-0.22078639913550724,-0.22078639913550724,1,1,5,3,"Amgen completed the approximately $27.8 billion acquisition of Horizon Therapeutics; Horizon’s portfolio generated ~$945 million in sales (Tepezza ~$453M, Krystexxa ~$253M). Per re | Amgen reported Q3 adjusted EPS of $4.96 (beat estimates) while total revenues of $6.90 billion slightly missed consensus. Product sales rose ~5% with double‑digit volume growth "
AMGN,2023-10-31,log_abs_return,1,80.0,target_sector_event_weighted,shifted_1_day_text,target_event_keyword,-3.9169199794498537,-4.166675797552926,-5.091559708508022,-5.312346107643529,-0.22078639913550724,-0.22078639913550724,1,1,5,3,"Amgen completed the approximately $27.8 billion acquisition of Horizon Therapeutics; Horizon’s portfolio generated ~$945 million in sales (Tepezza ~$453M, Krystexxa ~$253M). Per re | Amgen reported Q3 adjusted EPS of $4.96 (beat estimates) while total revenues of $6.90 billion slightly missed consensus. Product sales rose ~5% with double‑digit volume growth "
AMGN,2023-10-03,log_abs_return,1,80.0,target_sector_event_weighted,shifted_1_day_text,target_event_keyword,-4.084583696798282,-4.166675797552926,-5.177799985600486,-5.3967625745458205,-0.2189625889453346,-0.2189625889453346,1,1,4,1,Article: 'Here's Why Intuit Stock Is A Better Pick Over Amgen' reports Amgen is up ~2% YTD while Intuit is up ~31%. The article notes Amgen's recent revenue growth has been modest  | Eli Lilly (LLY) signed a definitive agreement to acquire POINT Biopharma Global (PNT) for $12.50 per share in cash (~$1.4 billion). PNT shares rose more than 84% on the deal ann
AMD,2023-12-08,log_abs_return,1,80.0,target_sector_weighted,shifted_1_day_text,target_event_keyword,-3.1771866563961346,-3.2882544033767758,-5.617788034675921,-5.834849476605247,-0.2170614419293262,-0.2170614419293262,1,1,6,3,"AMD launched the MI300X/MI300A AI data-center accelerators and announced adoption by major customers (Microsoft, Meta, Dell and others) at its Advancing AI event (Article 1). Cover | AMD management left 2024 guidance unchanged even after highlighting an accelerating AI opportunity (Article 1). At the Barclays Global Technology Conference, CFO Jean Hu reitera"
BAC,2023-10-09,log_abs_return,1,80.0,target_sector_weighted,same_day_text,target_event_keyword,-3.6397816275579333,-3.7591263504342325,-6.043468920321388,-6.257155507365274,-0.21368658704388643,-0.21368658704388643,1,1,5,1,"Article reports B of A Securities (Bank of America’s research arm) maintained coverage of Verisk Analytics (VRSK) with a Buy recommendation and published a price target/analysis (A | Articles highlight secular growth in digital payments and name Visa, American Express and PayPal as beneficiaries. Visa reported $10.9 trillion in total payment volume and 3.9 b"
ABT,2023-09-04,log_abs_return,1,80.0,target_sector_weighted,shifted_1_day_text,target_event_keyword,-3.9455874519962157,-4.013893356841336,-7.490016374886161,-7.695398101023429,-0.20538172613726768,-0.20538172613726768,1,1,6,2,"Abbott announced late-breaking results from the ILUMIEN IV OPTIMAL PCI randomized global imaging trial (presented at ESC and published in The New England Journal of Medicine) showi | Articles note Abbott received FDA approval for the AVEIR dual-chamber leadless pacemaker system and reported double-digit organic growth across Diabetes Care, Electrophysiology,"
AMGN,2023-01-06,log_abs_return,1,80.0,target_sector_weighted,shifted_1_day_text,target_event_keyword,-3.9828852033540447,-4.166675797552926,-5.9071049165988985,-6.112198989911967,-0.2050940733130684,-0.2050940733130684,1,1,6,2,"Article 4 reports that Amgen’s Humira biosimilar Amjevita is launching in January amid multiple FDA approvals of Humira biosimilars; the article discusses AbbVie’s positioning and  | Article 3 highlights the pending purchase of Horizon Therapeutics for nearly $28 billion, noting Horizon’s rare‑disease portfolio (e.g., Tepezza). The article also cites Amgen’s"
AMGN,2023-01-06,log_abs_return,1,85.0,target_sector_weighted,shifted_1_day_text,target_event_keyword,-3.9828852033540447,-3.9850435594172993,-5.9071049165988985,-6.112198989911967,-0.2050940733130684,-0.2050940733130684,1,1,6,2,"Article 4 reports that Amgen’s Humira biosimilar Amjevita is launching in January amid multiple FDA approvals of Humira biosimilars; the article discusses AbbVie’s positioning and  | Article 3 highlights the pending purchase of Horizon Therapeutics for nearly $28 billion, noting Horizon’s rare‑disease portfolio (e.g., Tepezza). The article also cites Amgen’s"
BAC,2023-11-28,log_abs_return,1,80.0,target_sector_event_weighted,shifted_1_day_text,target_event_keyword,-3.6469337663289316,-3.7591263504342325,-6.64572467821038,-6.845215307136525,-0.1994906289261449,-0.1994906289261449,1,1,6,1,"Article 18 reports Bank of America Corp's 5.000% Non‑Cumulative Preferred Stock, Series LL (BAC.PRN) will trade ex‑dividend on 11/30/23 for a quarterly dividend of $0.3125 payable  | Long-duration Treasury ETFs rallied in November as yields fell from their highs; the Bloomberg U.S. Treasury Index turned positive and the 10-year yield registered its biggest m"
BX,2023-04-20,log_abs_return,1,80.0,target_sector_event_weighted,same_day_text,target_event_keyword,-3.595148020070018,-3.603469438988649,-5.476867499157137,-5.675287996341652,-0.1984204971845145,-0.1984204971845145,1,1,5,1,"Article 1 reports Blackstone's Q1 2023 results: revenue $2.49B (down 29% YoY), EPS $0.97. Fee‑earning AUM by segment: Private Equity $165.3B (below analyst est.), Real Estate $287. | Multiple articles report that the largest U.S. banks (JPMorgan, Bank of America, Citigroup, Goldman Sachs, Morgan Stanley, Wells Fargo) posted generally solid Q1 results with ri"
BX,2023-06-26,log_abs_return,1,80.0,target_sector_event_weighted,shifted_1_day_text,target_event_keyword,-3.564252044074871,-3.603469438988649,-4.638876429520833,-4.832876569476009,-0.1940001399551763,-0.1940001399551763,1,1,5,1,"Article 9 reports Blackstone (BX) closed at $88.78 (+1.07%). Zacks shows consensus expectations of $0.94 EPS for the next quarter (‑36.91% YoY) and quarterly revenue of ~$2.4B (‑42 | Article 2 (WES coverage) records that Blackstone Group holds 17,615K shares of Western Midstream Partners (4.58% ownership) and shows a small reduction in reported holdings vers"
BAC,2023-10-31,log_abs_return,3,90.0,target_sector_weighted,shifted_1_day_text,target_event_keyword,-2.576963623719232,-2.827969587366219,-4.385183347873193,-4.577323111848884,-0.19213976397569077,-0.19213976397569077,1,1,6,1,Article 1 reports BAC's third-quarter results beat expectations: total revenue $25.2B (+3% YoY) and diluted EPS $0.90 (+11% YoY). The piece also notes strong net interest income gr | Article 1 states the firm's provision for credit losses rose 33% year-over-year to $1.2B and third-quarter net charge-off rate increased to 0.35% from 0.20% a year earlier. | Ar
BAC,2023-10-31,log_abs_return,3,85.0,target_sector_weighted,shifted_1_day_text,target_event_keyword,-2.576963623719232,-3.0184210138914183,-4.385183347873193,-4.577323111848884,-0.19213976397569077,-0.19213976397569077,1,1,6,1,Article 1 reports BAC's third-quarter results beat expectations: total revenue $25.2B (+3% YoY) and diluted EPS $0.90 (+11% YoY). The piece also notes strong net interest income gr | Article 1 states the firm's provision for credit losses rose 33% year-over-year to $1.2B and third-quarter net charge-off rate increased to 0.35% from 0.20% a year earlier. | Ar
BAC,2023-10-31,log_abs_return,3,80.0,target_sector_weighted,shifted_1_day_text,target_event_keyword,-2.576963623719232,-3.1573167409121754,-4.385183347873193,-4.577323111848884,-0.19213976397569077,-0.19213976397569077,1,1,6,1,Article 1 reports BAC's third-quarter results beat expectations: total revenue $25.2B (+3% YoY) and diluted EPS $0.90 (+11% YoY). The piece also notes strong net interest income gr | Article 1 states the firm's provision for credit losses rose 33% year-over-year to $1.2B and third-quarter net charge-off rate increased to 0.35% from 0.20% a year earlier. | Ar
AMGN,2023-06-01,log_abs_return,1,80.0,target_sector_weighted,same_day_text,target_event_keyword,-4.041033574173665,-4.166675797552926,-5.0749006235459015,-5.26004254980449,-0.18514192625858872,-0.18514192625858872,1,1,5,1,Articles note Amgen launched the first U.S. Humira biosimilar (Amjevita) earlier this year and that Enbrel remains a material product (cited as ~15.6% of 2022 sales in one article) | Centers for Medicare & Medicaid Services said Medicare will broaden coverage for new Alzheimer's drugs such as Eisai and Biogen's Leqembi if they gain full FDA approval; broader
BAC,2023-12-12,log_abs_return,1,85.0,target_sector_weighted,shifted_1_day_text,target_event_keyword,-3.18398213526781,-3.5627330956552896,-5.167588624904816,-5.3519738501768215,-0.1843852252720053,-0.1843852252720053,1,1,6,2,"Articles note Bank of America sits on roughly $132 billion in unrealized losses in its securities portfolio following recent interest-rate increases; management has stated intent t | Articles report rising provisions for credit losses (e.g., an increase to $1.2 billion driven by credit-card losses) and year-over-year deposit declines (reported ~8% drop in on"
BAC,2023-12-12,log_abs_return,1,90.0,target_sector_weighted,shifted_1_day_text,target_event_keyword,-3.18398213526781,-3.371941668411282,-5.167588624904816,-5.3519738501768215,-0.1843852252720053,-0.1843852252720053,1,1,6,2,"Articles note Bank of America sits on roughly $132 billion in unrealized losses in its securities portfolio following recent interest-rate increases; management has stated intent t | Articles report rising provisions for credit losses (e.g., an increase to $1.2 billion driven by credit-card losses) and year-over-year deposit declines (reported ~8% drop in on"
BAC,2023-12-12,log_abs_return,1,80.0,target_sector_weighted,shifted_1_day_text,target_event_keyword,-3.18398213526781,-3.7591263504342325,-5.167588624904816,-5.3519738501768215,-0.1843852252720053,-0.1843852252720053,1,1,6,2,"Articles note Bank of America sits on roughly $132 billion in unrealized losses in its securities portfolio following recent interest-rate increases; management has stated intent t | Articles report rising provisions for credit losses (e.g., an increase to $1.2 billion driven by credit-card losses) and year-over-year deposit declines (reported ~8% drop in on"
BAC,2023-03-16,log_abs_return,1,85.0,target_sector_event_weighted,same_day_text,target_event_keyword,-3.206315239993468,-3.5627330956552896,-3.5299897206842408,-3.714318602433901,-0.18432888174966022,-0.18432888174966022,1,1,5,3,"On March 15, 2023 B of A Securities (Bank of America's broker‑dealer research arm) upgraded Discover Financial Services (DFS) from Underperform to Neutral; the article reports acco | Articles note Bank of America as an institutional holder in other public companies (e.g., holdings reported in Progressive and Realty Income articles) and show BAC among pre‑mar"
BAC,2023-03-16,log_abs_return,1,90.0,target_sector_event_weighted,same_day_text,target_event_keyword,-3.206315239993468,-3.371941668411282,-3.5299897206842408,-3.714318602433901,-0.18432888174966022,-0.18432888174966022,1,1,5,3,"On March 15, 2023 B of A Securities (Bank of America's broker‑dealer research arm) upgraded Discover Financial Services (DFS) from Underperform to Neutral; the article reports acco | Articles note Bank of America as an institutional holder in other public companies (e.g., holdings reported in Progressive and Realty Income articles) and show BAC among pre‑mar"
BAC,2023-03-16,log_abs_return,1,80.0,target_sector_event_weighted,same_day_text,target_event_keyword,-3.206315239993468,-3.7591263504342325,-3.5299897206842408,-3.714318602433901,-0.18432888174966022,-0.18432888174966022,1,1,5,3,"On March 15, 2023 B of A Securities (Bank of America's broker‑dealer research arm) upgraded Discover Financial Services (DFS) from Underperform to Neutral; the article reports acco | Articles note Bank of America as an institutional holder in other public companies (e.g., holdings reported in Progressive and Realty Income articles) and show BAC among pre‑mar"
ABT,2023-10-10,log_abs_return,1,90.0,target_sector_weighted,shifted_1_day_text,target_event_keyword,-2.9614011519220353,-3.650441061846967,-5.273091714205049,-5.456460372219275,-0.18336865801422597,-0.18336865801422597,1,1,6,2,"Article 3 reports Abbott announced a definitive agreement to acquire Bigfoot Biomedical (after working together since 2017) to combine Abbott’s FreeStyle Libre continuous glucose m | Article 3 projects a further decline in demand for rapid COVID-19 diagnostic tests in Q3, and notes Diagnostics will see organic growth in core lab areas but a drop in rapid-tes"
ABT,2023-10-10,log_abs_return,1,85.0,target_sector_weighted,shifted_1_day_text,target_event_keyword,-2.9614011519220353,-3.8578272817240364,-5.273091714205049,-5.456460372219275,-0.18336865801422597,-0.18336865801422597,1,1,6,2,"Article 3 reports Abbott announced a definitive agreement to acquire Bigfoot Biomedical (after working together since 2017) to combine Abbott’s FreeStyle Libre continuous glucose m | Article 3 projects a further decline in demand for rapid COVID-19 diagnostic tests in Q3, and notes Diagnostics will see organic growth in core lab areas but a drop in rapid-tes"
ABT,2023-10-10,log_abs_return,1,80.0,target_sector_weighted,shifted_1_day_text,target_event_keyword,-2.9614011519220353,-4.013893356841336,-5.273091714205049,-5.456460372219275,-0.18336865801422597,-0.18336865801422597,1,1,6,2,"Article 3 reports Abbott announced a definitive agreement to acquire Bigfoot Biomedical (after working together since 2017) to combine Abbott’s FreeStyle Libre continuous glucose m | Article 3 projects a further decline in demand for rapid COVID-19 diagnostic tests in Q3, and notes Diagnostics will see organic growth in core lab areas but a drop in rapid-tes"
ABT,2023-10-10,log_abs_return,1,95.0,target_sector_weighted,shifted_1_day_text,target_event_keyword,-2.9614011519220353,-3.418063142070021,-5.273091714205049,-5.456460372219275,-0.18336865801422597,-0.18336865801422597,1,1,6,2,"Article 3 reports Abbott announced a definitive agreement to acquire Bigfoot Biomedical (after working together since 2017) to combine Abbott’s FreeStyle Libre continuous glucose m | Article 3 projects a further decline in demand for rapid COVID-19 diagnostic tests in Q3, and notes Diagnostics will see organic growth in core lab areas but a drop in rapid-tes"
ABT,2023-08-07,log_abs_return,1,80.0,target_sector_event_weighted,shifted_1_day_text,target_event_keyword,-3.6185973912814693,-4.013893356841336,-7.116934812409173,-7.300148643726728,-0.18321383131755464,-0.18321383131755464,1,1,5,2,"Articles referencing Abbott note Q2 2023 results with reported revenue of $9.98 billion and adjusted diluted EPS of $1.08, both described as beating consensus/estimates (Articles 1 | Motley Fool published a feature naming Abbott as one of two top healthcare stocks to buy and hold, highlighting product breadth, FreeStyle Libre innovation and dividend history "
ABT,2023-08-07,log_abs_return,1,85.0,target_sector_event_weighted,shifted_1_day_text,target_event_keyword,-3.6185973912814693,-3.8578272817240364,-7.116934812409173,-7.300148643726728,-0.18321383131755464,-0.18321383131755464,1,1,5,2,"Articles referencing Abbott note Q2 2023 results with reported revenue of $9.98 billion and adjusted diluted EPS of $1.08, both described as beating consensus/estimates (Articles 1 | Motley Fool published a feature naming Abbott as one of two top healthcare stocks to buy and hold, highlighting product breadth, FreeStyle Libre innovation and dividend history "
ABT,2023-08-07,log_abs_return,1,90.0,target_sector_event_weighted,shifted_1_day_text,target_event_keyword,-3.6185973912814693,-3.650441061846967,-7.116934812409173,-7.300148643726728,-0.18321383131755464,-0.18321383131755464,1,1,5,2,"Articles referencing Abbott note Q2 2023 results with reported revenue of $9.98 billion and adjusted diluted EPS of $1.08, both described as beating consensus/estimates (Articles 1 | Motley Fool published a feature naming Abbott as one of two top healthcare stocks to buy and hold, highlighting product breadth, FreeStyle Libre innovation and dividend history "
BX,2023-02-20,log_abs_return,1,80.0,target_sector_event_weighted,same_day_text,target_event_keyword,-3.497031508208773,-3.603469438988649,-5.865322561317297,-6.048389221582275,-0.18306666026497886,-0.18306666026497886,1,1,5,2,"Multiple articles report Blackstone’s strong fourth-quarter / full-year results: AUM reached about $975 billion (11% YoY growth), fee-related earnings and distributable earnings im | Articles report an unexpected surge in redemption requests for Blackstone’s private real estate vehicle BREIT toward the end of 2022; the firm imposed withdrawal caps to limit o"
AMGN,2023-10-20,log_abs_return,1,80.0,target_sector_weighted,same_day_text,target_event_keyword,-3.8709353231235046,-4.166675797552926,-5.903339430680049,-6.084380508091397,-0.181041077411348,-0.181041077411348,1,1,5,2,"Zacks research note (Article 7) references Amgen’s recently completed acquisition of Horizon Therapeutics and says the deal is expected to enhance Amgen’s growth prospects by stren | Article 7 states Amgen expects strong sales growth for products such as Tezspire, Evenity, Repatha, Prolia and Tavneos, while noting lower revenues from oncology biosimilars and"
AMGN,2023-10-20,log_abs_return,1,85.0,target_sector_weighted,same_day_text,target_event_keyword,-3.8709353231235046,-3.9850435594172993,-5.903339430680049,-6.084380508091397,-0.181041077411348,-0.181041077411348,1,1,5,2,"Zacks research note (Article 7) references Amgen’s recently completed acquisition of Horizon Therapeutics and says the deal is expected to enhance Amgen’s growth prospects by stren | Article 7 states Amgen expects strong sales growth for products such as Tezspire, Evenity, Repatha, Prolia and Tavneos, while noting lower revenues from oncology biosimilars and"
AMGN,2023-10-03,log_abs_return,1,80.0,target_sector_event_weighted,same_day_text,target_event_keyword,-4.084583696798282,-4.166675797552926,-5.177799985600486,-5.355283460895322,-0.177483475294836,-0.177483475294836,1,1,4,1,Article: 'Here's Why Intuit Stock Is A Better Pick Over Amgen' reports Amgen is up ~2% YTD while Intuit is up ~31%. The article notes Amgen's recent revenue growth has been modest  | Eli Lilly (LLY) signed a definitive agreement to acquire POINT Biopharma Global (PNT) for $12.50 per share in cash (~$1.4 billion). PNT shares rose more than 84% on the deal ann
C,2023-12-12,log_abs_return,1,80.0,target_sector_event_weighted,shifted_1_day_text,target_event_keyword,-3.638766403499264,-3.7434251735950372,-6.015411105241381,-6.19100392535376,-0.17559282011237887,-0.17559282011237887,1,1,6,1,"Article 11/12 report that Citigroup 'has commenced the elimination of various job positions' as part of a major organizational overhaul and simplification of its operating model; t | Goldman Sachs is shifting focus to expand its private credit business, appointing new global heads and targeting to double a $110 billion private credit business; Goldman has di"
BAC,2023-08-21,log_abs_return,1,80.0,target_sector_weighted,same_day_text,target_event_keyword,-3.7026369458288366,-3.7591263504342325,-5.9313224048838755,-6.1051965202035205,-0.17387411531964503,-0.17387411531964503,1,1,6,3,"InvestorPlace article cites Michael Gapen, Bank of America’s chief U.S. economist, stating he expects a mild recession in the year (article notes this view in context of consumer b | Fintel/KBWD report lists Bank of America as holding 375K shares of the Invesco KBW High Dividend Yield Financial ETF and notes the firm decreased its portfolio allocation in KBW"
AMD,2023-09-26,log_abs_return,3,80.0,target_sector_weighted,same_day_text,target_event_keyword,-2.6729467711435664,-2.729400219788373,-3.7561594523528123,-3.927237417612585,-0.17107796525977248,-0.17107796525977248,1,1,6,1,"Articles note AMD’s expanding presence in the data center and AI markets: Fortune/InvestorPlace coverage highlights EPYC adoption by major cloud providers, the launch and deploymen | Synopsys announced certified digital and analog design flows for advanced TSMC nodes (N2) and the article references that Synopsys and AMD have recently collaborated to utilize "
AXP,2023-03-09,log_abs_return,1,90.0,target_sector_weighted,shifted_1_day_text,target_event_keyword,-3.2698282777085192,-3.370311825991873,-5.020836347825627,-5.188711038017992,-0.1678746901923649,-0.1678746901923649,1,1,5,1,American Express' Board authorized repurchases of up to 120 million common shares (replacing ~36M remaining under 2019 program) and approved a $0.08 (15%) quarterly dividend increa | Multiple articles report sharp declines in U.S. bank stocks and distress actions: SVB Financial Group (SIVB) plunged after announcing a $1.25 billion common stock offering and a
AXP,2023-03-09,log_abs_return,1,80.0,target_sector_weighted,shifted_1_day_text,target_event_keyword,-3.2698282777085192,-3.7262468742768147,-5.020836347825627,-5.188711038017992,-0.1678746901923649,-0.1678746901923649,1,1,5,1,American Express' Board authorized repurchases of up to 120 million common shares (replacing ~36M remaining under 2019 program) and approved a $0.08 (15%) quarterly dividend increa | Multiple articles report sharp declines in U.S. bank stocks and distress actions: SVB Financial Group (SIVB) plunged after announcing a $1.25 billion common stock offering and a
AXP,2023-03-09,log_abs_return,1,85.0,target_sector_weighted,shifted_1_day_text,target_event_keyword,-3.2698282777085192,-3.5352569217700602,-5.020836347825627,-5.188711038017992,-0.1678746901923649,-0.1678746901923649,1,1,5,1,American Express' Board authorized repurchases of up to 120 million common shares (replacing ~36M remaining under 2019 program) and approved a $0.08 (15%) quarterly dividend increa | Multiple articles report sharp declines in U.S. bank stocks and distress actions: SVB Financial Group (SIVB) plunged after announcing a $1.25 billion common stock offering and a
AMGN,2023-09-06,log_abs_return,1,80.0,target_sector_event_weighted,same_day_text,target_event_keyword,-3.8455078818291417,-4.166675797552926,-6.119137241159822,-6.2842415604100195,-0.1651043192501973,-0.1651043192501973,1,1,5,3,"Article reports Amgen beat second-quarter earnings and sales estimates with robust volume growth across its therapeutic areas; key drugs (Prolia, Repatha, Evenity, Otezla) topped e | Article notes Amgen announced a definitive agreement to acquire Horizon (Dec 2022) and that after an FTC suit the agency recently allowed the buyout to proceed; the acquisition "
AMGN,2023-09-06,log_abs_return,1,85.0,target_sector_event_weighted,same_day_text,target_event_keyword,-3.8455078818291417,-3.9850435594172993,-6.119137241159822,-6.2842415604100195,-0.1651043192501973,-0.1651043192501973,1,1,5,3,"Article reports Amgen beat second-quarter earnings and sales estimates with robust volume growth across its therapeutic areas; key drugs (Prolia, Repatha, Evenity, Otezla) topped e | Article notes Amgen announced a definitive agreement to acquire Horizon (Dec 2022) and that after an FTC suit the agency recently allowed the buyout to proceed; the acquisition "
ABT,2023-06-12,log_abs_return,3,80.0,target_sector_event_weighted,shifted_1_day_text,target_event_keyword,-3.3501945134481685,-3.4994281037774635,-4.717397224761602,-4.877349622342902,-0.15995239758129998,-0.15995239758129998,1,1,6,2,"Article 1 reports Abbott’s Q1 2023 organic sales (excluding COVID testing) rose ~10% overall. Established Pharmaceuticals (EPD) sales increased ~11% led by Brazil, China and Southe | An FDA advisory committee supported approval of Biogen/Eisai's Leqembi for Alzheimer's (Articles 12, 13, 14). Interim Phase 1/2 data from Intellia's NTLA-2002 showed a 95% mean "
ABT,2023-06-12,log_abs_return,3,85.0,target_sector_event_weighted,shifted_1_day_text,target_event_keyword,-3.3501945134481685,-3.3599051808170577,-4.717397224761602,-4.877349622342902,-0.15995239758129998,-0.15995239758129998,1,1,6,2,"Article 1 reports Abbott’s Q1 2023 organic sales (excluding COVID testing) rose ~10% overall. Established Pharmaceuticals (EPD) sales increased ~11% led by Brazil, China and Southe | An FDA advisory committee supported approval of Biogen/Eisai's Leqembi for Alzheimer's (Articles 12, 13, 14). Interim Phase 1/2 data from Intellia's NTLA-2002 showed a 95% mean "
AMD,2023-10-23,log_abs_return,3,80.0,target_sector_weighted,shifted_1_day_text,target_event_keyword,-2.7258233925468898,-2.729400219788373,-3.7135844272565057,-3.873456938377627,-0.15987251112112144,-0.15987251112112144,1,1,6,3,Articles report AMD preparing/launching multiple product lines: MI300A/MI300X AI accelerators slated for Q4 2023 positioned as alternatives to Nvidia A100/H100; fourth‑generation E | Articles note AMD signed a definitive agreement to acquire Nod.ai to expand open AI software/compiler capabilities and accelerate open‑source compiler technology integration acr
BAC,2023-08-14,log_abs_return,3,80.0,target_sector_weighted,same_day_text,target_event_keyword,-2.9036661056811446,-3.1573167409121754,-4.464144299935797,-4.618151749617294,-0.1540074496814965,-0.1540074496814965,1,1,6,2,"After‑hours trading list flagged Bank of America (BAC) as one of the most active names (3,499,172 shares traded) with a last sale around $30.93. Over the prior four weeks BAC had t | Moody's cut the credit ratings of multiple small- to mid-sized U.S. banks and placed several large lenders (e.g., BNY Mellon, U.S. Bancorp, Truist) on review for potential downg"
BAC,2023-08-14,log_abs_return,3,85.0,target_sector_weighted,same_day_text,target_event_keyword,-2.9036661056811446,-3.0184210138914183,-4.464144299935797,-4.618151749617294,-0.1540074496814965,-0.1540074496814965,1,1,6,2,"After‑hours trading list flagged Bank of America (BAC) as one of the most active names (3,499,172 shares traded) with a last sale around $30.93. Over the prior four weeks BAC had t | Moody's cut the credit ratings of multiple small- to mid-sized U.S. banks and placed several large lenders (e.g., BNY Mellon, U.S. Bancorp, Truist) on review for potential downg"
BAC,2023-07-05,log_abs_return,1,80.0,target_sector_weighted,same_day_text,target_event_keyword,-3.579278650999172,-3.7591263504342325,-5.333647824243256,-5.48665899543051,-0.15301117118725394,-0.15301117118725394,1,1,6,2,"Article 4 reports Bank of America is seeing improved net interest income and expanding net interest yield on higher interest rates and modest loan demand; management/projected NII  | Article 4 describes plans to open financial centers in new and existing markets (expand into nine new markets by 2026), renovate more than 2,500 centers by year‑end, and continu"
AMD,2023-10-31,log_abs_return,1,95.0,target_sector_weighted,shifted_1_day_text,target_event_keyword,-2.3811415224952293,-2.6862575909914783,-4.359229626949047,-4.5119578996836776,-0.1527282727346302,-0.1527282727346302,1,1,4,2,"AMD reported Q3 results and on Oct. 31 forecast fourth-quarter revenue of about $6.1 billion +/- $300 million, below consensus estimates; shares fell after the announcement. Articl | Articles report AMD plans to launch and ramp its most advanced AI chips in Q4 and that demand for programmable chips (Xilinx-derived products) has slowed in some industries (e.g"
AMD,2023-10-31,log_abs_return,1,80.0,target_sector_weighted,shifted_1_day_text,target_event_keyword,-2.3811415224952293,-3.2882544033767758,-4.359229626949047,-4.5119578996836776,-0.1527282727346302,-0.1527282727346302,1,1,4,2,"AMD reported Q3 results and on Oct. 31 forecast fourth-quarter revenue of about $6.1 billion +/- $300 million, below consensus estimates; shares fell after the announcement. Articl | Articles report AMD plans to launch and ramp its most advanced AI chips in Q4 and that demand for programmable chips (Xilinx-derived products) has slowed in some industries (e.g"
AMD,2023-10-31,log_abs_return,1,85.0,target_sector_weighted,shifted_1_day_text,target_event_keyword,-2.3811415224952293,-3.1334976403546837,-4.359229626949047,-4.5119578996836776,-0.1527282727346302,-0.1527282727346302,1,1,4,2,"AMD reported Q3 results and on Oct. 31 forecast fourth-quarter revenue of about $6.1 billion +/- $300 million, below consensus estimates; shares fell after the announcement. Articl | Articles report AMD plans to launch and ramp its most advanced AI chips in Q4 and that demand for programmable chips (Xilinx-derived products) has slowed in some industries (e.g"
AMD,2023-10-31,log_abs_return,1,90.0,target_sector_weighted,shifted_1_day_text,target_event_keyword,-2.3811415224952293,-2.930472296673667,-4.359229626949047,-4.5119578996836776,-0.1527282727346302,-0.1527282727346302,1,1,4,2,"AMD reported Q3 results and on Oct. 31 forecast fourth-quarter revenue of about $6.1 billion +/- $300 million, below consensus estimates; shares fell after the announcement. Articl | Articles report AMD plans to launch and ramp its most advanced AI chips in Q4 and that demand for programmable chips (Xilinx-derived products) has slowed in some industries (e.g"
AMD,2023-11-02,log_abs_return,1,80.0,target_sector_event_weighted,shifted_1_day_text,target_event_keyword,-3.214570188726079,-3.2882544033767758,-5.252804432630181,-5.400783505305922,-0.14797907267574129,-0.14797907267574129,1,1,6,3,"AMD reported Q3 revenue of $5.8 billion and non‑GAAP EPS of $0.70, beating consensus. Management guided Q4 revenue roughly $6.1 billion (±$300M) and disclosed expectations for Data | AMD stated production of MI300A/MI300X GPUs is underway with launches expected in Q4. Management indicated ambition for rapid MI300 sales ramp (management stated MI300 could be "
C,2023-09-11,log_abs_return,1,80.0,target_sector_event_weighted,shifted_1_day_text,target_event_keyword,-3.6306106244256413,-3.7434251735950372,-5.065397410028471,-5.212399456821057,-0.14700204679258633,-0.14700204679258633,1,1,6,1,"Articles (3 and 4) reference Citigroup when comparing bank dividend yields, noting Citigroup's dividend yield of ~5.22% and that Citigroup shares had declined about 16.2% over the  | Articles describe renewed pressure and volatility in the regional banking space after earlier high‑profile failures; regulators revealed a plan to make some regional banks issue"
AMGN,2023-11-01,log_abs_return,1,80.0,target_sector_weighted,shifted_1_day_text,target_event_keyword,-3.82562992493443,-4.166675797552926,-6.003195819093302,-6.150161709467199,-0.14696589037389707,-0.14696589037389707,1,1,6,1,"Article: 'Company News for Nov 01, 2023' reports Amgen posted third-quarter 2023 revenues of $6.90 billion, missing the Zacks Consensus Estimate of $6.96 billion; the article notes | Pharmaceutical equities and health-care ETFs showed notable volatility: the Health Care Select Sector SPDR Fund (XLV) fell 3.81% over the past month and 8.03% over three months;"
AMGN,2023-11-01,log_abs_return,1,85.0,target_sector_weighted,shifted_1_day_text,target_event_keyword,-3.82562992493443,-3.9850435594172993,-6.003195819093302,-6.150161709467199,-0.14696589037389707,-0.14696589037389707,1,1,6,1,"Article: 'Company News for Nov 01, 2023' reports Amgen posted third-quarter 2023 revenues of $6.90 billion, missing the Zacks Consensus Estimate of $6.96 billion; the article notes | Pharmaceutical equities and health-care ETFs showed notable volatility: the Health Care Select Sector SPDR Fund (XLV) fell 3.81% over the past month and 8.03% over three months;"
AXP,2023-01-04,log_abs_return,1,80.0,target_sector_weighted,same_day_text,target_event_keyword,-3.7205341660718596,-3.7262468742768147,-5.644289336612132,-5.790735070976459,-0.1464457343643275,-0.1464457343643275,1,1,6,2,"Articles note American Express is pursuing multiple growth initiatives: expanding digitized services and new product features, acquiring fintech Kabbage (small-business banking exp | Coverage cites management expectations that American Express revenues will increase ~23–25% for the year and a long-term target of more than 10% annual growth; analysts referenc"
AXP,2023-06-01,log_abs_return,1,85.0,target_sector_event_weighted,same_day_text,target_event_keyword,-3.3449777515241053,-3.5352569217700602,-4.66688966200125,-4.810075794692977,-0.14318613269172697,-0.14318613269172697,1,1,4,2,"Article 1 (InvestorPlace) highlights American Express reporting record Q1 2023 revenues of roughly $14.3 billion (22% YoY) with particularly strong travel & entertainment spending  | Articles report a recent U.S. banking crisis (noted March bank failures and fallout), broad bank-stock sell-offs (SPDR S&P Regional Banking ETF down ~31% YTD; KBW Nasdaq Bank in"
AXP,2023-06-01,log_abs_return,1,90.0,target_sector_event_weighted,same_day_text,target_event_keyword,-3.3449777515241053,-3.370311825991873,-4.66688966200125,-4.810075794692977,-0.14318613269172697,-0.14318613269172697,1,1,4,2,"Article 1 (InvestorPlace) highlights American Express reporting record Q1 2023 revenues of roughly $14.3 billion (22% YoY) with particularly strong travel & entertainment spending  | Articles report a recent U.S. banking crisis (noted March bank failures and fallout), broad bank-stock sell-offs (SPDR S&P Regional Banking ETF down ~31% YTD; KBW Nasdaq Bank in"
AXP,2023-06-01,log_abs_return,1,80.0,target_sector_event_weighted,same_day_text,target_event_keyword,-3.3449777515241053,-3.7262468742768147,-4.66688966200125,-4.810075794692977,-0.14318613269172697,-0.14318613269172697,1,1,4,2,"Article 1 (InvestorPlace) highlights American Express reporting record Q1 2023 revenues of roughly $14.3 billion (22% YoY) with particularly strong travel & entertainment spending  | Articles report a recent U.S. banking crisis (noted March bank failures and fallout), broad bank-stock sell-offs (SPDR S&P Regional Banking ETF down ~31% YTD; KBW Nasdaq Bank in"
BX,2023-01-05,log_abs_return,1,80.0,target_sector_weighted,same_day_text,target_event_keyword,-3.388402453915189,-3.603469438988649,-5.178397946033143,-5.3207519800372305,-0.14235403400408764,-0.14235403400408764,1,1,4,1,"Blackstone's non-traded REIT BREIT faced elevated retail redemptions that exceeded its 5% quarterly redemption limit, prompting redemption restrictions and investor concern. To bol | Articles report the Federal Reserve adopted a hawkish tone in December FOMC minutes and has raised policy rates (noted at 4.25-4.50% in one piece). Short- and long-term Treasury"
BX,2023-01-05,log_abs_return,1,85.0,target_sector_weighted,same_day_text,target_event_keyword,-3.388402453915189,-3.4268472672158237,-5.178397946033143,-5.3207519800372305,-0.14235403400408764,-0.14235403400408764,1,1,4,1,"Blackstone's non-traded REIT BREIT faced elevated retail redemptions that exceeded its 5% quarterly redemption limit, prompting redemption restrictions and investor concern. To bol | Articles report the Federal Reserve adopted a hawkish tone in December FOMC minutes and has raised policy rates (noted at 4.25-4.50% in one piece). Short- and long-term Treasury"
BAC,2023-10-27,log_abs_return,3,80.0,target_sector_event_weighted,shifted_1_day_text,target_event_keyword,-3.0425889397492343,-3.1573167409121754,-3.888467102349555,-4.028246410619011,-0.13977930826945606,-0.13977930826945606,1,1,6,2,"Two recent articles present opposite views on BAC: one (Motley Fool) recommends avoiding Bank of America, citing heightened macro risks, rising consumer delinquencies and sizable u | Articles report a higher-rate environment: major banks (JPMorgan, Wells Fargo) saw rising net interest income as yields rose; ETFs that hedge or target rising rates and MBS expo"
C,2023-05-23,log_abs_return,1,85.0,target_sector_event_weighted,same_day_text,target_event_keyword,-3.4603579694716395,-3.570739842936126,-5.556235901961872,-5.694689658735301,-0.13845375677342897,-0.13845375677342897,1,1,5,2,"On May 23, 2023 Citigroup's research team maintained coverage of American International Group (AIG) with a Buy recommendation (reported by Fintel). The report included the analyst  | Articles report continued turbulence in U.S. regional banks: heightened insider buying in several regional banks (Article 2); large swings and heavy trading in regional bank ETF"
C,2023-05-23,log_abs_return,1,80.0,target_sector_event_weighted,same_day_text,target_event_keyword,-3.4603579694716395,-3.7434251735950372,-5.556235901961872,-5.694689658735301,-0.13845375677342897,-0.13845375677342897,1,1,5,2,"On May 23, 2023 Citigroup's research team maintained coverage of American International Group (AIG) with a Buy recommendation (reported by Fintel). The report included the analyst  | Articles report continued turbulence in U.S. regional banks: heightened insider buying in several regional banks (Article 2); large swings and heavy trading in regional bank ETF"
C,2023-12-05,log_abs_return,3,80.0,target_sector_weighted,same_day_text,target_event_keyword,-3.0828470586685044,-3.146109384818585,-4.480318381352516,-4.609743892327375,-0.12942551097485833,-0.12942551097485833,1,1,5,1,"Article reports Citigroup announced a collaboration with Traydstream to offer cloud-based automated document-checking solutions for trade documents (letters of credit, collections) | Reuters reported life insurers drew a record $137.1 billion from FHLBs last year. Insurers such as MetLife, TIAA and others use FHLB borrowings to capture an arbitrage by invest"
BAC,2023-11-01,log_abs_return,1,85.0,target_sector_weighted,shifted_1_day_text,target_event_keyword,-3.0971885862879835,-3.5627330956552896,-5.450011150785214,-5.578963769024143,-0.12895261823892934,-0.12895261823892934,1,1,6,1,"Article 1 reports Bank of America posted Q3 profit of $7.8 billion (90 cents/share) and revenue of $25.32 billion (up 3% YoY), beating analyst expectations. The article attributes  | Article 17 shows Bank of America reduced its reported holding in Woori Financial Group to 135,000 ADR shares, a decline of 19.09% from the prior filing. | U.S. Federal Reserve l"
BAC,2023-11-01,log_abs_return,1,90.0,target_sector_weighted,shifted_1_day_text,target_event_keyword,-3.0971885862879835,-3.371941668411282,-5.450011150785214,-5.578963769024143,-0.12895261823892934,-0.12895261823892934,1,1,6,1,"Article 1 reports Bank of America posted Q3 profit of $7.8 billion (90 cents/share) and revenue of $25.32 billion (up 3% YoY), beating analyst expectations. The article attributes  | Article 17 shows Bank of America reduced its reported holding in Woori Financial Group to 135,000 ADR shares, a decline of 19.09% from the prior filing. | U.S. Federal Reserve l"
BAC,2023-11-01,log_abs_return,1,80.0,target_sector_weighted,shifted_1_day_text,target_event_keyword,-3.0971885862879835,-3.7591263504342325,-5.450011150785214,-5.578963769024143,-0.12895261823892934,-0.12895261823892934,1,1,6,1,"Article 1 reports Bank of America posted Q3 profit of $7.8 billion (90 cents/share) and revenue of $25.32 billion (up 3% YoY), beating analyst expectations. The article attributes  | Article 17 shows Bank of America reduced its reported holding in Woori Financial Group to 135,000 ADR shares, a decline of 19.09% from the prior filing. | U.S. Federal Reserve l"
BAC,2023-11-01,log_abs_return,1,95.0,target_sector_weighted,shifted_1_day_text,target_event_keyword,-3.0971885862879835,-3.129099964488391,-5.450011150785214,-5.578963769024143,-0.12895261823892934,-0.12895261823892934,1,1,6,1,"Article 1 reports Bank of America posted Q3 profit of $7.8 billion (90 cents/share) and revenue of $25.32 billion (up 3% YoY), beating analyst expectations. The article attributes  | Article 17 shows Bank of America reduced its reported holding in Woori Financial Group to 135,000 ADR shares, a decline of 19.09% from the prior filing. | U.S. Federal Reserve l"
BX,2023-10-27,log_abs_return,3,80.0,target_sector_event_weighted,shifted_1_day_text,target_event_keyword,-2.886432375221939,-2.9716980856681894,-3.81299305049289,-3.9406340435230303,-0.12764099303014032,-0.12764099303014032,1,1,6,2,"Article 1 reports Blackstone's board declared a $0.80 quarterly dividend (annualized $3.20) on October 19, 2023; at the then-share price of $92.30 the yield was ~3.47%. The piece a | Article 2 notes Blackstone's third-quarter distributable earnings of $0.94 per share, which missed the Zacks consensus of $0.99 and represented an 11% decline year-over-year. Th"
AMGN,2023-06-22,log_abs_return,3,80.0,target_sector_event_weighted,shifted_1_day_text,target_event_keyword,-3.4680205432527784,-3.5479659852023477,-4.671227402864382,-4.7986743549055095,-0.12744695204112766,-0.12744695204112766,1,1,4,1,"Article 14 reports that the FDA approved Amgen's supplemental BLA for Blincyto to treat adults and pediatric patients with CD19-positive B‑cell precursor acute lymphoblastic leukem | FDA advised Pfizer, Moderna and Novavax to manufacture single‑strain vaccines targeting omicron subvariant XBB.1.5; companies had been developing XBB.1.5 versions and reported p"
ABT,2023-02-17,log_abs_return,3,85.0,target_sector_event_weighted,same_day_text,target_event_keyword,-3.2524054826297477,-3.3599051808170577,-4.641690747776155,-4.76850527510936,-0.12681452733320508,-0.12681452733320508,1,1,6,4,"Reuters reported Abbott received a civil investigative demand from the U.S. Federal Trade Commission in January related to bids for women, infants and children (WIC) formula contra | An article summarized a Science Translational Medicine study showing valproic acid (a component of common anti-seizure medications such as Abbott’s Depakote) can extend donor he"
ABT,2023-02-17,log_abs_return,3,80.0,target_sector_event_weighted,same_day_text,target_event_keyword,-3.2524054826297477,-3.4994281037774635,-4.641690747776155,-4.76850527510936,-0.12681452733320508,-0.12681452733320508,1,1,6,4,"Reuters reported Abbott received a civil investigative demand from the U.S. Federal Trade Commission in January related to bids for women, infants and children (WIC) formula contra | An article summarized a Science Translational Medicine study showing valproic acid (a component of common anti-seizure medications such as Abbott’s Depakote) can extend donor he"
AXP,2023-03-07,log_abs_return,3,80.0,target_sector_weighted,same_day_text,target_event_keyword,-2.8746848574602355,-3.2086208573030905,-4.452876793366976,-4.579438160437557,-0.12656136707058074,-0.12656136707058074,1,1,5,2,"Article 1 (Motley Fool) reports American Express has consistently repurchased stock (shares outstanding down ~32% over the last 10 years), plans to continue buybacks, and has raise | Article 1 details management's strategic push (since ~2017–2018) to expand merchant acceptance and distribution. The piece says merchant distribution in the U.S. and key markets"
AXP,2023-03-07,log_abs_return,3,85.0,target_sector_weighted,same_day_text,target_event_keyword,-2.8746848574602355,-3.0282349885238085,-4.452876793366976,-4.579438160437557,-0.12656136707058074,-0.12656136707058074,1,1,5,2,"Article 1 (Motley Fool) reports American Express has consistently repurchased stock (shares outstanding down ~32% over the last 10 years), plans to continue buybacks, and has raise | Article 1 details management's strategic push (since ~2017–2018) to expand merchant acceptance and distribution. The piece says merchant distribution in the U.S. and key markets"
BAC,2023-09-29,log_abs_return,3,80.0,target_sector_event_weighted,shifted_1_day_text,target_event_keyword,-2.918276264799021,-3.1573167409121754,-4.4311776636917815,-4.556444303820572,-0.12526664012879074,-0.12526664012879074,1,1,6,1,"Reuters reported the U.S. Commodity Futures Trading Commission ordered Bank of America to pay a civil monetary penalty of $8 million as part of a broader enforcement action that al | A Reuters piece on Citigroup’s reorganization quoted Bank of America CEO Brian Moynihan predicting the U.S. economy would achieve a soft landing, citing consumer spending patter"
BAC,2023-09-29,log_abs_return,3,85.0,target_sector_event_weighted,shifted_1_day_text,target_event_keyword,-2.918276264799021,-3.0184210138914183,-4.4311776636917815,-4.556444303820572,-0.12526664012879074,-0.12526664012879074,1,1,6,1,"Reuters reported the U.S. Commodity Futures Trading Commission ordered Bank of America to pay a civil monetary penalty of $8 million as part of a broader enforcement action that al | A Reuters piece on Citigroup’s reorganization quoted Bank of America CEO Brian Moynihan predicting the U.S. economy would achieve a soft landing, citing consumer spending patter"
BAC,2023-10-27,log_abs_return,3,80.0,target_sector_weighted,shifted_1_day_text,target_event_keyword,-3.0425889397492343,-3.1573167409121754,-3.888467102349555,-4.012380163708395,-0.12391306135883973,-0.12391306135883973,1,1,6,2,"Two recent articles present opposite views on BAC: one (Motley Fool) recommends avoiding Bank of America, citing heightened macro risks, rising consumer delinquencies and sizable u | Articles report a higher-rate environment: major banks (JPMorgan, Wells Fargo) saw rising net interest income as yields rose; ETFs that hedge or target rising rates and MBS expo"
AMGN,2023-07-07,log_abs_return,3,80.0,target_sector_event_weighted,shifted_1_day_text,target_event_keyword,-3.4531571713250497,-3.5479659852023477,-4.620702358859918,-4.742431913520767,-0.121729554660849,-0.121729554660849,1,1,5,4,Article 5 reports Amgen is pursuing a $27.8 billion cash acquisition of Horizon Therapeutics but the U.S. Federal Trade Commission is seeking to block the merger. The article notes | Article 5 says Amgen’s Q1 revenue declined ~2% year-over-year to $6.1 billion and that newer approvals (Lumakras and Tezspire) have not yet materially moved financial results. T
ABT,2023-10-10,log_abs_return,3,95.0,target_sector_event_weighted,same_day_text,target_event_keyword,-2.7254438744587075,-2.9122384624195843,-4.6518500460408445,-4.772741691232271,-0.12089164519142681,-0.12089164519142681,1,1,6,2,"Article 3 reports Abbott announced a definitive agreement to acquire Bigfoot Biomedical (after working together since 2017) to combine Abbott’s FreeStyle Libre continuous glucose m | Article 3 projects a further decline in demand for rapid COVID-19 diagnostic tests in Q3, and notes Diagnostics will see organic growth in core lab areas but a drop in rapid-tes"
ABT,2023-10-10,log_abs_return,3,80.0,target_sector_event_weighted,same_day_text,target_event_keyword,-2.7254438744587075,-3.4994281037774635,-4.6518500460408445,-4.772741691232271,-0.12089164519142681,-0.12089164519142681,1,1,6,2,"Article 3 reports Abbott announced a definitive agreement to acquire Bigfoot Biomedical (after working together since 2017) to combine Abbott’s FreeStyle Libre continuous glucose m | Article 3 projects a further decline in demand for rapid COVID-19 diagnostic tests in Q3, and notes Diagnostics will see organic growth in core lab areas but a drop in rapid-tes"
ABT,2023-10-10,log_abs_return,3,85.0,target_sector_event_weighted,same_day_text,target_event_keyword,-2.7254438744587075,-3.3599051808170577,-4.6518500460408445,-4.772741691232271,-0.12089164519142681,-0.12089164519142681,1,1,6,2,"Article 3 reports Abbott announced a definitive agreement to acquire Bigfoot Biomedical (after working together since 2017) to combine Abbott’s FreeStyle Libre continuous glucose m | Article 3 projects a further decline in demand for rapid COVID-19 diagnostic tests in Q3, and notes Diagnostics will see organic growth in core lab areas but a drop in rapid-tes"
ABT,2023-10-10,log_abs_return,3,90.0,target_sector_event_weighted,same_day_text,target_event_keyword,-2.7254438744587075,-3.1630426715353406,-4.6518500460408445,-4.772741691232271,-0.12089164519142681,-0.12089164519142681,1,1,6,2,"Article 3 reports Abbott announced a definitive agreement to acquire Bigfoot Biomedical (after working together since 2017) to combine Abbott’s FreeStyle Libre continuous glucose m | Article 3 projects a further decline in demand for rapid COVID-19 diagnostic tests in Q3, and notes Diagnostics will see organic growth in core lab areas but a drop in rapid-tes"
BAC,2023-11-01,log_abs_return,3,80.0,target_sector_event_weighted,shifted_1_day_text,target_event_keyword,-2.6513299506603762,-3.1573167409121754,-4.218495545325096,-4.338764638567962,-0.12026909324286628,-0.12026909324286628,1,1,6,1,"Article 1 reports Bank of America posted Q3 profit of $7.8 billion (90 cents/share) and revenue of $25.32 billion (up 3% YoY), beating analyst expectations. The article attributes  | Article 17 shows Bank of America reduced its reported holding in Woori Financial Group to 135,000 ADR shares, a decline of 19.09% from the prior filing. | U.S. Federal Reserve l"
BAC,2023-11-01,log_abs_return,3,90.0,target_sector_event_weighted,shifted_1_day_text,target_event_keyword,-2.6513299506603762,-2.827969587366219,-4.218495545325096,-4.338764638567962,-0.12026909324286628,-0.12026909324286628,1,1,6,1,"Article 1 reports Bank of America posted Q3 profit of $7.8 billion (90 cents/share) and revenue of $25.32 billion (up 3% YoY), beating analyst expectations. The article attributes  | Article 17 shows Bank of America reduced its reported holding in Woori Financial Group to 135,000 ADR shares, a decline of 19.09% from the prior filing. | U.S. Federal Reserve l"
BAC,2023-11-01,log_abs_return,3,85.0,target_sector_event_weighted,shifted_1_day_text,target_event_keyword,-2.6513299506603762,-3.0184210138914183,-4.218495545325096,-4.338764638567962,-0.12026909324286628,-0.12026909324286628,1,1,6,1,"Article 1 reports Bank of America posted Q3 profit of $7.8 billion (90 cents/share) and revenue of $25.32 billion (up 3% YoY), beating analyst expectations. The article attributes  | Article 17 shows Bank of America reduced its reported holding in Woori Financial Group to 135,000 ADR shares, a decline of 19.09% from the prior filing. | U.S. Federal Reserve l"
BAC,2023-12-11,log_abs_return,3,95.0,target_sector_event_weighted,shifted_1_day_text,target_event_keyword,-2.349072586846046,-2.542125569965986,-4.574947466329029,-4.694985605001984,-0.12003813867295499,-0.12003813867295499,1,1,6,3,Articles note Bank of America reported revenue and EPS beats in Q3 2023 with net interest yield rising (article 6). Rising interest rates since 2022 boosted banks’ net interest inc | Articles report Bank of America holds sizable unrealized losses on its securities portfolio — cited figures include roughly $131–$132 billion in unrealized security losses/held‑
BAC,2023-12-11,log_abs_return,3,85.0,target_sector_event_weighted,shifted_1_day_text,target_event_keyword,-2.349072586846046,-3.0184210138914183,-4.574947466329029,-4.694985605001984,-0.12003813867295499,-0.12003813867295499,1,1,6,3,Articles note Bank of America reported revenue and EPS beats in Q3 2023 with net interest yield rising (article 6). Rising interest rates since 2022 boosted banks’ net interest inc | Articles report Bank of America holds sizable unrealized losses on its securities portfolio — cited figures include roughly $131–$132 billion in unrealized security losses/held‑
BAC,2023-12-11,log_abs_return,3,80.0,target_sector_event_weighted,shifted_1_day_text,target_event_keyword,-2.349072586846046,-3.1573167409121754,-4.574947466329029,-4.694985605001984,-0.12003813867295499,-0.12003813867295499,1,1,6,3,Articles note Bank of America reported revenue and EPS beats in Q3 2023 with net interest yield rising (article 6). Rising interest rates since 2022 boosted banks’ net interest inc | Articles report Bank of America holds sizable unrealized losses on its securities portfolio — cited figures include roughly $131–$132 billion in unrealized security losses/held‑
BAC,2023-12-11,log_abs_return,3,90.0,target_sector_event_weighted,shifted_1_day_text,target_event_keyword,-2.349072586846046,-2.827969587366219,-4.574947466329029,-4.694985605001984,-0.12003813867295499,-0.12003813867295499,1,1,6,3,Articles note Bank of America reported revenue and EPS beats in Q3 2023 with net interest yield rising (article 6). Rising interest rates since 2022 boosted banks’ net interest inc | Articles report Bank of America holds sizable unrealized losses on its securities portfolio — cited figures include roughly $131–$132 billion in unrealized security losses/held‑
ABT,2023-10-13,log_abs_return,3,90.0,target_sector_weighted,shifted_1_day_text,target_event_keyword,-2.98926544292964,-3.1630426715353406,-4.2447794721502214,-4.358541982822787,-0.11376251067256593,-0.11376251067256593,1,1,6,1,"Zacks report: Abbott (ABT) shares fell about 12.1% over the past month ahead of its Oct. 18, 2023 earnings release. Consensus for Q3/2023: EPS $1.10 (down ~4.35% y/y) and revenue $ | The U.S. Centers for Medicare and Medicaid Services removed a national policy that had limited coverage of beta-amyloid PET brain scans to a once-per-lifetime restriction, expan"
ABT,2023-10-13,log_abs_return,3,80.0,target_sector_weighted,shifted_1_day_text,target_event_keyword,-2.98926544292964,-3.4994281037774635,-4.2447794721502214,-4.358541982822787,-0.11376251067256593,-0.11376251067256593,1,1,6,1,"Zacks report: Abbott (ABT) shares fell about 12.1% over the past month ahead of its Oct. 18, 2023 earnings release. Consensus for Q3/2023: EPS $1.10 (down ~4.35% y/y) and revenue $ | The U.S. Centers for Medicare and Medicaid Services removed a national policy that had limited coverage of beta-amyloid PET brain scans to a once-per-lifetime restriction, expan"
ABT,2023-10-13,log_abs_return,3,85.0,target_sector_weighted,shifted_1_day_text,target_event_keyword,-2.98926544292964,-3.3599051808170577,-4.2447794721502214,-4.358541982822787,-0.11376251067256593,-0.11376251067256593,1,1,6,1,"Zacks report: Abbott (ABT) shares fell about 12.1% over the past month ahead of its Oct. 18, 2023 earnings release. Consensus for Q3/2023: EPS $1.10 (down ~4.35% y/y) and revenue $ | The U.S. Centers for Medicare and Medicaid Services removed a national policy that had limited coverage of beta-amyloid PET brain scans to a once-per-lifetime restriction, expan"
AMD,2023-05-24,log_abs_return,1,80.0,target_sector_weighted,shifted_1_day_text,target_event_keyword,-2.246430917135289,-3.2882544033767758,-5.443726034963236,-5.555015318274612,-0.11128928331137633,-0.11128928331137633,1,1,5,1,"Bloomberg/press coverage reported that Microsoft will work with AMD on a homegrown Microsoft processor for AI workloads, code-named 'Athena,' and will provide financial and enginee | Coverage notes AMD's recent quarterly results were only moderately above consensus and that AMD's current‑quarter revenue guidance ($5.0–$5.6B in the cited piece) was softer tha"
AMD,2023-05-24,log_abs_return,1,85.0,target_sector_weighted,shifted_1_day_text,target_event_keyword,-2.246430917135289,-3.1334976403546837,-5.443726034963236,-5.555015318274612,-0.11128928331137633,-0.11128928331137633,1,1,5,1,"Bloomberg/press coverage reported that Microsoft will work with AMD on a homegrown Microsoft processor for AI workloads, code-named 'Athena,' and will provide financial and enginee | Coverage notes AMD's recent quarterly results were only moderately above consensus and that AMD's current‑quarter revenue guidance ($5.0–$5.6B in the cited piece) was softer tha"
AMD,2023-05-24,log_abs_return,1,95.0,target_sector_weighted,shifted_1_day_text,target_event_keyword,-2.246430917135289,-2.6862575909914783,-5.443726034963236,-5.555015318274612,-0.11128928331137633,-0.11128928331137633,1,1,5,1,"Bloomberg/press coverage reported that Microsoft will work with AMD on a homegrown Microsoft processor for AI workloads, code-named 'Athena,' and will provide financial and enginee | Coverage notes AMD's recent quarterly results were only moderately above consensus and that AMD's current‑quarter revenue guidance ($5.0–$5.6B in the cited piece) was softer tha"
AMD,2023-05-24,log_abs_return,1,90.0,target_sector_weighted,shifted_1_day_text,target_event_keyword,-2.246430917135289,-2.930472296673667,-5.443726034963236,-5.555015318274612,-0.11128928331137633,-0.11128928331137633,1,1,5,1,"Bloomberg/press coverage reported that Microsoft will work with AMD on a homegrown Microsoft processor for AI workloads, code-named 'Athena,' and will provide financial and enginee | Coverage notes AMD's recent quarterly results were only moderately above consensus and that AMD's current‑quarter revenue guidance ($5.0–$5.6B in the cited piece) was softer tha"
C,2023-12-12,log_abs_return,1,80.0,target_sector_weighted,shifted_1_day_text,target_event_keyword,-3.638766403499264,-3.7434251735950372,-6.015411105241381,-6.124763598287665,-0.10935249304628414,-0.10935249304628414,1,1,6,1,"Article 11/12 report that Citigroup 'has commenced the elimination of various job positions' as part of a major organizational overhaul and simplification of its operating model; t | Goldman Sachs is shifting focus to expand its private credit business, appointing new global heads and targeting to double a $110 billion private credit business; Goldman has di"
AXP,2023-03-09,log_abs_return,3,85.0,target_sector_weighted,same_day_text,target_event_keyword,-3.01850754541621,-3.0282349885238085,-4.058553495927784,-4.16777576369717,-0.10922226776938615,-0.10922226776938615,1,1,5,1,American Express' Board authorized repurchases of up to 120 million common shares (replacing ~36M remaining under 2019 program) and approved a $0.08 (15%) quarterly dividend increa | Multiple articles report sharp declines in U.S. bank stocks and distress actions: SVB Financial Group (SIVB) plunged after announcing a $1.25 billion common stock offering and a
AXP,2023-03-09,log_abs_return,3,80.0,target_sector_weighted,same_day_text,target_event_keyword,-3.01850754541621,-3.2086208573030905,-4.058553495927784,-4.16777576369717,-0.10922226776938615,-0.10922226776938615,1,1,5,1,American Express' Board authorized repurchases of up to 120 million common shares (replacing ~36M remaining under 2019 program) and approved a $0.08 (15%) quarterly dividend increa | Multiple articles report sharp declines in U.S. bank stocks and distress actions: SVB Financial Group (SIVB) plunged after announcing a $1.25 billion common stock offering and a
BX,2023-01-09,log_abs_return,3,80.0,target_sector_event_weighted,shifted_1_day_text,target_event_keyword,-2.91680388511145,-2.9716980856681894,-3.69836132092194,-3.807281966154279,-0.10892064523233902,-0.10892064523233902,1,1,4,2,Multiple articles note Blackstone's scale and recent growth: AUM has risen toward ~$950 billion and the firm reportedly grew AUM ~30% year-over-year; fee-related earnings were cite | Coverage highlights Blackstone’s large deployment capacity: one article cites about $182 billion of investor capital (dry powder) available to invest amid market dislocation. | 
AMGN,2023-09-05,log_abs_return,1,85.0,target_sector_event_weighted,shifted_1_day_text,target_event_keyword,-3.9180158910150142,-3.9850435594172993,-6.132819877984866,-6.241331461516327,-0.1085115835314614,-0.1085115835314614,1,1,5,1,"Reuters reported the FTC dropped its opposition and accepted a consent order allowing Amgen’s $27.8 billion takeover of Horizon to proceed under settlement terms. The settlement re | Articles report multiple near-term medical-product developments: Beam Therapeutics dosed the first patient in a phase 1/2 trial of BEAM-201 (T‑cell leukemia), Insmed announced p"
AMGN,2023-09-05,log_abs_return,1,80.0,target_sector_event_weighted,shifted_1_day_text,target_event_keyword,-3.9180158910150142,-4.166675797552926,-6.132819877984866,-6.241331461516327,-0.1085115835314614,-0.1085115835314614,1,1,5,1,"Reuters reported the FTC dropped its opposition and accepted a consent order allowing Amgen’s $27.8 billion takeover of Horizon to proceed under settlement terms. The settlement re | Articles report multiple near-term medical-product developments: Beam Therapeutics dosed the first patient in a phase 1/2 trial of BEAM-201 (T‑cell leukemia), Insmed announced p"
AMGN,2023-08-14,log_abs_return,1,85.0,target_sector_event_weighted,same_day_text,target_event_keyword,-3.956579690165418,-3.9850435594172993,-6.46295408969225,-6.571150529095516,-0.10819643940326618,-0.10819643940326618,1,1,6,4,"Article 1 reports Amgen’s Q2 results: revenue $7.0 billion (up 6% y/y), adjusted EPS $5.00 (above $4.46 consensus), adjusted operating margin ~52.6% (down ~50 bps) and higher R&D s | Article 1 describes Amgen’s planned ~$28 billion acquisition of Horizon Therapeutics (expected to close toward year‑end) and notes Horizon’s fast‑growing drugs Tepezza and Kryst"
AMGN,2023-08-14,log_abs_return,1,80.0,target_sector_event_weighted,same_day_text,target_event_keyword,-3.956579690165418,-4.166675797552926,-6.46295408969225,-6.571150529095516,-0.10819643940326618,-0.10819643940326618,1,1,6,4,"Article 1 reports Amgen’s Q2 results: revenue $7.0 billion (up 6% y/y), adjusted EPS $5.00 (above $4.46 consensus), adjusted operating margin ~52.6% (down ~50 bps) and higher R&D s | Article 1 describes Amgen’s planned ~$28 billion acquisition of Horizon Therapeutics (expected to close toward year‑end) and notes Horizon’s fast‑growing drugs Tepezza and Kryst"
BAC,2023-10-19,log_abs_return,1,80.0,target_sector_event_weighted,shifted_1_day_text,target_event_keyword,-3.7129612181768157,-3.7591263504342325,-4.098384098151211,-4.20262776156969,-0.10424366341847868,-0.10424366341847868,1,1,6,1,"Article 25 reports Bank of America's Board declared a regular quarterly cash dividend of $0.24 per share, payable on December 29, 2023 to shareholders of record as of December 1, 2 | Articles report rising U.S. Treasury yields (10-year yield ~4.95–4.97% on Oct. 19) and Federal Reserve Chair Powell saying the FOMC might raise the policy rate if growth/labor-m"
BAC,2023-07-17,log_abs_return,1,80.0,target_sector_weighted,shifted_1_day_text,target_event_keyword,-3.1403422682683755,-3.7591263504342325,-5.537018894191267,-5.640461142292112,-0.10344224810084501,-0.10344224810084501,1,1,5,2,"Zacks reports (Article 7) that Bank of America's markets/trading business was a weak spot in Q2 2023: market volatility and client activity were muted (partly due to Congressional  | Earnings calendars (Articles 9 and 11) show BAC scheduled to report Q2 2023 results on July 18, with a consensus EPS estimate around $0.84 (11 analysts cited), implying roughly "
BAC,2023-07-17,log_abs_return,1,90.0,target_sector_weighted,shifted_1_day_text,target_event_keyword,-3.1403422682683755,-3.371941668411282,-5.537018894191267,-5.640461142292112,-0.10344224810084501,-0.10344224810084501,1,1,5,2,"Zacks reports (Article 7) that Bank of America's markets/trading business was a weak spot in Q2 2023: market volatility and client activity were muted (partly due to Congressional  | Earnings calendars (Articles 9 and 11) show BAC scheduled to report Q2 2023 results on July 18, with a consensus EPS estimate around $0.84 (11 analysts cited), implying roughly "
BAC,2023-07-17,log_abs_return,1,85.0,target_sector_weighted,shifted_1_day_text,target_event_keyword,-3.1403422682683755,-3.5627330956552896,-5.537018894191267,-5.640461142292112,-0.10344224810084501,-0.10344224810084501,1,1,5,2,"Zacks reports (Article 7) that Bank of America's markets/trading business was a weak spot in Q2 2023: market volatility and client activity were muted (partly due to Congressional  | Earnings calendars (Articles 9 and 11) show BAC scheduled to report Q2 2023 results on July 18, with a consensus EPS estimate around $0.84 (11 analysts cited), implying roughly "
AXP,2023-01-04,log_abs_return,1,80.0,target_sector_event_weighted,shifted_1_day_text,target_event_keyword,-3.7205341660718596,-3.7262468742768147,-5.644289336612132,-5.744327763737197,-0.10003842712506561,-0.10003842712506561,1,1,6,2,"Articles note American Express is pursuing multiple growth initiatives: expanding digitized services and new product features, acquiring fintech Kabbage (small-business banking exp | Coverage cites management expectations that American Express revenues will increase ~23–25% for the year and a long-term target of more than 10% annual growth; analysts referenc"
BAC,2023-11-01,log_abs_return,1,95.0,target_sector_event_weighted,shifted_1_day_text,target_event_keyword,-3.0971885862879835,-3.129099964488391,-5.450011150785214,-5.549306578954501,-0.09929542816928727,-0.09929542816928727,1,1,6,1,"Article 1 reports Bank of America posted Q3 profit of $7.8 billion (90 cents/share) and revenue of $25.32 billion (up 3% YoY), beating analyst expectations. The article attributes  | Article 17 shows Bank of America reduced its reported holding in Woori Financial Group to 135,000 ADR shares, a decline of 19.09% from the prior filing. | U.S. Federal Reserve l"
BAC,2023-11-01,log_abs_return,1,90.0,target_sector_event_weighted,shifted_1_day_text,target_event_keyword,-3.0971885862879835,-3.371941668411282,-5.450011150785214,-5.549306578954501,-0.09929542816928727,-0.09929542816928727,1,1,6,1,"Article 1 reports Bank of America posted Q3 profit of $7.8 billion (90 cents/share) and revenue of $25.32 billion (up 3% YoY), beating analyst expectations. The article attributes  | Article 17 shows Bank of America reduced its reported holding in Woori Financial Group to 135,000 ADR shares, a decline of 19.09% from the prior filing. | U.S. Federal Reserve l"
BAC,2023-11-01,log_abs_return,1,85.0,target_sector_event_weighted,shifted_1_day_text,target_event_keyword,-3.0971885862879835,-3.5627330956552896,-5.450011150785214,-5.549306578954501,-0.09929542816928727,-0.09929542816928727,1,1,6,1,"Article 1 reports Bank of America posted Q3 profit of $7.8 billion (90 cents/share) and revenue of $25.32 billion (up 3% YoY), beating analyst expectations. The article attributes  | Article 17 shows Bank of America reduced its reported holding in Woori Financial Group to 135,000 ADR shares, a decline of 19.09% from the prior filing. | U.S. Federal Reserve l"
BAC,2023-11-01,log_abs_return,1,80.0,target_sector_event_weighted,shifted_1_day_text,target_event_keyword,-3.0971885862879835,-3.7591263504342325,-5.450011150785214,-5.549306578954501,-0.09929542816928727,-0.09929542816928727,1,1,6,1,"Article 1 reports Bank of America posted Q3 profit of $7.8 billion (90 cents/share) and revenue of $25.32 billion (up 3% YoY), beating analyst expectations. The article attributes  | Article 17 shows Bank of America reduced its reported holding in Woori Financial Group to 135,000 ADR shares, a decline of 19.09% from the prior filing. | U.S. Federal Reserve l"
BAC,2023-10-31,log_abs_return,3,90.0,target_sector_event_weighted,shifted_1_day_text,target_event_keyword,-2.576963623719232,-2.827969587366219,-4.385183347873193,-4.484059941326353,-0.09887659345316013,-0.09887659345316013,1,1,6,1,Article 1 reports BAC's third-quarter results beat expectations: total revenue $25.2B (+3% YoY) and diluted EPS $0.90 (+11% YoY). The piece also notes strong net interest income gr | Article 1 states the firm's provision for credit losses rose 33% year-over-year to $1.2B and third-quarter net charge-off rate increased to 0.35% from 0.20% a year earlier. | Ar
BAC,2023-10-31,log_abs_return,3,85.0,target_sector_event_weighted,shifted_1_day_text,target_event_keyword,-2.576963623719232,-3.0184210138914183,-4.385183347873193,-4.484059941326353,-0.09887659345316013,-0.09887659345316013,1,1,6,1,Article 1 reports BAC's third-quarter results beat expectations: total revenue $25.2B (+3% YoY) and diluted EPS $0.90 (+11% YoY). The piece also notes strong net interest income gr | Article 1 states the firm's provision for credit losses rose 33% year-over-year to $1.2B and third-quarter net charge-off rate increased to 0.35% from 0.20% a year earlier. | Ar
BAC,2023-10-31,log_abs_return,3,80.0,target_sector_event_weighted,shifted_1_day_text,target_event_keyword,-2.576963623719232,-3.1573167409121754,-4.385183347873193,-4.484059941326353,-0.09887659345316013,-0.09887659345316013,1,1,6,1,Article 1 reports BAC's third-quarter results beat expectations: total revenue $25.2B (+3% YoY) and diluted EPS $0.90 (+11% YoY). The piece also notes strong net interest income gr | Article 1 states the firm's provision for credit losses rose 33% year-over-year to $1.2B and third-quarter net charge-off rate increased to 0.35% from 0.20% a year earlier. | Ar
BAC,2023-01-13,log_abs_return,3,80.0,target_sector_event_weighted,shifted_1_day_text,target_event_keyword,-3.1279663104053217,-3.1573167409121754,-3.9725345412962136,-4.069603424978749,-0.0970688836825353,-0.0970688836825353,1,1,5,1,"BofA reported Q4 2022 earnings beat (EPS $0.85 vs. est. $0.76). Quarterly NII (FTE) rose ~28.6% year-over-year to $14.8 billion; loan balances increased ~6.9% YoY. Sales and tradin | BofA’s investment banking fees fell sharply in Q4 (IB fees $1.1 billion, down 54.4% YoY; advisory fees down 42.8%). Non‑interest income declined ~7.5% to $9.9 billion. Non‑inter"
AMD,2023-10-31,log_abs_return,1,95.0,target_sector_event_weighted,shifted_1_day_text,target_event_keyword,-2.3811415224952293,-2.6862575909914783,-4.359229626949047,-4.456241784348519,-0.09701215739947155,-0.09701215739947155,1,1,4,2,"AMD reported Q3 results and on Oct. 31 forecast fourth-quarter revenue of about $6.1 billion +/- $300 million, below consensus estimates; shares fell after the announcement. Articl | Articles report AMD plans to launch and ramp its most advanced AI chips in Q4 and that demand for programmable chips (Xilinx-derived products) has slowed in some industries (e.g"
AMD,2023-10-31,log_abs_return,1,85.0,target_sector_event_weighted,shifted_1_day_text,target_event_keyword,-2.3811415224952293,-3.1334976403546837,-4.359229626949047,-4.456241784348519,-0.09701215739947155,-0.09701215739947155,1,1,4,2,"AMD reported Q3 results and on Oct. 31 forecast fourth-quarter revenue of about $6.1 billion +/- $300 million, below consensus estimates; shares fell after the announcement. Articl | Articles report AMD plans to launch and ramp its most advanced AI chips in Q4 and that demand for programmable chips (Xilinx-derived products) has slowed in some industries (e.g"
AMD,2023-10-31,log_abs_return,1,80.0,target_sector_event_weighted,shifted_1_day_text,target_event_keyword,-2.3811415224952293,-3.2882544033767758,-4.359229626949047,-4.456241784348519,-0.09701215739947155,-0.09701215739947155,1,1,4,2,"AMD reported Q3 results and on Oct. 31 forecast fourth-quarter revenue of about $6.1 billion +/- $300 million, below consensus estimates; shares fell after the announcement. Articl | Articles report AMD plans to launch and ramp its most advanced AI chips in Q4 and that demand for programmable chips (Xilinx-derived products) has slowed in some industries (e.g"
AMD,2023-10-31,log_abs_return,1,90.0,target_sector_event_weighted,shifted_1_day_text,target_event_keyword,-2.3811415224952293,-2.930472296673667,-4.359229626949047,-4.456241784348519,-0.09701215739947155,-0.09701215739947155,1,1,4,2,"AMD reported Q3 results and on Oct. 31 forecast fourth-quarter revenue of about $6.1 billion +/- $300 million, below consensus estimates; shares fell after the announcement. Articl | Articles report AMD plans to launch and ramp its most advanced AI chips in Q4 and that demand for programmable chips (Xilinx-derived products) has slowed in some industries (e.g"
C,2023-03-08,log_abs_return,3,95.0,target_sector_event_weighted,shifted_1_day_text,target_event_keyword,-2.082137564278415,-2.4369644573355598,-4.229784760797624,-4.32653203006759,-0.09674726926996513,-0.09674726926996513,1,1,4,1,"Reuters (Articles 11 and 12) report Citigroup CFO Mark Mason said the bank will adjust its investment banking headcount as necessary following a recent drought in dealmaking. The c | Articles report persistent inflation (CPI +0.5% in Jan), Fed Chair Jerome Powell warning rate hikes may continue and markets pricing higher terminal rates (CME FedWatch moved to"
C,2023-03-08,log_abs_return,3,80.0,target_sector_event_weighted,shifted_1_day_text,target_event_keyword,-2.082137564278415,-3.146109384818585,-4.229784760797624,-4.32653203006759,-0.09674726926996513,-0.09674726926996513,1,1,4,1,"Reuters (Articles 11 and 12) report Citigroup CFO Mark Mason said the bank will adjust its investment banking headcount as necessary following a recent drought in dealmaking. The c | Articles report persistent inflation (CPI +0.5% in Jan), Fed Chair Jerome Powell warning rate hikes may continue and markets pricing higher terminal rates (CME FedWatch moved to"
C,2023-03-08,log_abs_return,3,85.0,target_sector_event_weighted,shifted_1_day_text,target_event_keyword,-2.082137564278415,-3.0020954870797367,-4.229784760797624,-4.32653203006759,-0.09674726926996513,-0.09674726926996513,1,1,4,1,"Reuters (Articles 11 and 12) report Citigroup CFO Mark Mason said the bank will adjust its investment banking headcount as necessary following a recent drought in dealmaking. The c | Articles report persistent inflation (CPI +0.5% in Jan), Fed Chair Jerome Powell warning rate hikes may continue and markets pricing higher terminal rates (CME FedWatch moved to"
C,2023-03-08,log_abs_return,3,90.0,target_sector_event_weighted,shifted_1_day_text,target_event_keyword,-2.082137564278415,-2.8480943031412567,-4.229784760797624,-4.32653203006759,-0.09674726926996513,-0.09674726926996513,1,1,4,1,"Reuters (Articles 11 and 12) report Citigroup CFO Mark Mason said the bank will adjust its investment banking headcount as necessary following a recent drought in dealmaking. The c | Articles report persistent inflation (CPI +0.5% in Jan), Fed Chair Jerome Powell warning rate hikes may continue and markets pricing higher terminal rates (CME FedWatch moved to"
C,2023-12-05,log_abs_return,3,80.0,target_sector_event_weighted,shifted_1_day_text,target_event_keyword,-3.0828470586685044,-3.146109384818585,-4.480318381352516,-4.576278184361497,-0.09595980300898077,-0.09595980300898077,1,1,5,1,"Article reports Citigroup announced a collaboration with Traydstream to offer cloud-based automated document-checking solutions for trade documents (letters of credit, collections) | Reuters reported life insurers drew a record $137.1 billion from FHLBs last year. Insurers such as MetLife, TIAA and others use FHLB borrowings to capture an arbitrage by invest"
AXP,2023-12-11,log_abs_return,3,80.0,target_sector_event_weighted,shifted_1_day_text,target_event_keyword,-2.8080744942563736,-3.2086208573030905,-4.509043778636906,-4.604133182834081,-0.09508940419717504,-0.09508940419717504,1,1,6,2,Articles report American Express’s latest quarterly results (Q3 2023) showing revenue of ~$15.4 billion and EPS of $3.30 (34% YoY EPS growth). Coverage also cites consensus forward | Coverage highlights American Express’s card-member spending growth (7% YoY overall; U.S. consumer ~9% YoY; International Card Services +15%) and outsized growth in Millennials/G
AXP,2023-12-11,log_abs_return,3,85.0,target_sector_event_weighted,shifted_1_day_text,target_event_keyword,-2.8080744942563736,-3.0282349885238085,-4.509043778636906,-4.604133182834081,-0.09508940419717504,-0.09508940419717504,1,1,6,2,Articles report American Express’s latest quarterly results (Q3 2023) showing revenue of ~$15.4 billion and EPS of $3.30 (34% YoY EPS growth). Coverage also cites consensus forward | Coverage highlights American Express’s card-member spending growth (7% YoY overall; U.S. consumer ~9% YoY; International Card Services +15%) and outsized growth in Millennials/G
BAC,2023-12-11,log_abs_return,3,90.0,target_sector_weighted,shifted_1_day_text,target_event_keyword,-2.349072586846046,-2.827969587366219,-4.574947466329029,-4.668029530653545,-0.09308206432451627,-0.09308206432451627,1,1,6,3,Articles note Bank of America reported revenue and EPS beats in Q3 2023 with net interest yield rising (article 6). Rising interest rates since 2022 boosted banks’ net interest inc | Articles report Bank of America holds sizable unrealized losses on its securities portfolio — cited figures include roughly $131–$132 billion in unrealized security losses/held‑
BAC,2023-12-11,log_abs_return,3,85.0,target_sector_weighted,shifted_1_day_text,target_event_keyword,-2.349072586846046,-3.0184210138914183,-4.574947466329029,-4.668029530653545,-0.09308206432451627,-0.09308206432451627,1,1,6,3,Articles note Bank of America reported revenue and EPS beats in Q3 2023 with net interest yield rising (article 6). Rising interest rates since 2022 boosted banks’ net interest inc | Articles report Bank of America holds sizable unrealized losses on its securities portfolio — cited figures include roughly $131–$132 billion in unrealized security losses/held‑
BAC,2023-12-11,log_abs_return,3,80.0,target_sector_weighted,shifted_1_day_text,target_event_keyword,-2.349072586846046,-3.1573167409121754,-4.574947466329029,-4.668029530653545,-0.09308206432451627,-0.09308206432451627,1,1,6,3,Articles note Bank of America reported revenue and EPS beats in Q3 2023 with net interest yield rising (article 6). Rising interest rates since 2022 boosted banks’ net interest inc | Articles report Bank of America holds sizable unrealized losses on its securities portfolio — cited figures include roughly $131–$132 billion in unrealized security losses/held‑
BAC,2023-12-11,log_abs_return,3,95.0,target_sector_weighted,shifted_1_day_text,target_event_keyword,-2.349072586846046,-2.542125569965986,-4.574947466329029,-4.668029530653545,-0.09308206432451627,-0.09308206432451627,1,1,6,3,Articles note Bank of America reported revenue and EPS beats in Q3 2023 with net interest yield rising (article 6). Rising interest rates since 2022 boosted banks’ net interest inc | Articles report Bank of America holds sizable unrealized losses on its securities portfolio — cited figures include roughly $131–$132 billion in unrealized security losses/held‑
ABT,2023-11-08,log_gk,3,80.0,target_sector_weighted,shifted_1_day_text,target_event_keyword,-4.097129064085085,-4.155305202290246,-4.4771493897018955,-4.5698826989272785,-0.09273330922538303,-0.09273330922538303,1,1,6,1,"Multiple peer-coverage articles referenced Abbott’s third-quarter 2023 performance: Abbott reported adjusted EPS of $1.14 and revenues of ~$10.14 billion, beating consensus estimat | Articles report several healthcare-focused ETFs and recent flows/performance: Invesco Biotechnology & Genome ETF (PBE) launched 06/23/2005, holds ~100% healthcare/biotech exposu"
BX,2023-04-20,log_abs_return,1,80.0,target_sector_weighted,shifted_1_day_text,target_event_keyword,-3.595148020070018,-3.603469438988649,-5.476867499157137,-5.568838792775997,-0.09197129361885992,-0.09197129361885992,1,1,5,1,"Article 1 reports Blackstone's Q1 2023 results: revenue $2.49B (down 29% YoY), EPS $0.97. Fee‑earning AUM by segment: Private Equity $165.3B (below analyst est.), Real Estate $287. | Multiple articles report that the largest U.S. banks (JPMorgan, Bank of America, Citigroup, Goldman Sachs, Morgan Stanley, Wells Fargo) posted generally solid Q1 results with ri"
ABT,2023-11-15,log_abs_return,3,80.0,target_sector_event_weighted,shifted_1_day_text,target_event_keyword,-3.4379299565554975,-3.4994281037774635,-4.557542112421928,-4.64905504860568,-0.09151293618375167,-0.09151293618375167,1,1,5,1,"Article (Alcon coverage) cites Abbott reported adjusted EPS of $1.14 and revenues of $10.14 billion for third-quarter 2023, beating consensus estimates and showing underlying growt | Arcellx and Gilead unit Kite agreed to expand an existing collaboration (Articles 1 & 6). Arcturus Therapeutics reported narrower Q3 net losses and saw substantial share gains; "
C,2023-03-13,log_abs_return,1,90.0,target_sector_weighted,same_day_text,target_event_keyword,-2.851553175127773,-3.37895328487301,-3.2386860760786456,-3.3295731392817474,-0.0908870632031018,-0.0908870632031018,1,1,6,2,Articles note Citigroup’s ongoing transformation under CEO Jane Fraser: plans to sell international consumer‑banking franchises and refocus on higher‑return areas such as investmen | Articles report Citigroup has announced job cuts and cited investments in transformation and control initiatives; management commentary referenced the expectation that these pro
C,2023-03-13,log_abs_return,1,95.0,target_sector_weighted,same_day_text,target_event_keyword,-2.851553175127773,-3.000200546453113,-3.2386860760786456,-3.3295731392817474,-0.0908870632031018,-0.0908870632031018,1,1,6,2,Articles note Citigroup’s ongoing transformation under CEO Jane Fraser: plans to sell international consumer‑banking franchises and refocus on higher‑return areas such as investmen | Articles report Citigroup has announced job cuts and cited investments in transformation and control initiatives; management commentary referenced the expectation that these pro
C,2023-03-13,log_abs_return,1,85.0,target_sector_weighted,same_day_text,target_event_keyword,-2.851553175127773,-3.570739842936126,-3.2386860760786456,-3.3295731392817474,-0.0908870632031018,-0.0908870632031018,1,1,6,2,Articles note Citigroup’s ongoing transformation under CEO Jane Fraser: plans to sell international consumer‑banking franchises and refocus on higher‑return areas such as investmen | Articles report Citigroup has announced job cuts and cited investments in transformation and control initiatives; management commentary referenced the expectation that these pro
C,2023-03-13,log_abs_return,1,80.0,target_sector_weighted,same_day_text,target_event_keyword,-2.851553175127773,-3.7434251735950372,-3.2386860760786456,-3.3295731392817474,-0.0908870632031018,-0.0908870632031018,1,1,6,2,Articles note Citigroup’s ongoing transformation under CEO Jane Fraser: plans to sell international consumer‑banking franchises and refocus on higher‑return areas such as investmen | Articles report Citigroup has announced job cuts and cited investments in transformation and control initiatives; management commentary referenced the expectation that these pro
ABT,2023-06-21,log_abs_return,1,80.0,target_sector_event_weighted,shifted_1_day_text,target_event_keyword,-3.9819879080288345,-4.013893356841336,-6.284377481126343,-6.372880628485252,-0.08850314735890841,-0.08850314735890841,1,1,4,1,"Surmodics announced FDA approval for its SurVeil DCB to treat peripheral artery disease and confirmed a commercialization agreement with Abbott: Surmodics will manufacture and supp | Multiple Validea model articles (Martin Zweig, Peter Lynch, Warren Buffett, Benjamin Graham) highlighted top-rated U.S. health-care stocks and investment screens (Articles 1,2,3"
AMD,2023-11-09,log_abs_return,1,80.0,target_sector_weighted,shifted_1_day_text,target_event_keyword,-3.124533690575478,-3.2882544033767758,-5.115799661563943,-5.203514307941287,-0.08771464637734372,-0.08771464637734372,1,1,5,1,Investor coverage and analysis in the articles highlight AMD's technical competitiveness vs. Nvidia: an InvestorPlace piece (Article 13) cites a MosaicML test indicating AMD’s chip | Article 21 (Pre‑Market Most Active) lists AMD among most active pre‑market names and reports three upward revisions to AMD’s earnings forecasts over the prior four weeks for the
AMD,2023-11-09,log_abs_return,1,85.0,target_sector_weighted,shifted_1_day_text,target_event_keyword,-3.124533690575478,-3.1334976403546837,-5.115799661563943,-5.203514307941287,-0.08771464637734372,-0.08771464637734372,1,1,5,1,Investor coverage and analysis in the articles highlight AMD's technical competitiveness vs. Nvidia: an InvestorPlace piece (Article 13) cites a MosaicML test indicating AMD’s chip | Article 21 (Pre‑Market Most Active) lists AMD among most active pre‑market names and reports three upward revisions to AMD’s earnings forecasts over the prior four weeks for the
ABT,2023-06-12,log_abs_return,3,85.0,target_sector_weighted,same_day_text,target_event_keyword,-3.3501945134481685,-3.3599051808170577,-4.717397224761602,-4.8037616913781065,-0.08636446661650421,-0.08636446661650421,1,1,6,2,"Article 1 reports Abbott’s Q1 2023 organic sales (excluding COVID testing) rose ~10% overall. Established Pharmaceuticals (EPD) sales increased ~11% led by Brazil, China and Southe | An FDA advisory committee supported approval of Biogen/Eisai's Leqembi for Alzheimer's (Articles 12, 13, 14). Interim Phase 1/2 data from Intellia's NTLA-2002 showed a 95% mean "
ABT,2023-06-12,log_abs_return,3,80.0,target_sector_weighted,same_day_text,target_event_keyword,-3.3501945134481685,-3.4994281037774635,-4.717397224761602,-4.8037616913781065,-0.08636446661650421,-0.08636446661650421,1,1,6,2,"Article 1 reports Abbott’s Q1 2023 organic sales (excluding COVID testing) rose ~10% overall. Established Pharmaceuticals (EPD) sales increased ~11% led by Brazil, China and Southe | An FDA advisory committee supported approval of Biogen/Eisai's Leqembi for Alzheimer's (Articles 12, 13, 14). Interim Phase 1/2 data from Intellia's NTLA-2002 showed a 95% mean "
AMGN,2023-06-01,log_abs_return,3,80.0,target_sector_weighted,same_day_text,target_event_keyword,-3.444493501824825,-3.5479659852023477,-4.206700458272696,-4.292944598992508,-0.08624414071981246,-0.08624414071981246,1,1,5,1,Articles note Amgen launched the first U.S. Humira biosimilar (Amjevita) earlier this year and that Enbrel remains a material product (cited as ~15.6% of 2022 sales in one article) | Centers for Medicare & Medicaid Services said Medicare will broaden coverage for new Alzheimer's drugs such as Eisai and Biogen's Leqembi if they gain full FDA approval; broader
AXP,2023-01-24,log_abs_return,3,85.0,target_sector_weighted,shifted_1_day_text,target_event_keyword,-2.2658374592934836,-3.0282349885238085,-4.071847574823736,-4.1577753255578545,-0.08592775073411829,-0.08592775073411829,1,1,5,2,"Article 2 reports American Express (AXP) scheduled to post Q4 2022 results (Jan 27). Analysts expect revenue growth (Zacks consensus $14.3B, ~17% y/y) driven by higher cardmember s | SPDR S&P 500 ETF Trust (SPY) marked its 30th anniversary and the ETF industry was noted with about $6.5 trillion in U.S.-listed ETF assets; SPY remains the most liquid equity se"
AXP,2023-01-24,log_abs_return,3,90.0,target_sector_weighted,shifted_1_day_text,target_event_keyword,-2.2658374592934836,-2.799226121488444,-4.071847574823736,-4.1577753255578545,-0.08592775073411829,-0.08592775073411829,1,1,5,2,"Article 2 reports American Express (AXP) scheduled to post Q4 2022 results (Jan 27). Analysts expect revenue growth (Zacks consensus $14.3B, ~17% y/y) driven by higher cardmember s | SPDR S&P 500 ETF Trust (SPY) marked its 30th anniversary and the ETF industry was noted with about $6.5 trillion in U.S.-listed ETF assets; SPY remains the most liquid equity se"
AXP,2023-01-24,log_abs_return,3,95.0,target_sector_weighted,shifted_1_day_text,target_event_keyword,-2.2658374592934836,-2.4583317957701065,-4.071847574823736,-4.1577753255578545,-0.08592775073411829,-0.08592775073411829,1,1,5,2,"Article 2 reports American Express (AXP) scheduled to post Q4 2022 results (Jan 27). Analysts expect revenue growth (Zacks consensus $14.3B, ~17% y/y) driven by higher cardmember s | SPDR S&P 500 ETF Trust (SPY) marked its 30th anniversary and the ETF industry was noted with about $6.5 trillion in U.S.-listed ETF assets; SPY remains the most liquid equity se"
AXP,2023-01-24,log_abs_return,3,80.0,target_sector_weighted,shifted_1_day_text,target_event_keyword,-2.2658374592934836,-3.2086208573030905,-4.071847574823736,-4.1577753255578545,-0.08592775073411829,-0.08592775073411829,1,1,5,2,"Article 2 reports American Express (AXP) scheduled to post Q4 2022 results (Jan 27). Analysts expect revenue growth (Zacks consensus $14.3B, ~17% y/y) driven by higher cardmember s | SPDR S&P 500 ETF Trust (SPY) marked its 30th anniversary and the ETF industry was noted with about $6.5 trillion in U.S.-listed ETF assets; SPY remains the most liquid equity se"
